:020000040800F2
:10000000C007032409040008A92D0108E1FE000827
:10001000B12C010881150008F1B8010800000000AA
:100020000000000000000000000000005143010833
:10003000692C000800000000313A0108F946010867
:1000400027040008270400082704000827040008E4
:1000500027040008270400082704000827040008D4
:10006000270400082704000827040008E91C0008EA
:10007000F91C0008091D0008191D0008291D0008A9
:10008000270400082704000827040008312E000870
:10009000512E0008412E0008612E00082704000898
:1000A0002704000827040008270400082704000884
:1000B00071490108270400082704000827040008E4
:1000C0002704000827040008270400082704000864
:1000D00061410108797B0108897B01082704000838
:1000E00027040008270400080000000081490108D7
:1000F000270400082704000827040008391D000809
:100100002704000827040008270400082704000823
:1001100027040008116801082704000827040008C4
:10012000491D00082704000827040008591D00087D
:10013000691D000827040008270400082704000898
:1001400000000000000000000000000000000000AF
:1001500027040008270400082704000827040008D3
:1001600027040008270400082704000827040008C3
:1001700027040008D132010827040008000000000D
:1001800027040008270400082704000827040008A3
:100190002704000827040008270400082704000893
:1001A00027040008270400082704000800000000B6
:1001B0002704000827040008270400082704000873
:1001C00027040008270400080000000000000000C9
:1001D00000000000000000002704000800000000EC
:1001E000000000000000000000000000000000000F
:1001F0000000000000000000270400082704000899
:100200002704000827040008000000002704000855
:100210002704000827040008270400082704000812
:100220002704000800000000270400080000000068
:100230002704000827040008000000002704000825
:1002400027040008270400082704000827040008E2
:1002500027040008270400082704000827040008D2
:1002600027040008270400082704000827040008C2
:1002700027040008270400082704000800000000E5
:1002800027040008270400082704000827040008A2
:1002900000000000270400082704000800000000F8
:1002A00000000000270400082704000827040008B5
:1002B000270400082704000827040008712E0008FE
:1002C000812E0008270400082704000800F002F827
:1002D00000F08BF814A696E8000CB244B344DA455B
:1002E00001D100F082F8BAE80F000FA696E83000BE
:1002F000A5EB040504EB0607AAEB0704A7F1010729
:100300004FEA15154FEA3414A4F10104AC4201D3AD
:1003100000F06BF813F0010F18BFFB1A43F0010354
:1003200000F001F8DBE7184738710200787102002D
:100330000A444FF0000C10F8013B13F0070408BF0B
:1003400010F8014B1D1108BF10F8015B641E05D0A9
:1003500010F8016B641E01F8016BF9D113F0080F5E
:100360001EBF10F8014BAD1C0C1B09D16D1E58BFF0
:1003700001F801CBFAD505E014F8016B01F8016B27
:100380006D1EF9D59142D6D370470000103A24BFB4
:1003900078C878C1FAD8520724BF30C830C144BFEA
:1003A00004680C60704700007047000000230024C0
:1003B00000250026103A28BF78C1FBD8520728BF75
:1003C00030C148BF0B6070471FB525F0BEFE9DE8E9
:1003D000030000F041FA00F007FB00F009FA1FBD2E
:1003E00010B5002000F0CEFA10BD00F012FB11464F
:1003F000FFF7EAFF22F074FF00F030FB03B4FFF7D1
:10040000EFFF03BC00F0FEFA0A4880470A48804725
:100410000A480047FEE7FEE7FEE7FEE7FEE7FEE7E5
:10042000FEE7FEE7FEE7FEE705480649064A074BFA
:1004300070470000092E000809480108CD02000895
:10044000C0EF0224C0070324C0F70224C0F702242F
:1004500070B5064600F0E4F9056806F10B0020F0DF
:100460000704B4429CBF002070BD2B466A68BAB135
:100470001068A04210D304F1080188423CBF5068C4
:10048000586007D35168101941601168091B016059
:1004900058601460101D70BD13465268002AE7D1E1
:1004A0002146284600F0C4F90028DED170BD70B5A1
:1004B0000446051F00F0B4F90068002C14BF44681E
:1004C00070BD002C18BFAC423CBF20466468F8D316
:1004D00001680A18AA4218BF456003D12A68054678
:1004E0001144016028684119A1421CBF6C6070BDB5
:1004F0006168696021680844286070BD53EA020C95
:1005000000F069802DE9F04B4FF00006002B1FBF73
:10051000B3FA83F503FA05F424FA05F65E4012BF38
:100520001643B2FA82F502FA05F4C5F120051EBFA2
:1005300022FA05FC44EA0C04203556EA044C4FEA42
:10054000144418BF641C4FF000084FF0000990429B
:1005500071EB030C39D3002919BFB1FA81F701FA05
:1005600007F6B0FA80F700FA07F6C7F120071EBFBA
:1005700020FA07FC46EA0C062037B6FBF4FCA7EB92
:100580000507103F07F01F0BCBF120062CFA06F6EB
:100590000CFA0BFB44BFB3460026202FA4BF5E46D7
:1005A0004FF0000B5BEA060C08BF4FF0010B19EB94
:1005B0000B0948EB0608ABFB027C06FB02CC0BFBED
:1005C00003CCC01B71EB0C01C1E70B460246414650
:1005D0004846BDE8F08B13B5084318BF4FF0FF3015
:1005E0000146AFF30080BDE81C40704753EA020C9F
:1005F00023D010B54C1084EA530404D54042C1F115
:10060000000138BF491E1B4204D55242C3F100030A
:1006100038BF5B1EFFF772FF14F0804F04D04042DA
:10062000C1F1000138BF491E14F0004F04D05242FE
:10063000C3F1000338BF5B1E10BD13B540424FF03D
:10064000000070EB0104B8BF012001F00041002858
:100650001CBF6FF000414FF0FF30AFF300801CBDB6
:100660000B460146184600F037B9032A40F23080A5
:1006700010F0030C00F0158011F8013BBCF1020FE3
:10068000624498BF11F801CB00F8013B38BF11F864
:10069000013BA2F1040298BF00F801CB38BF00F87B
:1006A000013B11F0030300F02580083AC0F00880F8
:1006B00051F8043B083A51F804CBA0E80810F5E7DC
:1006C000121D5CBF51F8043B40F8043BAFF30080BF
:1006D000D20724BF11F8013B11F801CB48BF11F834
:1006E000012B24BF00F8013B00F801CB48BF00F804
:1006F000012B704710B5203AC0F00B80B1E81850BC
:10070000A0E81850B1E81850A0E81850203ABFF4FB
:10071000F5AF5FEA027C24BFB1E81850A0E818509A
:1007200044BF18C918C0BDE810405FEA827C24BFEE
:1007300051F8043B40F8043B08BF7047D20728BF7C
:1007400031F8023B48BF11F8012B28BF20F8023BCB
:1007500048BF00F8012B70474FF000020429C0F099
:10076000128010F0030C00F01B80CCF1040CBCF1E3
:10077000020F18BF00F8012BA8BF20F8022BA1EB35
:100780000C0100F00DB85FEAC17C24BF00F8012B1A
:1007900000F8012B48BF00F8012B70474FF0000212
:1007A00000B5134694469646203922BFA0E80C5067
:1007B000A0E80C50B1F12001BFF4F7AF090728BF42
:1007C000A0E80C5048BF0CC05DF804EB890028BFBE
:1007D00040F8042B08BF704748BF20F8022B11F0E7
:1007E000804F18BF00F8012B704770477047704763
:1007F00008487CB57844009007487844009C05463A
:10080000019004E02046016808448047241DAC4262
:10081000F8D17CBDA86C0200A66C020000207047D5
:1008200000487047C80400247047704770477047FD
:1008300038B504460A4600206946AFF30080002818
:1008400008BF38BD02460099204600F075F8012027
:1008500038BD012000F0CEB8F8B5AFF300800546F2
:1008600000200C460C2000BF0646A819A0420DD956
:10087000324669460020AFF30080070008BF00F051
:10088000B9F80098A04218BF0546C419FFF7C8FF81
:1008900005600746F01D20F007004619284600F0C5
:1008A0000AF8B44208BFF8BDA21B31463868BDE85B
:1008B000F84000F041B800210160416070470C2011
:1008C000704710B500F034F8006810BD10B504464C
:1008D00000F02EF8046010BD2DE9F04107461546E2
:1008E0000E461020FFF7B4FD040013D06760C4E982
:1008F00002650948AFF3008000F016F80168216036
:1009000006490460002008600348AFF3008000201F
:10091000BDE8F0810120FBE700000020A0000024DA
:1009200000487047C004002400487047F8040024C1
:1009300000487047C0040024034640688C460028E5
:1009400018BF88423CBF03464068F8D31868184473
:10095000884207D00CF1030020F00700001D411A67
:10096000521A0146081D0A60FFF7A1BD10B500200C
:1009700000F082F8FFF734FDBDE81040012000F0E0
:1009800041B800002DE9F84306461548AFF3008052
:10099000FFF7CAFF134F8146E8464D4616E026B1E1
:1009A000E068B04201D0254610E0206828600C487D
:1009B000C7F80080AFF30080D4E9010188470848F8
:1009C000AFF300803968414500D04D462C68002CBB
:1009D000E5D1002038600248AFF30080BDE8F8831D
:1009E00000000020A00000240148FFF717BF00000E
:1009F0000000002010B500F047F8BDE8104000F0FE
:100A000036B8000001491820ABBEFEE72600020000
:100A100070477546FFF784FFAE46050069465346AA
:100A200020F00700854618B020B5FFF7FDFCBDE8B3
:100A300020404FF000064FF000074FF000084FF045
:100A4000000BAC46ACE8C009ACE8C009ACE8C00992
:100A5000ACE8C00921F007018D46704710B5044687
:100A6000AFF300802046BDE81040FFF7C7BC002868
:100A700001D0FFF7C7BF704710B500F047F8BDE8D9
:100A80001040FFF7F4BF000010B5012805D0002189
:100A900003A000F021F8012010BD09A1F8E7000033
:100AA00053494752544D454D3A204F7574206F6657
:100AB0002068656170206D656D6F727900000000BF
:100AC0003A2048656170206D656D6F727920636FA3
:100AD000727275707465640070B505460C460A2024
:100AE00000E06D1C00F02AF835B128780028F8D114
:100AF00002E0641C00F022F814B120780028F8D13C
:100B0000BDE870400A2000F019B8000010B50021BF
:100B100002A0FFF7E1FF012010BD0000534947414B
:100B20004252543A2041626E6F726D616C2074655E
:100B3000726D696E6174696F6E00000008B5694678
:100B40008DF800000320ABBE08BD000000000000CF
:100B500080B584B0039024F013F902900120019035
:100B6000FFE700F00DF802A8012123F07DFCF8E773
:100B700080B541F63840C2F200401BF045FB80BD15
:100B800080B541F63840C2F200401BF051FC80BDF8
:100B900080B540F24040C2F200004EF6F731C2F29A
:100BA00002414FF480720EF03FF845F25030C2F22D
:100BB000014000681021C4F20201884200F0B280B6
:100BC000FFE745F25030C2F2014000682821C4F22C
:100BD0000201884200F0A680FFE745F25030C2F2E1
:100BE000014000684021C4F20201884200F09A806E
:100BF000FFE745F25030C2F2014000685821C4F2CC
:100C00000201884200F08E80FFE745F25030C2F2C8
:100C1000014000687021C4F20201884200F0828025
:100C2000FFE745F25030C2F2014000688821C4F26B
:100C30000201884276D0FFE745F25030C2F201400F
:100C40000068A021C4F2020188426BD0FFE745F2A0
:100C50005030C2F201400068B821C4F2020188425B
:100C600060D0FFE745F25030C2F20140006840F228
:100C70001041C4F20201884254D0FFE745F25030DF
:100C8000C2F20140006840F22841C4F202018842E9
:100C900048D0FFE745F25030C2F20140006840F210
:100CA0004041C4F2020188423CD0FFE745F2503097
:100CB000C2F20140006840F25841C4F20201884289
:100CC00030D0FFE745F25030C2F20140006840F2F8
:100CD0007041C4F20201884224D0FFE745F250304F
:100CE000C2F20140006840F28841C4F20201884229
:100CF00018D0FFE745F25030C2F20140006840F2E0
:100D0000A041C4F2020188420CD0FFE745F2503006
:100D1000C2F20140006840F2B841C4F202018842C8
:100D20000AD1FFE745F25030C2F20140016808687D
:100D300020F00800086009E045F25030C2F201409E
:100D40000168086820F004000860FFE780BD00002B
:100D500080B582B000208DF80700FFE79DF80700FE
:100D600003281FD8FFE79DF8073044F2F470C2F261
:100D70000140143000EB43118A6840F22411C2F2A2
:100D8000000141F823209DF8072000EB4210808BE2
:100D900001EB42010882FFE79DF8070001308DF862
:100DA0000700DBE740F24850C2F20040007840F212
:100DB0002411C2F20001009181F8250007F078FCAF
:100DC00000998861086A01300862012081F82400D6
:100DD00002B080BD0000000080B588B04EF6F7304C
:100DE000C2F202400078AB2840F09880FFE74EF650
:100DF000F730C2F2024090F83F00FD2840F08E80AC
:100E0000FFE700208DF81F00FFE79DF81F00032873
:100E100033DCFFE706A805909DF81F104EF6F7306B
:100E2000C2F2024000EB81014978059A11709DF8E9
:100E30001F1000EB81018978059A51709DF81F10F1
:100E400000EB8101C978059A91709DF81F1000EBA5
:100E5000810000790599C87006989DF81F2044F21A
:100E6000F471C2F2014101EB4211C861FFE79DF844
:100E70001F0001308DF81F00C7E700208DF8130018
:100E8000FFE79DF8130003281ADCFFE79DF8132005
:100E90004EF6F730C2F2024000EB4201487C897CFA
:100EA00040EA012044F2F471C2F2014101EB421127
:100EB0000886FFE79DF8130001308DF81300E0E786
:100EC00003A802904EF6F730C2F202400190417E34
:100ED000029A1170817E029A5170C17E029A9170BD
:100EE000017F029AD170039944F63822C2F201427E
:100EF000C2F8581200F11D0140F60040C2F2004055
:100F00001E22FFF7B2FB019890F83E0040F24851D4
:100F1000C2F200410870FFF71BFFFFE708B080BD79
:100F200080B586B040F26861C2F20001AA20087064
:100F300000208DF81700FFE79DF81700032839DC23
:100F4000FFE79DF8171044F2F470C2F2014000EB85
:100F5000411090ED061A90ED0A0A30EE410A8DED2F
:100F6000040A04A80390039800789DF8172040F223
:100F70006861C2F2000101EB820250700398407870
:100F80009DF8172001EB82029070039880789DF8FD
:100F9000172001EB8202D0700398C0789DF81720CB
:100FA00001EB82010871FFE79DF8170001308DF811
:100FB0001700C1E700208DF80B00FFE79DF80B003C
:100FC000032821DCFFE79DF80B3044F2F470C2F2F5
:100FD0000140143000EB43118A6940F26861C2F2AB
:100FE000000101EB43035A749DF80B2000EB421003
:100FF0008069000A01EB42018874FFE79DF80B004D
:1010000001308DF80B00D9E744F63820C2F20140D8
:10101000D0F8A0100191406E019001A800900098B6
:10102000007840F26861C2F200014876009840788A
:10103000887600988078C8760098C078087740F263
:10104000EF02C2F200021068D2F803200A62C1F86F
:101050001D0040F2EC00C2F20000007881F83E0072
:10106000FE2081F83F0040F24040C2F200004022E2
:101070000EF0E2FD06B080BD80B540F60000C5F67A
:1010800002000122114607F0FBFA80BD00000000BB
:1010900080B540F60000C5F602000121002207F0ED
:1010A000EFFA80BD00000000704700000000000063
:1010B00080B540F60000C5F602000821012207F0C5
:1010C000DFFA80BD0000000080B540F60000C5F6E4
:1010D00002000821002207F0D3FA80BD00000000C2
:1010E000704700000000000080B582B0ADF8060037
:1010F000FFE7BDF80600411EADF8061028B1FFE776
:101100004FF47A7000F004F8F3E702B080BD0000FD
:1011100086B0ADF816000020049003900290019074
:1011200000904EF21400CEF2000000680090BDF86E
:101130001600C0EB0010400104904EF21800CEF2F1
:10114000000000680390FFE74EF21800CEF20000A6
:10115000006802900298039988421ED0FFE7029827
:101160000399884207D2FFE703980299411A019830
:101170000844019008E000980299401A039901443C
:10118000019808440190FFE70298039001980499A0
:10119000884201D3FFE701E0FFE7D5E706B07047DB
:1011A00080B582B000208DF80700FFF77DFFFFF7C4
:1011B00097FF21F0E9FD01469DF8070008438DF8EF
:1011C000070021F0A9FE01469DF8070008438DF8AD
:1011D00007009DF8070002B080BD0000000000007D
:1011E00080B588B007900691059200200090049089
:1011F0000390FFF74DFF922000F00AF9122003A997
:101200000191062200F0CCF8FFF736FF9DF80C00A4
:101210009DF80D1040EA0120ADF80A00BDF90A0062
:1012200000EE100AB8EEC00A40F2A400C2F200407C
:1012300090ED001A20EE010A069981ED000A9DF852
:101240000E109DF80F2041EA0221ADF80A10BDF9F9
:101250000A1000EE101AB8EEC00A90ED001A20EE47
:10126000010A069981ED010A9DF810109DF81120E0
:1012700041EA0221ADF80A10BDF90A1000EE101A79
:10128000B8EEC00A90ED001A20EE010A069880ED33
:10129000020AFFF719FF00980199082200F080F870
:1012A000FFF706FF9DF80C000F2844D1FFE79DF8DB
:1012B0000E009DF80F1040EA0120ADF80A00BDF9BC
:1012C0000A0000EE100AB8EEC00A40F20400C2F2B2
:1012D000000090ED001A20EE010A079981ED000A46
:1012E0009DF810109DF8112041EA0221ADF80A1076
:1012F000BDF90A1000EE101AB8EEC00A90ED001AFF
:1013000020EE010A079981ED010A9DF812109DF85F
:10131000132041EA0221ADF80A10BDF90A1000EECF
:10132000101AB8EEC00A90ED001A20EE010A0798D4
:1013300080ED020AFFE7FFF7ABFEA22000F068F89D
:10134000222003A9022200F02BF8FFF795FE9DF85A
:101350000C009DF80D10C00040EA5110ADF80A00D5
:10136000BDF90A00B0F5806F07DBFFE7BDF80A00A2
:10137000A0F50060ADF80A00FFE7BDF90A0000EE35
:10138000100AB8EEC01AB4EE002AB3EE070AA1EEB6
:10139000020A059880ED000A08B080BD0000000038
:1013A00080B584B08DF80F0002918DF807209DF86C
:1013B0000F0040F0800000F02BF8FFE79DF80700D9
:1013C00070B1FFE7552000F023F8029908700298E9
:1013D000013002909DF8070001388DF80700EDE715
:1013E00004B080BD0000000080B582B08DF8070019
:1013F00000919DF8070040F0800000F009F85520AA
:1014000000F006F80099087002B080BD00000000EE
:1014100080B582B08DF8070069464FF47A70086095
:1014200045F68C20C2F201400DF107010DF10602D4
:1014300001230BF049FD9DF8060002B080BD0000BD
:1014400080B582B08DF807008DF806109DF8070072
:10145000FFF7DEFF9DF80600FFF7DAFF02B080BD60
:1014600080B582B08DF8060000919DF80600042832
:101470000AD8FFE79DF8061040F20010C2F2000003
:1014800050F8210020B9FFE700208DF8070012E096
:1014900007F00EF99DF8062040F20011C2F200019B
:1014A00051F82210411A009A0020914298BF012061
:1014B0008DF80700FFE79DF8070002B080BD00002F
:1014C00080B582B08DF807009DF8070004280BD87E
:1014D000FFE707F0EDF89DF8072040F20011C2F297
:1014E000000141F82200FFE702B080BD00000000CB
:1014F00080B582B045F61430C2F20140042101915A
:101500000CF06EFE40F26C50C2F2000000903221EE
:1015100012F006FB0098019A45F6F431C2F201413F
:1015200012F0BAFA02B080BD80B584B003908DF895
:101530000B1000200190FFE701989DF80B108842E6
:101540000FDAFFE70398019900EB810140F26C503C
:10155000C2F2000012F0B0FAFFE7019801300190EA
:10156000EAE740F22050C2F2004000680222002365
:10157000194623F04DFB04B080BD000000000000C0
:10158000FFE7FEE70000000080B586B005900491FB
:10159000059800680290A0F20120022806D3FFE718
:1015A000029840F20321884232D053E00598006847
:1015B00001388DF80F009DF80F0045F6E042C2F2A9
:1015C0000142C42110FB0120CC30DDF810C09CF892
:1015D00000E09CF801109CF802309CF8032041EADE
:1015E0000E2142EA03229CF804E09CF8053043EA0D
:1015F0000E239CF906C0EE46CEF800C01BB209B21D
:1016000012B200F051FB9DF80F00FFF759FF22E0E6
:10161000049B93F800C059789A78D87841EA0C2155
:1016200040EA022293F804C0587940EA0C2093F96A
:101630000630EC46CCF8003003B245F6E040C2F28A
:101640000140083009B212B200F02EFB0220FFF771
:1016500037FF00E0FFE706B080BD0000000000009B
:1016600080B584B00390029103980068019011281E
:1016700006D0FFE7019840F2052188420DD02FE007
:10168000029944F63820C2F2014000F5747021F04E
:101690004BFD0420FFF714FF23E0029B93F800C0EA
:1016A00059789A78D87841EA0C2140EA022293F8D6
:1016B00004C0587940EA0C2093F90630EC46CCF887
:1016C000003003B244F63820C2F2014000F5437006
:1016D00009B212B200F0E8FA0320FFF7F1FE00E0D1
:1016E000FFE704B080BD000082B001900091019836
:1016F0000068B0F5407F01D1FFE700E0FFE702B0EE
:10170000704700000000000080B592B000200890F3
:101710000A900B90022105910C91012106910D91E7
:101720000E900F9045F2C830C2F2014002900AA913
:10173000049105F0DDFB059A089B029869460B6051
:10174000114605F061FC0699089A029805F08CFA9A
:10175000089A02984FF00071079105F085FA069AF1
:101760000298114605F070FB029806F049FD0499B5
:1017700045F26840C2F20140039005F0B9FB059ABA
:10178000089B039869460B60114605F03DFC069ADC
:101790000398114605F058FB0699089A039805F03E
:1017A00063FA0799089A039805F05EFA039806F021
:1017B00027FD049945F20850C2F20140099005F056
:1017C00097FB059A089B099869460B60114605F03E
:1017D0001BFC069A0998114605F036FB0699089AF3
:1017E000099805F041FA0799089A099805F03CFA1A
:1017F000099806F005FD12B080BD00000000000051
:1018000084B08DF80F000291ADF806209DF80F000E
:101810000146009123281DD80099DFE801F012133A
:101820001415161B1B1B1B1B1B1B1B1B1B1B1B1B1A
:101830001B1B1B1B1B1B1B1B1B1B1B1B1B1B1718FF
:10184000191A08E007E006E005E004E003E002E022
:1018500001E000E0FFE7002004B070470000000056
:10186000002070470000000080B582B044F60C7084
:10187000C2F20140009041F21E41C2F2004100223A
:10188000019216F011FE009840F61E41C2F200418E
:1018900016F0EAFD019802B080BD000000000000D3
:1018A00080B584B0039002910298006840F26851BC
:1018B000C2F2000108600398029909681AF01CF846
:1018C000039944F60C70C2F20140019016F0CCFD71
:1018D000019816F06DFD002004B080BD00000000EE
:1018E00083B0029001918DF8032000208DF8020052
:1018F0009DF9020003B0704780B586B00490ADF842
:101900000E1000208DF80D0044F60C70C2F201405C
:10191000D0F8BC0202900298D0F8140220B1FFE780
:1019200001208DF8170013E00499BDF80E2044F64D
:101930000C70C2F20140019016F0B6FD019816F04D
:10194000BFFE8DF80D009DF80D008DF81700FFE724
:101950009DF8170006B080BD80B584B044F2F470E5
:10196000C2F2014002900021C4F2A0310160416046
:101970000021C4F2E62181600021C16001610021E3
:10198000CCF2AA21C0F83C1140F20A51A0F8401153
:1019900042F2D731CCF2F921416143F65201C4F24F
:1019A0005231416348F28F21C4F24331416548F21C
:1019B0000001C4F278314167BC309FED180A8DED0B
:1019C000000ADFED170ACDED030A12F0B5FD9DED1B
:1019D000000A0298DDED030ACC3012F0ADFD02984A
:1019E000DDED030AFC309FED0F0A8DED010A12F0C8
:1019F000A3FD9DED010A0298DDED030ADC3012F033
:101A00009BFD0298DDED030AEC309FED070A12F012
:101A100093FD00F00DF804B080BD00BF000020422F
:101A200000000000CDCCCC3D9A99193E000000008A
:101A300080B582B044F2F470C2F2014000F58670C5
:101A40000190B5EE000ADFED080AB1EE081AF0EEDB
:101A5000001AB2EE0E2A11F0FBFE01989FED030A68
:101A600011F016FF02B080BD00000000CDCCCC3DCF
:101A700081B044F2F470C2F2014090F848010128AC
:101A800010D0FFE740F21860C2F20000407A02284E
:101A900008D1FFE744F2F471C2F20141012081F85C
:101AA000480119E044F2F470C2F2014090F8480194
:101AB000012810D1FFE740F21860C2F20000407A1E
:101AC000032808D1FFE744F2F471C2F2014100207B
:101AD00081F84801FFE7FFE740F21860C2F200001A
:101AE000807A0146009101280CD0FFE70098032876
:101AF00010D1FFE744F2F471C2F20141012081F8F4
:101B00004C0108E044F2F471C2F20141002081F876
:101B10004C01FFE7FFE744F2F470C2F2014090F895
:101B20004C01012819D1FFE740F2D060C2F2000059
:101B300090F8510040B9FFE744F2F471C2F201415C
:101B4000012081F8480107E044F2F471C2F201413A
:101B5000002081F84801FFE7FFE701B0704700006F
:101B600080B582B044F2F470C2F201400090BC3003
:101B700012F0F6FC0098CC3012F0F2FC0098FC3029
:101B800012F0EEFC12F054FD009890ED000A90ED7A
:101B9000011A30EE010AB5EE001A20EE010A8DEDB1
:101BA000010A90ED020A9FED151A20EE010A80ED60
:101BB000280AD0F8A010C0F8A4109DED011A9FEDDE
:101BC000100A80EE010A9FED0F1A80EE010A9FEDC8
:101BD0000E1A80EE010A30EE000A9FED0C1A20EE7C
:101BE000010A90ED021A20EE010A9FED091A80EE1B
:101BF000010A80ED2A0A02B080BD00BFC3905442A2
:101C00000000FA45000070423C3C7C41DB0F49403B
:101C1000F4FDB43F0000000080B584B003908DED6A
:101C2000020ACDED010A8DED001A039850309DEDAA
:101C3000020ADDED010A9DED001AB1EE411A11F024
:101C400017FD039890ED190ADDED000A11F02CFE46
:101C50000399C869C1F8800004B080BD000000008D
:101C600087B006908DED050ACDED040A8DED031ABF
:101C7000CDED021A8DED012ACDED002A05980699C9
:101C8000086004980699486003980699886002984D
:101C90000699C86201980699886200980699486278
:101CA00007B070470000000080B583B084460598F7
:101CB000CDF808C0ADF80610ADF80420ADF802303C
:101CC0008DF80100BDF8060002990880BDF80400F7
:101CD00002994880BDF80200029988809DF80100B1
:101CE0000299887103B080BD80B540F25010C2F2F5
:101CF000000002F081FE80BD80B545F2E810C2F21E
:101D0000014002F079FE80BD80B545F26020C2F24C
:101D1000014002F071FE80BD80B540F24020C2F269
:101D2000000002F069FE80BD80B540F2C810C2F22A
:101D3000000002F061FE80BD80B540F23030C2F29A
:101D4000000002F059FE80BD80B545F25030C2F26D
:101D5000014002F051FE80BD80B545F2D820C2F2AC
:101D6000014002F049FE80BD80B540F2B820C2F2C9
:101D7000000002F041FE80BD83B00290029801682D
:101D800001201022C4F202029142009000F0A380D0
:101D9000FFE70298016801202822C4F20202914262
:101DA000009000F09880FFE702980168012040222F
:101DB000C4F202029142009000F08D80FFE7029889
:101DC000016801205822C4F202029142009000F002
:101DD0008280FFE70298016801207022C4F20202AB
:101DE0009142009077D0FFE7029801680120882295
:101DF000C4F20202914200906DD0FFE702980168A0
:101E00000120A022C4F202029142009063D0FFE7B9
:101E1000029801680120B822C4F2020291420090A7
:101E200059D0FFE702980168012040F21042C4F245
:101E30000202914200904ED0FFE702980168012013
:101E400040F22842C4F202029142009043D0FFE7E0
:101E500002980168012040F24042C4F2020291421D
:101E6000009038D0FFE702980168012040F2584204
:101E7000C4F20202914200902DD0FFE7029801685F
:101E8000012040F27042C4F202029142009022D03E
:101E9000FFE702980168012040F28842C4F2020282
:101EA0009142009017D0FFE702980168012040F2AC
:101EB000A042C4F20202914200900CD0FFE70298C7
:101EC00000684FF64831CBF6FD710844B0FA80F057
:101ED00040090090FFE70098C00740B3FFE7029871
:101EE000007810384AF6AB21CAF6AA21A0FB0110EF
:101EF00000090190019800F0070146F21450C0F665
:101F00000200405C0299C8650198042807D3FFE7E6
:101F100002990868042262F30900886506E00299C4
:101F2000086840F2FF3290438865FFE705E00299B8
:101F3000086820F0FF008865FFE70298806D03B015
:101F4000704700000000000084B003900398006810
:101F5000019003980168012045F20842C5F602028B
:101F6000914200904ED0FFE703980168012045F2AE
:101F70001C42C5F602029142009043D0FFE703984D
:101F80000168012045F23042C5F6020291420090FC
:101F900038D0FFE703980168012045F24442C5F6B6
:101FA0000202914200902DD0FFE7039801680120C2
:101FB00045F25842C5F602029142009022D0FFE756
:101FC00003980168012045F26C42C5F60202914275
:101FD000009017D0FFE703980168012045F2804286
:101FE000C5F60202914200900CD0FFE7039800680A
:101FF0004AF66C31CAF2FD710844B0FA80F040092B
:102000000090FFE70098C00710B3FFE7039800783F
:1020100008384CF6CD41CCF6CC41A0FB01100009AC
:102020000290029945F60000C5F6020000EB81001F
:1020300003990866039945F68000C5F602004866D4
:10204000029800F01F01012088400399886635E05E
:102050000398007810384AF6AB21CAF6AA21A0FBF3
:10206000011000090290019840F2B841C4F2020147
:1020700088420CD8FFE7019840F21041C4F20201F7
:10208000884204D3FFE7029808300290FFE70299E4
:1020900040F60000C4F2020000EB810003990866DC
:1020A000039940F68000C4F202004866029800F0EE
:1020B0001F010120884003998866FFE704B070473C
:1020C00083B002900298007901900198002800F0F6
:1020D0008A80FFE70198082800F28580FFE70298D0
:1020E0000168012045F20842C5F6020291420090C3
:1020F0004ED0FFE702980168012045F21C42C5F668
:1021000002029142009043D0FFE70298016801204B
:1021100045F23042C5F602029142009038D0FFE706
:1021200002980168012045F24442C5F6020291423C
:1021300000902DD0FFE702980168012045F2584237
:10214000C5F602029142009022D0FFE70298016892
:10215000012045F26C42C5F602029142009017D070
:10216000FFE702980168012045F28042C5F60202AD
:10217000914200900CD0FFE7029800684AF66C315B
:10218000CAF2FD710844B0FA80F040090090FFE700
:102190000098C00780B1FFE7019945F6FC00C5F63D
:1021A000020000EB81000299C866029945F64010D2
:1021B000C5F6020008670FE0019940F6FC00C4F282
:1021C000020000EB81000299C866029940F64010B7
:1021D000C4F202000867FFE70198411E0120884011
:1021E00002994867FFE703B0704700000000000055
:1021F00085B0049000208DF80F000498806918BB0A
:10220000FFE70498806A029003281BD80299DFE850
:1022100001F0020D0218049890F82F00C00720B1B9
:10222000FFE701208DF80F00FFE70CE00498C06A7B
:10223000B0F1C07F04D1FFE701208DF80F00FFE768
:1022400001E000E0FFE747E004988069B0F5005F37
:1022500026D1FFE70498806A019003281ED80199CF
:10226000DFE801F00206021101208DF80F0016E0F0
:10227000049890F82F00C00720B1FFE701208DF8E7
:102280000F00FFE70BE00498C06AB0F1C07F04D1F3
:10229000FFE701208DF80F00FFE700E0FFE71AE0FD
:1022A0000498806A0090032804D3FFE7009803286D
:1022B00004D00EE001208DF80F000BE0049890F898
:1022C0002F00C00720B1FFE701208DF80F00FFE7C6
:1022D00000E0FFE7FFE7FFE79DF80F0005B070475C
:1022E00089B008900791069205930898806D049034
:1022F0000898806D03900898016801201022C4F2AC
:1023000002029142029000F00381FFE70898016801
:1023100001202822C4F202029142029000F0F880CB
:10232000FFE70898016801204022C4F202029142AE
:10233000029000F0ED80FFE7089801680120582224
:10234000C4F202029142029000F0E280FFE7089896
:10235000016801207022C4F202029142029000F052
:10236000D780FFE70898016801208822C4F20202A2
:102370009142029000F0CC80FFE7089801680120AC
:10238000A022C4F202029142029000F0C180FFE755
:10239000089801680120B822C4F20202914202901A
:1023A00000F0B680FFE708980168012040F2104273
:1023B000C4F202029142029000F0AA80FFE708985E
:1023C0000168012040F22842C4F2020291420290C8
:1023D00000F09E80FFE708980168012040F240422B
:1023E000C4F202029142029000F09280FFE7089846
:1023F0000168012040F25842C4F202029142029068
:1024000000F08680FFE708980168012040F27042E2
:10241000C4F20202914202907AD0FFE70898016864
:10242000012040F28842C4F20202914202906FD031
:10243000FFE708980168012040F2A042C4F20202BE
:102440009142029064D0FFE708980168012040F2B1
:10245000B842C4F202029142029059D0FFE70898B4
:102460000168012045F20842C5F60202914202903D
:102470004ED0FFE708980168012045F21C42C5F6DE
:1024800002029142029043D0FFE7089801680120C0
:1024900045F23042C5F602029142029038D0FFE781
:1024A00008980168012045F24442C5F602029142B3
:1024B00002902DD0FFE708980168012045F25842AC
:1024C000C5F602029142029022D0FFE70898016807
:1024D000012045F26C42C5F602029142029017D0EB
:1024E000FFE708980168012045F28042C5F6020224
:1024F000914202900CD0FFE7089800684AF66C31D0
:10250000CAF2FD710844B0FA80F040090290FFE77A
:102510000298C00770B1FFE70898416E806E48606E
:102520000898C06E28B1FFE70898016F406F4860B7
:10253000FFE7FFE70898016801201022C4F20202B9
:102540009142019000F0A380FFE708980168012004
:102550002822C4F202029142019000F09880FFE725
:102560000898016801204022C4F2020291420190C1
:1025700000F08D80FFE70898016801205822C4F21E
:1025800002029142019000F08280FFE70898016802
:1025900001207022C4F202029142019077D0FFE73D
:1025A0000898016801208822C4F202029142019039
:1025B0006DD0FFE7089801680120A022C4F2020252
:1025C0009142019063D0FFE7089801680120B8228A
:1025D000C4F202029142019059D0FFE708980168C5
:1025E000012040F21042C4F20202914201904ED00A
:1025F000FFE708980168012040F22842C4F2020275
:102600009142019043D0FFE708980168012040F211
:102610004042C4F202029142019038D0FFE708988C
:102620000168012040F25842C4F202029142019036
:102630002DD0FFE708980168012040F27042C4F2F3
:1026400002029142019022D0FFE708980168012020
:1026500040F28842C4F202029142019017D0FFE793
:1026600008980168012040F2A042C4F2020291429F
:1026700001900CD0FFE7089800684FF64831CBF680
:10268000FD710844B0FA80F040090190FFE701981D
:10269000C00750B3FFE70898C06D00F01F013F204E
:1026A00088400499886008980168086820F48020B0
:1026B000086005980899096848600898806840286B
:1026C00009D1FFE706980899096888600798089972
:1026D0000968C86008E00798089909688860069842
:1026E00008990968C860FFE782E00898016801203E
:1026F00045F20842C5F60202914200904ED0FFE733
:1027000008980168012045F21C42C5F60202914278
:10271000009043D0FFE708980168012045F230425D
:10272000C5F602029142009038D0FFE70898016890
:10273000012045F24442C5F60202914200902DD09C
:10274000FFE708980168012045F25842C5F60202E9
:102750009142009022D0FFE708980168012045F2DD
:102760006C42C5F602029142009017D0FFE708982C
:102770000168012045F28042C5F6020291420090B4
:102780000CD0FFE7089800684AF66C31CAF2FD7178
:102790000844B0FA80F040090090FFE70098C007B5
:1027A00020B3FFE70898C06D00F01F0101208840AA
:1027B00003994860059808990968486008988068F6
:1027C000402809D1FFE706980899096888600798AA
:1027D00008990968C86008E007980899096888603E
:1027E000069808990968C860FFE700E0FFE7FFE77F
:1027F00009B070470000000080B584B003900291DA
:1028000003990878497840EA01206FF3DF200299A4
:10281000088002990888A0F58060088003994878AC
:102820008978C00840EA41106FF3DF2002994880A0
:1028300002994888A0F58060488003998878CA7812
:102840000979800940EA820040EA81206FF3DF20A5
:102850000299888002998888A0F580608880039911
:1028600008794979400840EAC1106FF3DF200299E6
:10287000C8800299C888A0F58060C8800298B0F925
:10288000000000EE100AB8EEC00ADFED3F0ACDED01
:10289000010A00F0C1F9DDED010ABDEEC00A10EE3B
:1028A000100A029908800298B0F9020000EE100A9E
:1028B000B8EEC00A00F0B0F9DDED010ABDEEC00AC5
:1028C00010EE100A029948800298B0F9040000EE58
:1028D000100AB8EEC00A00F09FF9DDED010ABDEE66
:1028E000C00A10EE100A029988800298B0F906001A
:1028F00000EE100AB8EEC00A00F08EF9BDEEC00A74
:1029000010EE100A0299C8800299087A887202991A
:10291000487AC8720398407980090299087203982E
:102920004079C0F301100299487203998879C979F6
:1029300040EA0120029988810399087A497A40EA9D
:1029400001200299C8810399887AC97A40EA012056
:10295000029908820398007B029988740398407B4F
:102960000299C8740399887BC97B40EA01200299C7
:1029700088820399087C497C40EA0120A0F58060A8
:102980000299C88204B080BD0000484200000000E7
:1029900082B0019000910198008800990880019808
:1029A0004088009948800198808800998880019823
:1029B000C0880099C8800198007A009948720198EF
:1029C000407A009988720198807A0099487301983A
:1029D000C07A0099887301988089009908820198CB
:1029E000C089009948820198008A009988820198DC
:1029F000807C009988750198C07C0099C875019801
:102A0000808A009908830198C08A0099488302B09F
:102A1000704700000000000081B041F20400CEF2D7
:102A2000000000680090009840F27801C2F20001B6
:102A30000968884208D2FFE740F22851C2F20041FB
:102A4000086801300860FFE7009840F27801C2F2A0
:102A50000001086001B0704780B582B000F05CF8FA
:102A600040F2D471C2F20041086843F60952424371
:102A700088884FF47A73584300EB8210C988084461
:102A80000021019100900098019902B080BD0000E2
:102A900081B000904EF6FC51CEF20001086840F083
:102AA0008070086041F20401CEF20001002008604D
:102AB00041F20002CEF20002116841F00101116002
:102AC000009944F24022C0F20F024A4340F26801EA
:102AD000C2F200010A600A6844F6D353C1F26203ED
:102AE000A2FB0332920940F22453C2F200431A605F
:102AF00009684DF68362C4F21B32A1FB0221890CE6
:102B000040F26C02C2F20002116040F22851C2F29F
:102B10000041086001B07047B0B586B041F20400D2
:102B2000CEF2000000680590FFF776FF40F22850D3
:102B3000C2F2004001680598002302934FF0FF3C69
:102B40001A46E1FB0C0240F27001C2F20001009152
:102B50004A6008600868496840F26804C2F20004EC
:102B60002268FDF7CBFC029B02468C46009940F29E
:102B70003050C2F20040C0F804C00260D1F800C07A
:102B80004968D0F800E042682468AEFB04E502FB27
:102B90000452BCEB0E0C61EB020240F28001C2F267
:102BA00000010391C1F800C04A60006840F2D4728D
:102BB000C2F20042049210600868496840F2245250
:102BC000C2F2004201921268FDF798FCDDF804C0E1
:102BD000029B049A0146039891800168406892889C
:102BE000DCF800C002FB0CF28A1A60F1000040F22F
:102BF0003851C2F200410A6048600868496840F2F2
:102C00006C02C2F200021268FDF778FC0499C880D9
:102C100006B0B0BD0000000083B08DED010ACDED1F
:102C2000000A9DED010A9DED001AB1EE411AB4EEC5
:102C3000410AF1EE10FA0DDDFFE79DED010A9DED71
:102C4000001AB4EE410AF1EE10FA03DAFFE70020B1
:102C5000029002E001980290FFE79DED020A03B0A6
:102C600070470000000000007047000000000000F6
:102C700080B582B08DF807009DF8070004280FD0BA
:102C8000FFE79DF8070005280AD0FFE79DF8070039
:102C9000062805D0FFE79DF80700072801D1FFE7C8
:102CA000FFE79DF807000A2818D1FFE740F25860B7
:102CB000C2F200000168013101600068022801D8F9
:102CC000FFE70BE040F25860C2F2000000680B28FA
:102CD00001D3FFE7FFE7FDF75BFFFFE702B080BD31
:102CE00081B08DF8030001B07047000000000000C3
:102CF00080B586B0642102910023059318461A46D8
:102D000000F04EF80299059B012003901A4600F04E
:102D100047F80299059B02201A4600F041F80299F3
:102D2000059B03201A4600F03BF8059B0420C821B0
:102D300001911A4600F034F80199059B05201A46C6
:102D400000F02EF80199059B06201A4600F028F89D
:102D50000199059B07201A4600F022F80299059B6D
:102D600008201A4600F01CF80398059B44F6481109
:102D7000C2F2014181F8A8000A204FF4FA710491CF
:102D80001A4600F00DF80499059B41F28132C0F615
:102D900001020B2000F004F806B080BD0000000026
:102DA00084B08DF80F0002910192009302989DF873
:102DB0000F1001EB810244F64811C2F2014141F8C3
:102DC00022009DF80F0000EB800001EB8002002044
:102DD000107201989DF80F2002EB820201EB820233
:102DE000D06000989DF80F2002EB820201EB820177
:102DF000086104B07047000081B0EFF3108072B634
:102E00000090FFE7FEE7000044F60C01C5F6020162
:102E1000086840F002000860FFE744F60400C5F6C9
:102E2000020000688004002801D4FFE7F5E770473E
:102E300080B545F2C830C2F2014004F01DFB80BDF0
:102E400080B545F2C830C2F2014004F015FB80BDE8
:102E500080B545F26840C2F2014004F00DFB80BD30
:102E600080B545F26840C2F2014004F005FB80BD28
:102E700080B545F20850C2F2014004F0FDFA80BD71
:102E800080B545F20850C2F2014004F0F5FA80BD69
:102E900084B002900298406B009002980068D0F8CD
:102EA00084004FF6FC718843009940EA8100029942
:102EB0000968C1F8840002980068D0F8840020F402
:102EC0007F00029A1168926B40EA0240C1F88400C8
:102ED0000298816B00980844009002980068D0F82E
:102EE00088006FF38F00009940EA81000299096819
:102EF000C1F8880002980068D0F8880020F4FE002D
:102F0000029A1168D26B40EA0240C1F88800029828
:102F1000C16B009800EB4100009002980068D0F867
:102F2000A0006FF38F00009940EA810002990968C0
:102F3000C1F8A00002980068D0F8A00020F4FE00BC
:102F4000029A1168126C40EA0240C1F8A00002998E
:102F5000086C496C009A00FB012000900298006800
:102F6000D0F8B0006FF38F00009940EA8100029919
:102F70000968C1F8B00002980068D0F8B00020F4E9
:102F8000FE00029A1168926C40EA0240C1F8B0005B
:102F90000299886CC96C009A00FB0120009002988D
:102FA0000068D0F8AC006FF38F00009940EA810010
:102FB00002990968C1F8AC000299086D496D009A40
:102FC00000FB0120009002980068D0F8F0006FF339
:102FD0008F00009940EA810002990968C1F8F00069
:102FE00002980068D0F8F00020F47C10029A116872
:102FF000926D40EA0240C1F8F0000298816D00989D
:1030000000EB4100009002980068D0F8C0006FF318
:103010008F00009940EA810002990968C1F8C00058
:1030200002980068D0F8C00020F47C10029A116861
:10303000D26D40EA0240C1F8C00002980068D0F8A2
:10304000C00020F07C50029A1168126E40EA0260C3
:10305000C1F8C00002994A6B4AF60040C4F2000071
:1030600000EB8200C86602998A6BC86E00EB820092
:1030700008670299CA6B086F00EBC20048670299A3
:103080000A6C4B6C486F5A4300EB820088670299C8
:103090008A6CCB6C886F5A4300EB8200C867029938
:1030A0000A6D4B6DC86F5A4300EB8200C1F8800077
:1030B00002998A6DD1F8800000EBC200C1F884004B
:1030C0000299CA6D8B6ED1F884005A4300EB8200DE
:1030D000C1F8880002990A6E8B6ED1F888005A43B5
:1030E00000EB8200C1F890000298D0F890004DF2F9
:1030F000FD31C4F2000188420FD3FFE70299D1F8F5
:103100009C0040F02000C1F89C000299032081F847
:10311000980001208DF80F0017E00298C06E019012
:10312000FFE701980299D1F89010884208D2FFE792
:10313000019900200860FFE7019804300190F0E752
:10314000FFE700208DF80F00FFE79DF80F0004B0A7
:10315000704700000000000088B0079006910592BB
:1031600004930698406848B9FFE7069801688268AA
:103170000069104340EA8140039009E00698016825
:10318000826800691043084340F080400390FFE7E5
:103190000698D0F820C0C16842698369C06940EAD6
:1031A0000C601843104340EA014002900798826E79
:1031B000D0F884000499514300EB810001900398FA
:1031C0000199086001980430019002980199086003
:1031D00001980430019000200090FFE700980699C4
:1031E000CA6846F20451C0F60201895C88420DD2D9
:1031F000FFE705980099405801990860019804304C
:103200000190FFE7009804300090E7E708B07047AE
:1032100040F2E850C2F2004090ED690A70470000A9
:1032200040F2E850C2F2004090ED680A704700009A
:1032300080B584B04EF60000C1F6F17000680390CE
:103240004EF60400C1F6F170006802904EF60800D8
:10325000C1F6F17000680190019903980844039049
:10326000039888B1FFE7039840F23001C2F20001F1
:103270000091023108220EF027F8009902981231CD
:1032800004220EF021F8FFE704B080BD000000002A
:1032900040F2E850C2F2004090ED6A0A7047000028
:1032A00080B544F63821C2F201410020C4F2082062
:1032B000C1F860010020CCF2A010C1F86401002028
:1032C000C1F84801D1F84821C1F8582108600A68BE
:1032D0008A61C1F8A400D1F8A400C1F8BC0000F0D4
:1032E00003F880BD0000000080B58AB044F63820A5
:1032F000C2F20140059000F5C870B1EE080ADFED9A
:103300004B0ACDED010A9FED4A1ADFED4A1A9FEDF7
:103310004A2A8DED042A10F09BFA9DED042A0598A7
:1033200000F5F0709FED450ADFED450ACDED090A85
:103330009FED441ADFED441ADFED442AFEF790FCBE
:10334000059800F5DC709FED420ADFED420ABAEE07
:10335000001ADFED411AB2EE042A8DED032A10F0B7
:1033600077FA9DED012A059800F5B4709FED3B0AB0
:103370008DED070AB0EE001AF0EE420AF0EE421AA6
:1033800010F066FA9DED042A059820309FED340A6E
:10339000DFED340AB0EE0C1ADFED331ACDED021A70
:1033A00010F056FA059870309FED300ADFED300AC4
:1033B0009FED301ADFED301A9FED302ADFED302A15
:1033C000FEF74EFCDDED021A059848309FED2D0A00
:1033D0008DED060AF6EE000A9FED2B1A9FED2B2AC3
:1033E00010F036FA9DED031ADDED041A0598C4308D
:1033F0009FED270ADFED270A9FED272A8DED082A8A
:1034000010F026FA05989DED061ADDED071A9DEDE0
:10341000082ADDED092A00F58A709FED200ADFED0C
:10342000200AFEF71DFC0AB080BD00BF00000000AE
:10343000CDCCCC3E0000FA4300C0DA4500009642F5
:103440003333333F0000F042000048439A99193F5C
:10345000CDCC4CBF6F1283BA6666A63F0000C8424F
:103460009A99B9400AD7A33C00007A44000014425C
:103470008FC2F53C00002D4300002F440000FA44A9
:103480006666E63E0000964300409C4500606A4642
:1034900000004842CDCCCC3D0060EA460000164317
:1034A000CDCC4C3F0000000083B040F21861C2F266
:1034B0000001B1F9000000EE100AB8EEC00B9FED5C
:1034C0003A1B20EE010B9FED3A1B80EE012B44F6D8
:1034D0003820C2F20140029090ED2F0AB7EEC00AE8
:1034E00030EE020BB7EEC00B80ED2F0AD0F8BC20F7
:1034F0008261B1F9021000EE101AB8EEC00B9FED18
:103500002E2B20EE020B80EE011B90ED560AB7EE3B
:10351000C00A30EE010BB7EEC00B80ED560A90EDFD
:10352000560A90ED591AB4EE410AF1EE10FA09DC90
:10353000FFE744F63820C2F2014090ED590A8DEDC4
:10354000010A24E044F63820C2F2014090ED560A08
:1035500090ED581AB4EE410AF1EE10FA09DBFFE7DC
:1035600044F63820C2F2014090ED580A8DED000A71
:1035700008E044F63820C2F2014090ED560A8DED85
:10358000000AFFE79DED000A8DED010AFFE79DEDC2
:10359000010A44F63820C2F2014080ED560A03B019
:1035A000704700BF00BF00BF333333333333D3BF63
:1035B0000000000000A08440666666666666D63F2E
:1035C00080B586B040F2B840C2F2004090ED000AEB
:1035D0009FED4F3A20EE030A8DED050A9DED051A89
:1035E00044F63821C2F2014191ED2F0A30EE010A72
:1035F00081ED2F0AD1F8BC00886140F29040C2F200
:10360000004090ED000A9FED431A20EE012A40F29F
:103610008050C2F2000090ED000AA2EE030A80ED95
:10362000000A90ED000AB4EE410AF1EE10FA0DDD49
:10363000FFE740F28050C2F2000090ED000A9FEDDB
:10364000361A30EE010A80ED000AFFE740F24C0026
:10365000C2F2000090ED000A8DED000A40F28050A9
:10366000C2F2000090ED000A1FF04AFB9DED001A27
:10367000B0EE402A40F29440C2F2004090ED000AC1
:10368000A1EE020A8DED040A40F20900C2F2000028
:10369000007868B1FFE7049840F28801C2F20001A7
:1036A000086040F20901C2F2000100200870FFE743
:1036B0009DED040A40F28801C2F2000191ED001A6A
:1036C00030EE410A8DED030A9DED040A44F63820E0
:1036D000C2F2014090ED561A30EE410A8DED020A19
:1036E0009DED020A9FED0D1A20EE010A8DED010AF3
:1036F0009DED030A9DED011A30EE011A90ED560A78
:1037000030EE010A80ED560A0498086006B080BDCC
:103710006F12833ADB0FC940DB0FC9C00AD7A33C45
:1037200080B586B040F29C51C2F200418A6944F6ED
:103730003820C2F201400590C0F8B8204A6BC0F8AA
:10374000A82090ED2A0AB7EEC00AB0F90C23A2F621
:10375000962201EE102AB8EEC11B9FED392B8DED9C
:10376000002B21EE021B9FED382B8DED022BA1EEDD
:10377000020BB7EEC00B80ED010A91ED040AB1EE29
:10378000400A80ED550A096BC0F84C1190ED2A0AE9
:1037900090ED2B1A30EE410ADFED2D0A0FF0A4FA5E
:1037A0000598B0EE401A90ED2C0A30EE010A80ED3B
:1037B0002C0AD0ED2C0A90ED2F0A0FF095FA9DED12
:1037C000003B9DED022B059880ED2F0AD0F8A81044
:1037D000C0F8AC1090ED2C0AB7EEC00AB0F90C138B
:1037E000A1F6962101EE101AB8EEC11B21EE031BC3
:1037F000A1EE020BB7EEC00B80ED030A44F2F470A9
:10380000C2F2014090F84C01012815D1FFE740F2C7
:103810001860C2F20000407A02280DD1FFE744F69A
:103820003820C2F2014090ED060A9FED0A1A30EEF0
:10383000010A80ED060AFFE706B080BD00BF00BFA9
:1038400000000000000020BF000000000080764063
:10385000000000000000344280B588B04EF60450ED
:10386000C2F20240049090ED010A44F63820C2F200
:1038700001400590D0ED060A0FF036FA049905983C
:1038800080ED060A90ED060A91ED012A91ED021AEB
:1038900031EE421A30EE010A8DED070A9DED070A5E
:1038A00090ED031A30EE410A8DED060A9DED060AF1
:1038B0009FED3F1AB4EE410AF1EE10FA05DCFFE786
:1038C0009FED3B0A8DED030A18E09DED060A9FED82
:1038D000391AB4EE410AF1EE10FA05DBFFE79FED6D
:1038E000350A8DED020A04E09DED060A8DED020A0F
:1038F000FFE79DED020A8DED030AFFE79DED030A48
:103900008DED060A44F63820C2F2014090ED030A1C
:103910009DED061A30EE010A80ED2F0A4EF6045195
:10392000C2F20241C968C0F8581190ED560A90EDF4
:10393000591AB4EE410AF1EE10FA09DCFFE744F639
:103940003820C2F2014090ED590A8DED010A24E0C1
:1039500044F63820C2F2014090ED560A90ED581A14
:10396000B4EE410AF1EE10FA09DBFFE744F6382025
:10397000C2F2014090ED580A8DED000A08E044F6CD
:103980003820C2F2014090ED560A8DED000AFFE7A3
:103990009DED000A8DED010AFFE79DED010A44F659
:1039A0003820C2F2014080ED560A08B080BD00BF49
:1039B000000034C20000344240F21860C2F200003D
:1039C000B0F91A10002011F5C87FB8BF0120704768
:1039D00080B58AB0089004F06BFE0490089828B96E
:1039E000FFE701208DF8270000F0AABC089890F8A6
:1039F000350002280ED0FFE7089980204865FFE7D0
:103A00000899002081F83400FFE701208DF8270095
:103A100000F096BC0898016801201022C4F202024E
:103A20009142039000F0A380FFE70898016801200D
:103A30002822C4F202029142039000F09880FFE72E
:103A40000898016801204022C4F2020291420390CA
:103A500000F08D80FFE70898016801205822C4F229
:103A600002029142039000F08280FFE7089801680B
:103A700001207022C4F202029142039077D0FFE746
:103A80000898016801208822C4F202029142039042
:103A90006DD0FFE7089801680120A022C4F202025D
:103AA0009142039063D0FFE7089801680120B82293
:103AB000C4F202029142039059D0FFE708980168CE
:103AC000012040F21042C4F20202914203904ED013
:103AD000FFE708980168012040F22842C4F2020280
:103AE0009142039043D0FFE708980168012040F21B
:103AF0004042C4F202029142039038D0FFE7089896
:103B00000168012040F25842C4F20202914203903F
:103B10002DD0FFE708980168012040F27042C4F2FE
:103B200002029142039022D0FFE708980168012029
:103B300040F28842C4F202029142039017D0FFE79C
:103B400008980168012040F2A042C4F202029142AA
:103B500003900CD0FFE7089800684FF64831CBF689
:103B6000FD710844B0FA80F040090390FFE7039824
:103B7000C00780B1FFE708980168086820F01E00C0
:103B8000086008980168486920F08000486108983A
:103B90000068059009E008980168086820F00E00A8
:103BA0000860089800680590FFE708980168012000
:103BB0001022C4F202029142029000F00381FFE75A
:103BC0000898016801202822C4F202029142029062
:103BD00000F0F880FFE70898016801204022C4F255
:103BE00002029142029000F0ED80FFE70898016820
:103BF00001205822C4F202029142029000F0E280B9
:103C0000FFE70898016801207022C4F20202914285
:103C1000029000F0D780FFE7089801680120882211
:103C2000C4F202029142029000F0CC80FFE70898B3
:103C300001680120A022C4F202029142029000F029
:103C4000C180FFE7089801680120B822C4F202028F
:103C50009142029000F0B680FFE7089801680120C9
:103C600040F21042C4F202029142029000F0AA8097
:103C7000FFE708980168012040F22842C4F20202DE
:103C80009142029000F09E80FFE7089801680120B1
:103C900040F24042C4F202029142029000F092804F
:103CA000FFE708980168012040F25842C4F202027E
:103CB0009142029000F08680FFE708980168012099
:103CC00040F27042C4F20202914202907AD0FFE7C1
:103CD00008980168012040F28842C4F20202914231
:103CE00002906FD0FFE708980168012040F2A042DF
:103CF000C4F202029142029064D0FFE70898016882
:103D0000012040F2B842C4F202029142029059D01E
:103D1000FFE708980168012045F20842C5F6020253
:103D2000914202904ED0FFE708980168012045F2C9
:103D30001C42C5F602029142029043D0FFE7089868
:103D40000168012045F23042C5F60202914202901C
:103D500038D0FFE708980168012045F24442C5F6D3
:103D60000202914202902DD0FFE7089801680120DD
:103D700045F25842C5F602029142029022D0FFE776
:103D800008980168012045F26C42C5F60202914292
:103D9000029017D0FFE708980168012045F28042A1
:103DA000C5F60202914202900CD0FFE70898006825
:103DB0004AF66C31CAF2FD710844B0FA80F040094D
:103DC0000290FFE70298C00738B1FFE70898016E3C
:103DD000086820F480700860FFE7089800681021E8
:103DE000C4F20201884200F08180FFE70898006871
:103DF0002821C4F20201884278D0FFE708980068C1
:103E00004021C4F20201884270D0FFE708980068A0
:103E10005821C4F20201884268D0FFE70898006880
:103E20007021C4F20201884260D0FFE70898006860
:103E30008821C4F20201884258D0FFE70898006840
:103E4000A021C4F20201884250D0FFE70898006820
:103E5000B821C4F20201884248D0FFE70898006800
:103E600040F21041C4F2020188423FD0FFE70898B7
:103E7000006840F22841C4F20201884236D0FFE7D0
:103E80000898006840F24041C4F2020188422DD0F7
:103E9000FFE70898006840F25841C4F202018842E6
:103EA00024D0FFE70898006840F27041C4F2020194
:103EB00088421BD0FFE70898006840F28841C4F2AE
:103EC0000201884212D0FFE70898006840F2A04142
:103ED000C4F20201884209D0FFE70898006840F266
:103EE000B841C4F20201884207D1FFE7089801688F
:103EF000086820F00100086006E00898016808687A
:103F000020F001000860FFE7FFE705980068C007A0
:103F1000C8B1FFE704F0CCFB0499401A062811D37E
:103F2000FFE70899202048650899032081F83500AB
:103F3000FFE70899002081F83400FFE701208DF8A1
:103F40002700FDE1E1E70898016801201022C4F292
:103F500002029142019000F0A380FFE708980168F7
:103F600001202822C4F202029142019000F09880C0
:103F7000FFE70898016801204022C4F20202914242
:103F8000019000F08D80FFE7089801680120582219
:103F9000C4F202029142019000F08280FFE708988B
:103FA000016801207022C4F202029142019077D090
:103FB000FFE70898016801208822C4F202029142BA
:103FC00001906DD0FFE7089801680120A022C4F29B
:103FD00002029142019063D0FFE708980168012036
:103FE000B822C4F202029142019059D0FFE708982A
:103FF0000168012040F21042C4F202029142019095
:104000004ED0FFE708980168012040F22842C4F230
:1040100002029142019043D0FFE708980168012015
:1040200040F24042C4F202029142019038D0FFE7D0
:1040300008980168012040F25842C4F202029142FD
:1040400001902DD0FFE708980168012040F27042EE
:10405000C4F202029142019022D0FFE70898016861
:10406000012040F28842C4F202029142019017D02E
:10407000FFE708980168012040F2A042C4F2020262
:10408000914201900CD0FFE7089800684FF6483144
:10409000CBF6FD710844B0FA80F040090190FFE7CB
:1040A0000198C00760B1FFE70898806D07900898F5
:1040B000C06D00F01F013F208840079988600BE029
:1040C0000898806D06900898C06D00F01F010120CF
:1040D000884006994860FFE708980168012010228F
:1040E000C4F202029142009000F00381FFE70898B9
:1040F000016801202822C4F202029142009000F0DF
:10410000F880FFE70898016801204022C4F202020B
:104110009142009000F0ED80FFE7089801680120CF
:104120005822C4F202029142009000F0E280FFE7C0
:104130000898016801207022C4F2020291420090A6
:1041400000F0D780FFE70898016801208822C4F2B8
:1041500002029142009000F0CC80FFE708980168CD
:104160000120A022C4F202029142009000F0C1801E
:10417000FFE7089801680120B822C4F202029142C8
:10418000009000F0B680FFE708980168012040F237
:104190001042C4F202029142009000F0AA80FFE7B0
:1041A00008980168012040F22842C4F202029142BC
:1041B000009000F09E80FFE708980168012040F21F
:1041C0004042C4F202029142009000F09280FFE768
:1041D00008980168012040F25842C4F2020291425C
:1041E000009000F08680FFE708980168012040F207
:1041F0007042C4F20202914200907AD0FFE7089820
:104200000168012040F28842C4F20202914200900B
:104210006FD0FFE708980168012040F2A042C4F285
:1042200002029142009064D0FFE7089801680120E3
:1042300040F2B842C4F202029142009059D0FFE726
:1042400008980168012045F20842C5F60202914231
:1042500000904ED0FFE708980168012045F21C420B
:10426000C5F602029142009043D0FFE7089801682A
:10427000012045F23042C5F602029142009038D04A
:10428000FFE708980168012045F24442C5F60202A2
:10429000914200902DD0FFE708980168012045F277
:1042A0005842C5F602029142009022D0FFE70898DA
:1042B0000168012045F26C42C5F60202914200906D
:1042C00017D0FFE708980168012045F28042C5F643
:1042D0000202914200900CD0FFE7089800684AF66D
:1042E0006C31CAF2FD710844B0FA80F040090090C8
:1042F000FFE70098C007A0B1FFE70898416E806E05
:1043000048600898C06E58B1FFE70898C16E086809
:1043100020F4807008600898016F406F4860FFE7E4
:10432000FFE70899012081F83500FFE70899002090
:1043300081F83400FFE7FFE700208DF82700FFE752
:104340009DF827000AB080BD80B586B0049004981F
:1043500020B9FFE701208DF8170046E3049890F894
:104360003500022807D0FFE7049980204865012026
:104370008DF8170039E30498016801201022C4F277
:1043800002029142029000F0A380FFE704980168C6
:1043900001202822C4F202029142029000F098808B
:1043A000FFE70498016801204022C4F20202914212
:1043B000029000F08D80FFE70498016801205822E8
:1043C000C4F202029142029000F08280FFE704985A
:1043D000016801207022C4F202029142029077D05B
:1043E000FFE70498016801208822C4F2020291428A
:1043F00002906DD0FFE7049801680120A022C4F26A
:1044000002029142029063D0FFE704980168012004
:10441000B822C4F202029142029059D0FFE70498F8
:104420000168012040F21042C4F20202914202905F
:104430004ED0FFE704980168012040F22842C4F200
:1044400002029142029043D0FFE7049801680120E4
:1044500040F24042C4F202029142029038D0FFE79B
:1044600004980168012040F25842C4F202029142CD
:1044700002902DD0FFE704980168012040F27042BD
:10448000C4F202029142029022D0FFE70498016830
:10449000012040F28842C4F202029142029017D0F9
:1044A000FFE704980168012040F2A042C4F2020232
:1044B000914202900CD0FFE7049800684FF6483113
:1044C000CBF6FD710844B0FA80F040090290FFE796
:1044D0000298C007002800F09D80FFE7049904209F
:1044E00081F83500049800681021C4F20201884266
:1044F00000F08180FFE7049800682821C4F20201DF
:10450000884278D0FFE7049800684021C4F2020195
:10451000884270D0FFE7049800685821C4F2020175
:10452000884268D0FFE7049800687021C4F2020155
:10453000884260D0FFE7049800688821C4F2020135
:10454000884258D0FFE704980068A021C4F2020115
:10455000884250D0FFE704980068B821C4F20201F5
:10456000884248D0FFE70498006840F21041C4F246
:10457000020188423FD0FFE70498006840F22841DA
:10458000C4F20201884236D0FFE70498006840F286
:104590004041C4F2020188422DD0FFE70498006830
:1045A00040F25841C4F20201884224D0FFE7049847
:1045B000006840F27041C4F2020188421BD0FFE75C
:1045C0000498006840F28841C4F20201884212D087
:1045D000FFE70498006840F2A041C4F2020188425B
:1045E00009D0FFE70498006840F2B841C4F2020124
:1045F000884207D1FFE704980168086820F00100AD
:10460000086006E004980168086820F0010008606E
:10461000FFE7E5E104980168086820F00E000860F3
:10462000049800681021C4F20201884200F08180E1
:10463000FFE7049800682821C4F20201884278D07C
:10464000FFE7049800684021C4F20201884270D05C
:10465000FFE7049800685821C4F20201884268D03C
:10466000FFE7049800687021C4F20201884260D01C
:10467000FFE7049800688821C4F20201884258D0FC
:10468000FFE704980068A021C4F20201884250D0DC
:10469000FFE704980068B821C4F20201884248D0BC
:1046A000FFE70498006840F21041C4F2020188421A
:1046B0003FD0FFE70498006840F22841C4F20201AD
:1046C000884236D0FFE70498006840F24041C4F2C7
:1046D000020188422DD0FFE70498006840F258415B
:1046E000C4F20201884224D0FFE70498006840F237
:1046F0007041C4F2020188421BD0FFE704980068B1
:1047000040F28841C4F20201884212D0FFE70498C7
:10471000006840F2A041C4F20201884209D0FFE7DC
:104720000498006840F2B841C4F20201884207D1FF
:10473000FFE704980168086820F00100086006E0BF
:1047400004980168086820F001000860FFE70498F9
:10475000016801201022C4F202029142019000F08F
:104760000381FFE70498016801202822C4F20202B5
:104770009142019000F0F880FFE704980168012061
:104780004022C4F202029142019000F0ED80FFE766
:104790000498016801205822C4F20202914201905B
:1047A00000F0E280FFE70498016801207022C4F263
:1047B00002029142019000F0D780FFE7049801685F
:1047C00001208822C4F202029142019000F0CC80C4
:1047D000FFE7049801680120A022C4F2020291427E
:1047E000019000F0C180FFE7049801680120B82221
:1047F000C4F202029142019000F0B680FFE70498F3
:104800000168012040F21042C4F20202914201907C
:1048100000F0AA80FFE704980168012040F22842D6
:10482000C4F202029142019000F09E80FFE70498DA
:104830000168012040F24042C4F20202914201901C
:1048400000F09280FFE704980168012040F258428E
:10485000C4F202029142019000F08680FFE70498C2
:104860000168012040F27042C4F2020291420190BC
:104870007AD0FFE704980168012040F28842C4F230
:104880000202914201906FD0FFE704980168012075
:1048900040F2A042C4F202029142019064D0FFE7CC
:1048A00004980168012040F2B842C4F20202914229
:1048B000019059D0FFE704980168012045F20842B1
:1048C000C5F60202914201904ED0FFE704980168BC
:1048D000012045F21C42C5F602029142019043D0EC
:1048E000FFE704980168012045F23042C5F6020254
:1048F0009142019038D0FFE704980168012045F209
:104900004442C5F60202914201902DD0FFE704987F
:104910000168012045F25842C5F602029142019019
:1049200022D0FFE704980168012045F26C42C5F6E9
:1049300002029142019017D0FFE70498016801201C
:1049400045F28042C5F60202914201900CD0FFE789
:10495000049800684AF66C31CAF2FD710844B0FA56
:1049600080F040090190FFE70198C00728B3FFE7F6
:104970000498016E086820F4807008600498806DC7
:1049800003900498C06D00F01F0101208840039936
:1049900048600498416E806E48600498C06E58B1BB
:1049A000FFE70498C16E086820F4807008600498DE
:1049B000016F406F4860FFE7FFE70499012081F82D
:1049C0003500FFE70499002081F83400FFE70498E0
:1049D000006D20B1FFE70498016D8847FFE7FFE70E
:1049E000FFE700208DF81700FFE79DF8170006B0DD
:1049F00080BD00000000000080B590B00F90002046
:104A00000B9040F25C10C2F20040006848F2B51111
:104A1000C1F64E31A0FB0110800A0A900F98806DFC
:104A200009900F98806D0890099800680E9008987A
:104A300000680D900F98016801201022C4F2020254
:104A40009142079000F0A380FFE70F9801680120D2
:104A50002822C4F202029142079000F09880FFE7FA
:104A60000F98016801204022C4F20202914207908F
:104A700000F08D80FFE70F98016801205822C4F2F2
:104A800002029142079000F08280FFE70F980168D0
:104A900001207022C4F202029142079077D0FFE712
:104AA0000F98016801208822C4F202029142079007
:104AB0006DD0FFE70F9801680120A022C4F2020226
:104AC0009142079063D0FFE70F9801680120B82258
:104AD000C4F202029142079059D0FFE70F98016893
:104AE000012040F21042C4F20202914207904ED0DF
:104AF000FFE70F980168012040F22842C4F2020249
:104B00009142079043D0FFE70F980168012040F2DF
:104B10004042C4F202029142079038D0FFE70F985A
:104B20000168012040F25842C4F20202914207900B
:104B30002DD0FFE70F980168012040F27042C4F2C7
:104B400002029142079022D0FFE70F9801680120EE
:104B500040F28842C4F202029142079017D0FFE768
:104B60000F980168012040F2A042C4F20202914273
:104B700007900CD0FFE70F9800684FF64831CBF64E
:104B8000FD710844B0FA80F040090790FFE70798EC
:104B9000C007002800F01385FFE70E980F99C96D34
:104BA00001F01F01C8400007002840F1B080FFE776
:104BB0000F9800681021C4F20201884200F0818041
:104BC000FFE70F9800682821C4F20201884278D0DC
:104BD000FFE70F9800684021C4F20201884270D0BC
:104BE000FFE70F9800685821C4F20201884268D09C
:104BF000FFE70F9800687021C4F20201884260D07C
:104C0000FFE70F9800688821C4F20201884258D05B
:104C1000FFE70F980068A021C4F20201884250D03B
:104C2000FFE70F980068B821C4F20201884248D01B
:104C3000FFE70F98006840F21041C4F20201884279
:104C40003FD0FFE70F98006840F22841C4F202010C
:104C5000884236D0FFE70F98006840F24041C4F226
:104C6000020188422DD0FFE70F98006840F25841BA
:104C7000C4F20201884224D0FFE70F98006840F296
:104C80007041C4F2020188421BD0FFE70F98006810
:104C900040F28841C4F20201884212D0FFE70F9827
:104CA000006840F2A041C4F20201884209D0FFE747
:104CB0000F98006840F2B841C4F20201884207D15F
:104CC000FFE70F980068006800F00400069006E017
:104CD0000F980068006800F008000690FFE706984B
:104CE000A0B1FFE70F980168086820F00400086091
:104CF0000F98C06D00F01F01082088400999886056
:104D00000F99486D40F001004865FFE7FFE70E98F6
:104D10000F99C96D01F01F01C840C007002800F0BD
:104D2000A980FFE70F9800681021C4F202018842B1
:104D300000F08180FFE70F9800682821C4F202018B
:104D4000884278D0FFE70F9800684021C4F2020142
:104D5000884270D0FFE70F9800685821C4F2020122
:104D6000884268D0FFE70F9800687021C4F2020102
:104D7000884260D0FFE70F9800688821C4F20201E2
:104D8000884258D0FFE70F980068A021C4F20201C2
:104D9000884250D0FFE70F980068B821C4F20201A2
:104DA000884248D0FFE70F98006840F21041C4F2F3
:104DB000020188423FD0FFE70F98006840F2284187
:104DC000C4F20201884236D0FFE70F98006840F233
:104DD0004041C4F2020188422DD0FFE70F980068DD
:104DE00040F25841C4F20201884224D0FFE70F98F4
:104DF000006840F27041C4F2020188421BD0FFE714
:104E00000F98006840F28841C4F20201884212D033
:104E1000FFE70F98006840F2A041C4F20201884207
:104E200009D0FFE70F98006840F2B841C4F20201D0
:104E3000884207D1FFE70F980068406900F08000C2
:104E4000059005E00F980068006800200590FFE7D6
:104E5000059870B1FFE70F98C06D00F01F010120A9
:104E60008840099988600F99486D40F002004865B4
:104E7000FFE7FFE70E980F99C96D01F01F01C840C9
:104E80004007002840F1A980FFE70F980068102133
:104E9000C4F20201884200F08180FFE70F980068A9
:104EA0002821C4F20201884278D0FFE70F980068F9
:104EB0004021C4F20201884270D0FFE70F980068D9
:104EC0005821C4F20201884268D0FFE70F980068B9
:104ED0007021C4F20201884260D0FFE70F98006899
:104EE0008821C4F20201884258D0FFE70F98006879
:104EF000A021C4F20201884250D0FFE70F98006859
:104F0000B821C4F20201884248D0FFE70F98006838
:104F100040F21041C4F2020188423FD0FFE70F98EF
:104F2000006840F22841C4F20201884236D0FFE70F
:104F30000F98006840F24041C4F2020188422DD02F
:104F4000FFE70F98006840F25841C4F2020188421E
:104F500024D0FFE70F98006840F27041C4F20201CC
:104F600088421BD0FFE70F98006840F28841C4F2E6
:104F70000201884212D0FFE70F98006840F2A0417A
:104F8000C4F20201884209D0FFE70F98006840F29E
:104F9000B841C4F20201884207D1FFE70F980068C8
:104FA000006800F00200049005E00F9800680068B7
:104FB00000200490FFE7049870B1FFE70F98C06DE0
:104FC00000F01F0104208840099988600F99486DFE
:104FD00040F004004865FFE7FFE70E980F99C96DA0
:104FE00001F01F01C840C006002840F1DE80FFE745
:104FF0000F9800681021C4F20201884200F08180FD
:10500000FFE70F9800682821C4F20201884278D097
:10501000FFE70F9800684021C4F20201884270D077
:10502000FFE70F9800685821C4F20201884268D057
:10503000FFE70F9800687021C4F20201884260D037
:10504000FFE70F9800688821C4F20201884258D017
:10505000FFE70F980068A021C4F20201884250D0F7
:10506000FFE70F980068B821C4F20201884248D0D7
:10507000FFE70F98006840F21041C4F20201884235
:105080003FD0FFE70F98006840F22841C4F20201C8
:10509000884236D0FFE70F98006840F24041C4F2E2
:1050A000020188422DD0FFE70F98006840F2584176
:1050B000C4F20201884224D0FFE70F98006840F252
:1050C0007041C4F2020188421BD0FFE70F980068CC
:1050D00040F28841C4F20201884212D0FFE70F98E3
:1050E000006840F2A041C4F20201884209D0FFE703
:1050F0000F98006840F2B841C4F20201884207D11B
:10510000FFE70F980068006800F00800039006E0D1
:105110000F980068006800F004000390FFE7039810
:10512000002841D0FFE70F98C06D00F01F0110204C
:105130008840099988600F9800680068400300283B
:105140001AD5FFE70F98006800680003002809D40B
:10515000FFE70F98006C20B1FFE70F98016C8847BC
:10516000FFE708E00F98806C20B1FFE70F98816C93
:105170008847FFE7FFE716E00F9800680068C00562
:10518000002807D4FFE70F980168086820F008009E
:105190000860FFE70F98006C20B1FFE70F98016CE3
:1051A0008847FFE7FFE7FFE7FFE70E980F99C96D14
:1051B00001F01F01C8408006002840F12681FFE76A
:1051C0000F9800681021C4F20201884200F081802B
:1051D000FFE70F9800682821C4F20201884278D0C6
:1051E000FFE70F9800684021C4F20201884270D0A6
:1051F000FFE70F9800685821C4F20201884268D086
:10520000FFE70F9800687021C4F20201884260D065
:10521000FFE70F9800688821C4F20201884258D045
:10522000FFE70F980068A021C4F20201884250D025
:10523000FFE70F980068B821C4F20201884248D005
:10524000FFE70F98006840F21041C4F20201884263
:105250003FD0FFE70F98006840F22841C4F20201F6
:10526000884236D0FFE70F98006840F24041C4F210
:10527000020188422DD0FFE70F98006840F25841A4
:10528000C4F20201884224D0FFE70F98006840F280
:105290007041C4F2020188421BD0FFE70F980068FA
:1052A00040F28841C4F20201884212D0FFE70F9811
:1052B000006840F2A041C4F20201884209D0FFE731
:1052C0000F98006840F2B841C4F20201884207D149
:1052D000FFE70F980068006800F01000029006E0F9
:1052E0000F980068006800F002000290FFE7029843
:1052F000002800F08980FFE70F98C06D00F01F01C3
:1053000020208840099988600F9890F8350004287B
:1053100037D1FFE70F980168086820F01600086091
:105320000F980168486920F0800048610F98006C70
:1053300020B9FFE70F98806C38B1FFE70F9801683C
:10534000086820F008000860FFE70F98C06D00F0C3
:105350001F013F208840099988600F99012081F83A
:105360003500FFE70F99002081F83400FFE70F9820
:10537000006D20B1FFE70F98016D8847FFE700F04F
:1053800019BC0F9800680068400300281AD5FFE791
:105390000F98006800680003002809D4FFE70F9801
:1053A000406C20B1FFE70F98416C8847FFE708E0A9
:1053B0000F98C06B20B1FFE70F98C16B8847FFE7DC
:1053C000FFE720E00F9800680068C005002811D4AE
:1053D000FFE70F980168086820F0100008600F9937
:1053E000012081F83500FFE70F99002081F8340093
:1053F000FFE7FFE70F98C06B20B1FFE70F98C16B85
:105400008847FFE7FFE7FFE7FFE70F98406D0028B9
:1054100000F0D480FFE70F98406DC007002800F02F
:10542000C480FFE70F99042081F835000F980068C9
:105430001021C4F20201884200F08180FFE70F983A
:1054400000682821C4F20201884278D0FFE70F9853
:1054500000684021C4F20201884270D0FFE70F9833
:1054600000685821C4F20201884268D0FFE70F9813
:1054700000687021C4F20201884260D0FFE70F98F3
:1054800000688821C4F20201884258D0FFE70F98D3
:105490000068A021C4F20201884250D0FFE70F98B3
:1054A0000068B821C4F20201884248D0FFE70F9893
:1054B000006840F21041C4F2020188423FD0FFE789
:1054C0000F98006840F22841C4F20201884236D0A9
:1054D000FFE70F98006840F24041C4F202018842A1
:1054E0002DD0FFE70F98006840F25841C4F2020146
:1054F000884224D0FFE70F98006840F27041C4F260
:10550000020188421BD0FFE70F98006840F28841F3
:10551000C4F20201884212D0FFE70F98006840F2FF
:10552000A041C4F20201884209D0FFE70F98006849
:1055300040F2B841C4F20201884207D1FFE70F9858
:105540000168086820F00100086006E00F98016813
:10555000086820F001000860FFE7FFE70B980130C2
:105560000B900A99884201D9FFE707E0FFE70F98FF
:1055700000680068C0070028F0D1FFE70F980068B6
:105580000068C00728B1FFE70F99032081F83500B4
:1055900004E00F99012081F83500FFE7FFE70F993C
:1055A000002081F83400FFE7FFE70F98C06C20B1BE
:1055B000FFE70F98C16C8847FFE7FFE7FAE20F9813
:1055C0000168012045F20842C5F6020291420190AD
:1055D0004ED0FFE70F980168012045F21C42C5F646
:1055E00002029142019043D0FFE70F980168012029
:1055F00045F23042C5F602029142019038D0FFE7F1
:105600000F980168012045F24442C5F6020291421A
:1056100001902DD0FFE70F980168012045F2584214
:10562000C5F602029142019022D0FFE70F9801686F
:10563000012045F26C42C5F602029142019017D05A
:10564000FFE70F980168012045F28042C5F602028B
:10565000914201900CD0FFE70F9800684AF66C3138
:10566000CAF2FD710844B0FA80F040090190FFE7EA
:105670000198C007002800F09B82FFE70F980068A0
:1056800000680C900D980F99C96D01F01F01C8407A
:105690004007002840F1D780FFE79DF83000400721
:1056A000002840F1D080FFE70F98C06D00F01F0187
:1056B00004208840089948609DF8310000060028C1
:1056C00018D5FFE79DF83200C00748B9FFE70F98EB
:1056D000806C20B1FFE70F98816C8847FFE708E0F6
:1056E0000F98006C20B1FFE70F98016C8847FFE727
:1056F000FFE7A7E09DF830008006002800F19980C0
:10570000FFE70F9800681021C4F20201884200F000
:105710008180FFE70F9800682821C4F202018842C7
:1057200078D0FFE70F9800684021C4F20201884258
:1057300070D0FFE70F9800685821C4F20201884238
:1057400068D0FFE70F9800687021C4F20201884218
:1057500060D0FFE70F9800688821C4F202018842F8
:1057600058D0FFE70F980068A021C4F202018842D8
:1057700050D0FFE70F980068B821C4F202018842B8
:1057800048D0FFE70F98006840F21041C4F20201D0
:1057900088423FD0FFE70F98006840F22841C4F2EA
:1057A0000201884236D0FFE70F98006840F240417E
:1057B000C4F2020188422DD0FFE70F98006840F242
:1057C0005841C4F20201884224D0FFE70F980068D4
:1057D00040F27041C4F2020188421BD0FFE70F98EB
:1057E000006840F28841C4F20201884212D0FFE70B
:1057F0000F98006840F2A041C4F20201884209D02B
:10580000FFE70F98006840F2B841C4F202018842F5
:1058100007D1FFE70F980168086820F008000860CA
:1058200006E00F980168086820F004000860FFE7B0
:10583000FFE70F98006C20B1FFE70F98016C8847D5
:10584000FFE7FFE7B3E10D980F99C96D01F01F0164
:10585000C8408007002840F1E180FFE79DF8300054
:105860008007002840F1DA80FFE70F98C06D00F054
:105870001F0102208840089948609DF83100000609
:10588000002818D5FFE79DF83200C00748B9FFE7A8
:105890000F98406C20B1FFE70F98416C8847FFE7F5
:1058A00008E00F98C06B20B1FFE70F98C16B8847E5
:1058B000FFE7FFE7B1E09DF830008006002800F127
:1058C000A380FFE70F9800681021C4F2020188420C
:1058D00000F08180FFE70F9800682821C4F20201E0
:1058E000884278D0FFE70F9800684021C4F2020197
:1058F000884270D0FFE70F9800685821C4F2020177
:10590000884268D0FFE70F9800687021C4F2020156
:10591000884260D0FFE70F9800688821C4F2020136
:10592000884258D0FFE70F980068A021C4F2020116
:10593000884250D0FFE70F980068B821C4F20201F6
:10594000884248D0FFE70F98006840F21041C4F247
:10595000020188423FD0FFE70F98006840F22841DB
:10596000C4F20201884236D0FFE70F98006840F287
:105970004041C4F2020188422DD0FFE70F98006831
:1059800040F25841C4F20201884224D0FFE70F9848
:10599000006840F27041C4F2020188421BD0FFE768
:1059A0000F98006840F28841C4F20201884212D088
:1059B000FFE70F98006840F2A041C4F2020188425C
:1059C00009D0FFE70F98006840F2B841C4F2020125
:1059D000884207D1FFE70F980168086820F014009B
:1059E000086006E00F980168086820F00A00086067
:1059F000FFE70F99012081F83500FFE70F9900209C
:105A000081F83400FFE7FFE70F98C06B20B1FFE794
:105A10000F98C16B8847FFE7FFE7C7E00D980F9924
:105A2000C96D01F01F01C8400007002840F1BC808B
:105A3000FFE79DF830000007002840F1B580FFE740
:105A40000F9800681021C4F20201884200F08180A2
:105A5000FFE70F9800682821C4F20201884278D03D
:105A6000FFE70F9800684021C4F20201884270D01D
:105A7000FFE70F9800685821C4F20201884268D0FD
:105A8000FFE70F9800687021C4F20201884260D0DD
:105A9000FFE70F9800688821C4F20201884258D0BD
:105AA000FFE70F980068A021C4F20201884250D09D
:105AB000FFE70F980068B821C4F20201884248D07D
:105AC000FFE70F98006840F21041C4F202018842DB
:105AD0003FD0FFE70F98006840F22841C4F202016E
:105AE000884236D0FFE70F98006840F24041C4F288
:105AF000020188422DD0FFE70F98006840F258411C
:105B0000C4F20201884224D0FFE70F98006840F2F7
:105B10007041C4F2020188421BD0FFE70F98006871
:105B200040F28841C4F20201884212D0FFE70F9888
:105B3000006840F2A041C4F20201884209D0FFE7A8
:105B40000F98006840F2B841C4F20201884207D1C0
:105B5000FFE70F980168086820F01C00086006E065
:105B60000F980168086820F00E000860FFE70F98A2
:105B7000C06D00F01F01012000FA01F1089A516088
:105B80000F9948650F9981F83500FFE70F990020BC
:105B900081F83400FFE70F98C06C20B1FFE70F9841
:105BA000C16C8847FFE700E0FFE7FFE7FFE700E0A1
:105BB000FFE7FFE710B080BD10B58EB00C9002F08B
:105BC00077FD0A900C9828B9FFE701208DF837007F
:105BD00000F09EBC0C98016801201022C4F2020261
:105BE0009142079000F0A380FFE70C980168012024
:105BF0002822C4F202029142079000F09880FFE749
:105C00000C98016801204022C4F2020291420790E0
:105C100000F08D80FFE70C98016801205822C4F243
:105C200002029142079000F08280FFE70C98016821
:105C300001207022C4F202029142079077D0FFE760
:105C40000C98016801208822C4F202029142079058
:105C50006DD0FFE70C9801680120A022C4F2020277
:105C60009142079063D0FFE70C9801680120B822A9
:105C7000C4F202029142079059D0FFE70C980168E4
:105C8000012040F21042C4F20202914207904ED02D
:105C9000FFE70C980168012040F22842C4F202029A
:105CA0009142079043D0FFE70C980168012040F231
:105CB0004042C4F202029142079038D0FFE70C98AC
:105CC0000168012040F25842C4F20202914207905A
:105CD0002DD0FFE70C980168012040F27042C4F219
:105CE00002029142079022D0FFE70C980168012040
:105CF00040F28842C4F202029142079017D0FFE7B7
:105D00000C980168012040F2A042C4F202029142C4
:105D100007900CD0FFE70C9800684FF64831CBF69F
:105D2000FD710844B0FA80F040090790FFE707983A
:105D3000C007002800F07881FFE70C98406A08B19E
:105D4000FFE7FFE70C99022081F83500FFE70C9987
:105D5000002081F83400FFE70C9800681021C4F29D
:105D60000201884200F08180FFE70C98006828213A
:105D7000C4F20201884278D0FFE70C980068402105
:105D8000C4F20201884270D0FFE70C9800685821E5
:105D9000C4F20201884268D0FFE70C9800687021C5
:105DA000C4F20201884260D0FFE70C9800688821A5
:105DB000C4F20201884258D0FFE70C980068A02185
:105DC000C4F20201884250D0FFE70C980068B82165
:105DD000C4F20201884248D0FFE70C98006840F204
:105DE0001041C4F2020188423FD0FFE70C980068DE
:105DF00040F22841C4F20201884236D0FFE70C98F5
:105E0000006840F24041C4F2020188422DD0FFE711
:105E10000C98006840F25841C4F20201884224D034
:105E2000FFE70C98006840F27041C4F2020188421A
:105E30001BD0FFE70C98006840F28841C4F20201D1
:105E4000884212D0FFE70C98006840F2A041C4F2EB
:105E50000201884209D0FFE70C98006840F2B8417F
:105E6000C4F20201884207D1FFE70C980168086874
:105E700020F00100086006E00C980168086820F036
:105E800001000860FFE7FFE70C9800680068C007A2
:105E900098B1FFE702F00CFC0A99401A06280BD3D0
:105EA000FFE70C99202048650C99032081F8350004
:105EB00001208DF837002BE3E6E70C9800680068B6
:105EC0000B900B9848F23F01CFF6106108400B9001
:105ED0000C998868D1F80CC00B694A6940EA0C003B
:105EE000184310438A691043CA691043096A014381
:105EF0000B9808430B900C98406A042808D1FFE7E0
:105F00000C99C86A096B01430B9808430B90FFE793
:105F10000C984068292807D3FFE70C9841680120B6
:105F20002F29069036D3FFE70C9840683F2807D307
:105F3000FFE70C9841680120432906902AD3FFE728
:105F40000C984068472807D3FFE70C984168012068
:105F5000492906901ED3FFE70C9840684F2807D3C5
:105F6000FFE70C98416801205329069012D3FFE700
:105F70000C98416800207429059008D3FFE70C981D
:105F800041680020782938BF01200590FFE7059877
:105F90000690FFE70698C00728B1FFE70B9840F48A
:105FA00080100B90FFE70B980C99096808600C981B
:105FB000006840690B900B9820F007000B900C983C
:105FC000416A0B9808430B900C98406A04281AD138
:105FD000FFE70C98816A0B9808430B900C98C06AF5
:105FE00080B1FFE70C98FCF703F950B1FFE70C997B
:105FF000402048650C99012081F835008DF8370064
:1060000086E2FFE7FFE70B980C99096848610C9856
:10601000FBF7B2FE09900C98C06D00F01F013F2005
:1060200088400999886026E10C980168012045F2B2
:106030000842C5F60202914204904ED0FFE70C9848
:106040000168012045F21C42C5F60202914204900B
:1060500043D0FFE70C980168012045F23042C5F6B5
:1060600002029142049038D0FFE70C9801680120A9
:1060700045F24442C5F60202914204902DD0FFE75A
:106080000C980168012045F25842C5F6020291427F
:10609000049022D0FFE70C980168012045F26C4281
:1060A000C5F602029142049017D0FFE70C980168F0
:1060B000012045F28042C5F60202914204900CD0C4
:1060C000FFE70C9800684AF66C31CAF2FD7108448B
:1060D000B0FA80F040090490FFE70498C007002858
:1060E00000F0BD80FFE70C980168012045F20842EE
:1060F000C5F60202914203904ED0FFE70C9801686A
:10610000012045F21C42C5F602029142039043D0A1
:10611000FFE70C980168012045F23042C5F6020203
:106120009142039038D0FFE70C980168012045F2B6
:106130004442C5F60202914203902DD0FFE70C982D
:106140000168012045F25842C5F6020291420390CF
:1061500022D0FFE70C980168012045F26C42C5F699
:1061600002029142039017D0FFE70C9801680120CA
:1061700045F28042C5F60202914203900CD0FFE73F
:106180000C9800684AF66C31CAF2FD710844B0FA06
:1061900080F040090390FFE70398C00708B1FFE7CC
:1061A000FFE70C99022081F83500FFE70C990020E9
:1061B00081F83400FFE70C98006800680B900B989A
:1061C0006FF310100B900C988068402803D1FFE704
:1061D0001020029008E00C9880688038B0FA80F0B7
:1061E000400980030290FFE702980C99CA680B6986
:1061F000D1F814C0D1F818E0CC694EEA040E4CEA8C
:106200000E0C43EA0C031A4340EAD200096A40EA42
:1062100011110B9808430B900B980C9909680860B2
:106220000C9908684AF6F832CAF2FD7210444CF62E
:10623000CD42CCF6CC42A0FB02026FF0030000EA94
:106240009200C8650C98FBF797FD08900C98C06DFC
:1062500000F01F0101208840089948600AE00C996D
:10626000402048650C99032081F8350001208DF805
:1062700037004DE1FFE70C98016801201022C4F2BD
:1062800002029142019000F00381FFE70C9801683F
:1062900001202822C4F202029142019000F0F8800D
:1062A000FFE70C98016801204022C4F202029142EB
:1062B000019000F0ED80FFE70C9801680120582262
:1062C000C4F202029142019000F0E280FFE70C98D4
:1062D000016801207022C4F202029142019000F094
:1062E000D780FFE70C98016801208822C4F20202DF
:1062F0009142019000F0CC80FFE70C9801680120EA
:10630000A022C4F202029142019000F0C180FFE796
:106310000C9801680120B822C4F202029142019057
:1063200000F0B680FFE70C980168012040F21042AF
:10633000C4F202029142019000F0AA80FFE70C989B
:106340000168012040F22842C4F202029142019009
:1063500000F09E80FFE70C980168012040F2404267
:10636000C4F202029142019000F09280FFE70C9883
:106370000168012040F25842C4F2020291420190A9
:1063800000F08680FFE70C980168012040F270421F
:10639000C4F20202914201907AD0FFE70C980168A2
:1063A000012040F28842C4F20202914201906FD073
:1063B000FFE70C980168012040F2A042C4F20202FB
:1063C0009142019064D0FFE70C980168012040F2EF
:1063D000B842C4F202029142019059D0FFE70C98F2
:1063E0000168012045F20842C5F60202914201907F
:1063F0004ED0FFE70C980168012045F21C42C5F61B
:1064000002029142019043D0FFE70C9801680120FD
:1064100045F23042C5F602029142019038D0FFE7C2
:106420000C980168012045F24442C5F602029142EF
:1064300001902DD0FFE70C980168012045F25842E9
:10644000C5F602029142019022D0FFE70C98016844
:10645000012045F26C42C5F602029142019017D02C
:10646000FFE70C980168012045F28042C5F6020260
:10647000914201900CD0FFE70C9800684AF66C310D
:10648000CAF2FD710844B0FA80F040090190FFE7BC
:106490000198C00790B3FFE70C98FBF755FD0C98E7
:1064A0008068802804D1FFE70C9900204860FFE74E
:1064B0000C990879096E08600C98416E806E4860EE
:1064C0000C98406888B1FFE70C98406808280CD801
:1064D000FFE70C98FBF7F4FD0C98C16E00200860F4
:1064E0000C98016F406F486007E00C990020C86667
:1064F0000C9908670C994867FFE7FFE70C990020A3
:1065000048650C9A012182F835108DF83700FFE7B5
:106510009DF837000EB010BD80B588B0069005918B
:106520000492039300208DF80B00069820B9FFE732
:1065300001208DF81F006CE3FFE7069890F8340007
:10654000012804D1FFE702208DF81F0061E30699BE
:10655000012081F83400FFE7FFE7069890F8350046
:10656000012840F04383FFE70699022081F83500B7
:10657000069900204865069800681021C4F20201BF
:10658000884200F08180FFE7069800682821C4F265
:106590000201884278D0FFE7069800684021C4F2E3
:1065A0000201884270D0FFE7069800685821C4F2C3
:1065B0000201884268D0FFE7069800687021C4F2A3
:1065C0000201884260D0FFE7069800688821C4F283
:1065D0000201884258D0FFE706980068A021C4F263
:1065E0000201884250D0FFE706980068B821C4F243
:1065F0000201884248D0FFE70698006840F2104147
:10660000C4F2020188423FD0FFE70698006840F2DA
:106610002841C4F20201884236D0FFE7069800689C
:1066200040F24041C4F2020188422DD0FFE70698B3
:10663000006840F25841C4F20201884224D0FFE7CA
:106640000698006840F27041C4F2020188421BD0F3
:10665000FFE70698006840F28841C4F202018842D0
:1066600012D0FFE70698006840F2A041C4F2020190
:10667000884209D0FFE70698006840F2B841C4F2AA
:106680000201884207D1FFE706980168086820F0F8
:106690000100086006E006980168086820F0010023
:1066A0000860FFE706980599049A039BFBF718FE1C
:1066B0000698016801201022C4F202029142019062
:1066C00000F0A380FFE70698016801202822C4F2A9
:1066D00002029142019000F09880FFE7069801685D
:1066E00001204022C4F202029142019000F08D800C
:1066F000FFE70698016801205822C4F20202914285
:10670000019000F08280FFE7069801680120702266
:10671000C4F202029142019077D0FFE70698016827
:1067200001208822C4F20202914201906DD0FFE75D
:10673000069801680120A022C4F202029142019051
:1067400063D0FFE7069801680120B822C4F2020274
:106750009142019059D0FFE706980168012040F26C
:106760001042C4F20202914201904ED0FFE7069817
:106770000168012040F22842C4F2020291420190D5
:1067800043D0FFE706980168012040F24042C4F27E
:1067900002029142019038D0FFE70698016801207B
:1067A00040F25842C4F20202914201902DD0FFE71C
:1067B00006980168012040F27042C4F20202914240
:1067C000019022D0FFE706980168012040F288423C
:1067D000C4F202029142019017D0FFE706980168C7
:1067E000012040F2A042C4F20202914201900CD07A
:1067F000FFE7069800684FF64831CBF6FD71084474
:10680000B0FA80F040090190FFE70198C007A8B1F5
:10681000FFE70698006800680B2161F344000699C1
:10682000096808600698006C38B1FFE706980168AF
:10683000086840F008000860FFE714E00698006868
:106840000068052161F3430006990968086006980D
:10685000006C38B1FFE706980168086840F0040052
:106860000860FFE7FFE70698016801201022C4F2E4
:1068700002029142009000F00381FFE70698016850
:1068800001202822C4F202029142009000F0F88018
:10689000FFE70698016801204022C4F202029142FB
:1068A000009000F0ED80FFE7069801680120582273
:1068B000C4F202029142009000F0E280FFE70698E5
:1068C000016801207022C4F202029142009000F09F
:1068D000D780FFE70698016801208822C4F20202EF
:1068E0009142009000F0CC80FFE7069801680120FB
:1068F000A022C4F202029142009000F0C180FFE7A2
:10690000069801680120B822C4F202029142009068
:1069100000F0B680FFE706980168012040F21042BF
:10692000C4F202029142009000F0AA80FFE70698AC
:106930000168012040F22842C4F202029142009014
:1069400000F09E80FFE706980168012040F2404277
:10695000C4F202029142009000F09280FFE7069894
:106960000168012040F25842C4F2020291420090B4
:1069700000F08680FFE706980168012040F270422F
:10698000C4F20202914200907AD0FFE706980168B3
:10699000012040F28842C4F20202914200906FD07E
:1069A000FFE706980168012040F2A042C4F202020B
:1069B0009142009064D0FFE706980168012040F200
:1069C000B842C4F202029142009059D0FFE7069803
:1069D0000168012045F20842C5F60202914200908A
:1069E0004ED0FFE706980168012045F21C42C5F62B
:1069F00002029142009043D0FFE70698016801200F
:106A000045F23042C5F602029142009038D0FFE7CD
:106A100006980168012045F24442C5F602029142FF
:106A200000902DD0FFE706980168012045F25842FA
:106A3000C5F602029142009022D0FFE70698016855
:106A4000012045F26C42C5F602029142009017D037
:106A5000FFE706980168012045F28042C5F6020270
:106A6000914200900CD0FFE7069800684AF66C311E
:106A7000CAF2FD710844B0FA80F040090090FFE7C7
:106A80000098C007D0B1FFE70698006E0068C00309
:106A9000002807D5FFE70698016E086840F480706B
:106AA0000860FFE70698C06E38B1FFE70698C16E30
:106AB000086840F480700860FFE7FFE70698006808
:106AC0001021C4F20201884200F08180FFE706989D
:106AD00000682821C4F20201884278D0FFE70698B6
:106AE00000684021C4F20201884270D0FFE7069896
:106AF00000685821C4F20201884268D0FFE7069876
:106B000000687021C4F20201884260D0FFE7069855
:106B100000688821C4F20201884258D0FFE7069835
:106B20000068A021C4F20201884250D0FFE7069815
:106B30000068B821C4F20201884248D0FFE70698F5
:106B4000006840F21041C4F2020188423FD0FFE7E2
:106B50000698006840F22841C4F20201884236D00B
:106B6000FFE70698006840F24041C4F20201884203
:106B70002DD0FFE70698006840F25841C4F20201A8
:106B8000884224D0FFE70698006840F27041C4F2C2
:106B9000020188421BD0FFE70698006840F2884156
:106BA000C4F20201884212D0FFE70698006840F262
:106BB000A041C4F20201884209D0FFE706980068AC
:106BC00040F2B841C4F20201884207D1FFE70698BB
:106BD0000168086840F00100086006E00698016856
:106BE000086840F001000860FFE70DE006994FF4E7
:106BF00000604865FFE70699002081F83400FFE750
:106C000001208DF80B00FFE79DF80B008DF81F00A9
:106C1000FFE79DF81F0008B080BD000000000000E5
:106C200080B584B0039001F043FD02900398019079
:106C30000198013048B1FFE740F29840C2F20040AD
:106C40000178019808440190FFE7FFE701F030FD6B
:106C50000299401A0199884201D2FFE7F6E704B091
:106C600080BD00000000000085B0039002910192F9
:106C7000039890F898008DF803009DF80300012810
:106C800005D0FFE79DF8030002285DD1FFE70298D9
:106C900003990968896D084207D1FFE703980168E5
:106CA000C86D40F00100C86515E0029803990968B5
:106CB000896D08400299884207D1FFE7039801686F
:106CC000C86D40F00200C86504E003980168032025
:106CD000C865FFE7FFE79DF809008007002809D590
:106CE000FFE7019A03980168D1F8E0001043C1F86A
:106CF000E000FFE79DF809004007002809D5FFE7FD
:106D0000019A03980168D1F8E4001043C1F8E40047
:106D1000FFE7FFE702984FF6FF71C3F6CF7100EA75
:106D2000010203980168486D10434865029A4AF6CB
:106D30001401C4F20001086840EA92700860FFE79D
:106D400000208DF813000AE00399D1F89C0040F070
:106D50000200C1F89C0001208DF81300FFE79DF8A8
:106D6000130005B07047000080B586B00490039111
:106D700002920398406808B9FFE700E0FFE7049833
:106D800090F89800022845D1FFE704980068D0F8F1
:106D9000C00010F07C5F0BD1FFE70499D1F89C0094
:106DA00040F02000C1F89C0001208DF817003CE065
:106DB00004980068D0F8C400800200280BD5FFE7D3
:106DC0000499D1F89C0040F40070C1F89C000120A7
:106DD0008DF8170029E004980068D0F8C400C0F3CB
:106DE0000440019004980399029A019BFCF7B4F9BE
:106DF0000199012000FA01F1049A1268C2F8D0103A
:106E0000019988400499C1F89400FFE700208DF8AB
:106E100017000AE00499D1F89C0040F00800C1F87E
:106E20009C0001208DF81700FFE79DF8170006B0C1
:106E300080BD00000000000082B00190009102B00F
:106E4000704700000000000084B0029001910092A1
:106E5000019808B9FFE700E0FFE7029890F8980072
:106E6000012836D1FFE7019870B9FFE70298006862
:106E7000D0F8F00020F07C50009940EA01600299BF
:106E80000968C1F8F00020E0019801280ED1FFE761
:106E900002980068D0F8A00020F0FE40009940EA77
:106EA000016002990968C1F8A0000DE0029800682D
:106EB000D0F8B00020F0FE40009940EA016002994D
:106EC0000968C1F8B000FFE7FFE700208DF80F0068
:106ED0000AE00299D1F89C0040F00400C1F89C003F
:106EE00001208DF80F00FFE79DF80F0004B07047F8
:106EF00087B005900491059890F898008DF80300EC
:106F00009DF80300012805D0FFE79DF80300022843
:106F10006AD1FFE70498C068072801D1FFE7FFE7BF
:106F20000498006878BBFFE70498C068072801D080
:106F3000FFE7FFE70498C06807280CD1FFE7049A31
:106F400010699169D269000440EA0220084340F0C8
:106F5000605003900CE004998868CB680A6949691D
:106F6000800740EAC36040EA024008430390FFE71D
:106F70000598C06E0499496800EB81000190039860
:106F8000019908602CE00498C068072801D0FFE749
:106F9000FFE70498C168006940EA417003900498D3
:106FA000C068072804D1FFE704988069029006E0D2
:106FB00004988168406940EA81700290FFE7059873
:106FC000006F0499496800EBC10001900398019992
:106FD0000860019804300190029801990860FFE769
:106FE00000208DF81B000AE00599D1F89C0040F0C4
:106FF0000200C1F89C0001208DF81B00FFE79DF8FE
:107000001B0007B07047000085B0DDF814C0039086
:10701000029101920093039890F89800012812D1F0
:10702000FFE702980001019940EA8100009940EAD7
:1070300041000599084303990968C1F880000020C0
:107040008DF813000AE00399D1F89C0040F0040089
:10705000C1F89C0001208DF81300FFE79DF8130094
:1070600005B070470000000081B0009001B070478B
:1070700080B582B001900091019845F2C831C2F20A
:10708000014188420BD1FFE79DF8030080070028EB
:1070900004D5FFE701981BF0E3FFFFE7FFE7019846
:1070A00045F26841C2F2014188420BD1FFE79DF8E9
:1070B00003008007002804D5FFE701981BF0D0FFEC
:1070C000FFE7FFE7019845F20851C2F2014188420B
:1070D0000BD1FFE79DF803008007002804D5FFE7E8
:1070E00001981BF0BDFFFFE7FFE702B080BD000085
:1070F00083B00290019102980068406C0090009863
:1071000000F00700019908600098C0F3022001997F
:107110004860009800F01800019988600098C0F35A
:1071200040100199C8600098C0F38010019908616F
:107130009DF80000C009019948610098C0F3C02083
:10714000019988610098C0F300300199C8610098E6
:10715000C0F34030019908620098C0F38030019973
:1071600048620098C0F3064001998862002003B08D
:1071700070470000000000008AB008900791069256
:10718000059300200190089890F898008DF803006E
:107190009DF80300022840F05C81FFE70798402833
:1071A00051D1FFE708980068D0F8A00010F4FE0F56
:1071B0000BD1FFE70899D1F89C0040F02000C1F8FE
:1071C0009C0001208DF827004EE108980068D0F857
:1071D000A400400658B9FFE70899D1F89C0040F494
:1071E0008070C1F89C0001208DF827003CE10898D0
:1071F0000068D0F8A40000F080710120B0EB116F9E
:107200000DD1FFE708980068D0F8A0100120B0EB7E
:10721000D17F03D1FFE701200190FFE7FFE7089846
:107220000068D0F8A40000F47C51019800EB112014
:1072300001900898426C406F0199514300EB810026
:107240000490FFE770E00798412851D1FFE70898C4
:107250000068D0F8B00010F4FE0F0BD1FFE70899DA
:10726000D1F89C0040F02000C1F89C0001208DF86E
:107270002700F9E008980068D0F8B400400658B933
:10728000FFE70899D1F89C0040F48070C1F89C0099
:1072900001208DF82700E7E008980068D0F8B400D6
:1072A00000F080710120B0EB116F0DD1FFE708985D
:1072B0000068D0F8B0100120B0EBD17F03D1FFE718
:1072C00001200190FFE7FFE708980068D0F8B400BC
:1072D00000F47C51019800EB112001900898C26CD9
:1072E000806F0199514300EB81000490FFE71AE0A1
:1072F00007980899096D88420BD3FFE70899D1F8E0
:107300009C0040F02000C1F89C0001208DF827006F
:10731000AAE00898426DC06F0799514300EB8100C5
:107320000490FFE7FFE7FFE70498006800F0804063
:10733000069948600698406838B9FFE704980068E5
:10734000C0F38A400699086006E00498006820F0BF
:10735000604006990860FFE70498006800F000505C
:10736000069988600498006800F00040069908615A
:10737000049804300490049800880699C861049821
:107380000068C0F303400699C8600498006800F4E0
:107390008010069948610498006800F4001006996E
:1073A000886104980068C0F3066006990862049832
:1073B0000068C00F0699486204980430049004984D
:1073C000039000200290FFE702980699CA6846F2EF
:1073D0000451C0F60201895C88420AD2FFE7039893
:1073E000029A805C05998854FFE702980130029068
:1073F000EAE70798402806D1FFE70198089909684D
:10740000C1F8A80021E00798412806D1FFE70198BC
:1074100008990968C1F8B80016E007981F2808D82D
:10742000FFE707990120884008990968C1F898008A
:1074300009E0079800F01F010120884008990968B9
:10744000C1F89C00FFE7FFE7FFE700208DF8270069
:107450000AE00899D1F89C0040F00800C1F89C00AF
:1074600001208DF82700FFE79DF827000AB070473C
:1074700081B0009001B0704780B594B013904AF687
:107480001000C4F200000068800712904AF6140051
:10749000C4F200000168129800EA817012901398FB
:1074A0000068006D00F47040119013980068416D01
:1074B00011980840119013980068006D00F00F00BB
:1074C000109013980068416D109808401090139820
:1074D0000068006D00F0F0000F9013980068416D97
:1074E0000F9808400F9013980068006D00F07150DD
:1074F0000E9013980068416D0E9808400E901398F6
:107500000068006D00F060700D9013980068416D88
:107510000D9808400D9013980068406D03901398E3
:107520000068006D01909DF80D00C007B8B1FFE73D
:107530009DF80500C00788B1FFE7FFE713980168D1
:107540004FF4807008654AF61001C4F20001002073
:107550000860FFE71398FFF78BFFFFE7FFE79DF851
:107560000D0000F004010020B0EB910F28D0FFE7E0
:107570009DF8050000F004010020B0EB910F1ED033
:10758000FFE713980068D0F8DC000B9013980068B0
:10759000D0F8E4100B9808400B90FFE713980168AF
:1075A0004FF4806008654AF61001C4F20001002023
:1075B0000860FFE713980B9900F072FEFFE7FFE702
:1075C0001298B8B1FFE7FFE712984FF6FF71C3F6C4
:1075D000CF7108401399096808651298800F4AF620
:1075E0001001C4F200010860FFE713981299FFF739
:1075F00023FCFFE71198B8B1FFE7FFE711984FF6BA
:10760000FF71C3F6CF710840139909680865119896
:10761000800F4AF61001C4F200010860FFE71398DA
:10762000119900F04DFEFFE71098B8B1FFE7FFE7B2
:1076300010984FF6FF71C3F6CF710840139909688F
:1076400008651098800F4AF61001C4F20001086026
:10765000FFE71398109900F043FDFFE70F98B8B1CA
:10766000FFE7FFE70F984FF6FF71C3F6CF710840B1
:107670001399096808650F98800F4AF61001C4F243
:1076800000010860FFE713980F9900F0B1FDFFE7D4
:107690009DF80D0000F008010020B0EBD10F1BD0C9
:1076A000FFE79DF8050000F008010020B0EBD10FC6
:1076B00011D0FFE7FFE7139801684FF400600865F9
:1076C0004AF61001C4F2000100200860FFE7139899
:1076D00000F0FEFDFFE7FFE79DF80D0000F002015E
:1076E0000020B0EB510F28D0FFE79DF8050000F017
:1076F00002010020B0EB510F1ED0FFE71398006885
:10770000D0F8D8000C9013980068D0F8E0100C98CE
:1077100008400C90FFE7139801684FF4007008656B
:107720004AF61001C4F2000100200860FFE7139838
:107730000C9900F0BDFDFFE7FFE79DF80E0000F09B
:1077400008010020B0EBD10F1BD0FFE79DF8060029
:1077500000F008010020B0EBD10F11D0FFE7FFE7E8
:10776000139801684FF4002008654AF61001C4F22E
:10777000000100200860FFE7139800F0ADFCFFE770
:10778000FFE79DF80E00C007B8B1FFE79DF80600BF
:10779000C00788B1FFE7FFE7139801684FF4803016
:1077A00008654AF61001C4F2000100200860FFE7F6
:1077B000139800F071FDFFE7FFE79DF80E0000F061
:1077C00004010020B0EB910F1BD0FFE79DF80600ED
:1077D00000F004010020B0EB910F11D0FFE7FFE7AC
:1077E000139801684FF4802008654AF61001C4F22E
:1077F000000100200860FFE7139800F049FDFFE753
:10780000FFE79DF80E0000F002010020B0EB510FE1
:107810001FD0FFE79DF8060000F002010020B0EB4A
:10782000510F15D0FFE7FFE7139801684FF40030C0
:1078300008654AF61001C4F2000100200860FFE765
:107840001399D1F89C0040F08000C1F89C00FFE73C
:10785000FFE70D98B8B1FFE7FFE70D984FF6FF710E
:10786000C3F6CF7108401399096808650D98800F19
:107870004AF61001C4F200010860FFE713980D9961
:10788000FFF7F6FBFFE70E98D0B1FFE7FFE70E9892
:107890004FF6FF71C3F6CF71084013990968086568
:1078A0000E98800F4AF61001C4F200010860FFE74D
:1078B0000E9A1399D1F89C001043C1F89C00FFE781
:1078C000139800684AF20001C4F20001884240F0B7
:1078D000B980FFE71398406880688007002800F0AF
:1078E000B080FFE713984068006A00F00F000A902C
:1078F00013984068416A0A9808400A9013984068B3
:10790000006A00F03000099013984068416A0998B5
:107910000840099013984068006A00F4C07008900D
:1079200013984068416A0898084008901398406886
:10793000006A00F4FC40079013984068416A079879
:107940000840079013984068006A00F4F020069001
:1079500013984068416A069808400690139840685A
:10796000406A029013984068006A00900A9848B1F3
:10797000FFE70A9813994968086213980A9900F07A
:107980006FFCFFE7099848B1FFE709981399496828
:1079900008621398099900F073FCFFE79DF808004E
:1079A00000F040010020B0EB911F1FD0FFE79DF8D1
:1079B000000000F040010020B0EB911F15D0FFE760
:1079C00013984068C06B000C059013984068C06B1A
:1079D00000F03F000490139841684020086213981B
:1079E0000599049A00F044FCFFE7FFE7089848B1C6
:1079F000FFE708981399496808621398089900F0FE
:107A000027FCFFE7079860B1FFE7079813994968DB
:107A10000862079A1399D1F89C001043C1F89C00A2
:107A2000FFE7069860B1FFE7069813994968086276
:107A3000069A1399D1F89C001043C1F89C00FFE707
:107A4000FFE7FFE71398D0F89C0020B1FFE71398F9
:107A5000FFF70AFBFFE714B080BD00000000000044
:107A600080B598B0169046F2E821C0F6020101A850
:107A70004C22F8F73FFE169820B9FFE701208DF859
:107A80005F00D9E1169800684AF20001C4F20001D3
:107A9000884206D1FFE71699086800F580704860B3
:107AA000FFE716988068B0F5407F01D1FFE7FFE758
:107AB0001698006C08B1FFE7FFE71698806C08B1D4
:107AC000FFE7FFE71698006D08B1FFE7FFE716989C
:107AD000006E08B1FFE7FFE71699C86D096E08440C
:107AE00008B1FFE7FFE7169890F8980040B9FFE764
:107AF0001699002081F89900169800F0A1F9FFE787
:107B000016980168886920F01000886100F0D0FDA7
:107B10001590FFE71698006880690007002817D5C0
:107B2000FFE700F0C5FD1599401A0B280FD3FFE7BA
:107B30001699D1F89C0040F00100C1F89C001699FC
:107B4000032081F8980001208DF85F0074E1E1E7DF
:107B500016980168886940F00100886100F0A8FD6E
:107B60001590FFE7169800688069C007B8B9FFE76D
:107B700000F09EFD1599401A0B280FD3FFE71699C8
:107B8000D1F89C0040F00100C1F89C001699032038
:107B900081F8980001208DF85F004DE1E2E716982A
:107BA0000168886940F0020088611698007C01280D
:107BB00007D1FFE716980168886920F040008861C6
:107BC00006E016980168886940F040008861FFE788
:107BD0001698407C012807D1FFE71698016888694C
:107BE00040F48040886106E016980168886920F4B6
:107BF00080408861FFE71698807C012807D1FFE765
:107C000016980168886920F48050886106E016980B
:107C10000168886940F480508861FFE71698006821
:107C2000806920F44070169A116892681043886148
:107C300016980168886920F0A40088611698016888
:107C4000086920F0100008611698C068012807D163
:107C5000FFE716980168886940F0040088612BE00E
:107C60001698C06830B3FFE71698C068022819D08C
:107C7000FFE716980168886940F0800088611698CF
:107C80000168086940F0100008611698C068032870
:107C900007D1FFE716980168886940F020008861E5
:107CA000FFE706E016980168886940F020008861C7
:107CB000FFE700E0FFE7FFE7169A11685369906954
:107CC000D2F81CE0A0F1010C6FF0FF0000EB0E20D9
:107CD00040EA4C60126A013A10430022CFF6FF726C
:107CE00002EB03421043C86116988068B0F5407FEC
:107CF0001CD1FFE7169A1168536A906AD2F82CE0FB
:107D000001386FF0FF0C0CEB0E2C40EA0C00D2F89F
:107D100030C06FF00F0202EB0C1210430022CFF6BE
:107D2000FF7202EB03421043C860FFE71698006E33
:107D300048B1FFE716980168426ED1F8C0001043C1
:107D4000C1F8C000FFE71699C86D096E084480B1FC
:107D5000FFE716980068D0F8C80020F00700169AD0
:107D60001168936E01AA52F823201043C1F8C8008D
:107D7000FFE71698006C80B1FFE716980068D0F80E
:107D8000BC0020F00700169A1168536C01AA52F843
:107D900023201043C1F8BC00FFE71698806C88B11F
:107DA000FFE716980068D0F8BC0020F07000169A23
:107DB0001168D36C01AA52F8232040EA0210C1F8DE
:107DC000BC00FFE71698006D88B1FFE716980068C1
:107DD000D0F8BC0020F4E060169A1168536D01AA37
:107DE00052F8232040EA0220C1F8BC00FFE71698B1
:107DF00000684AF20001C4F20001884207D1FFE79F
:107E000016984168886820F003008860FFE716999B
:107E10000020C1F894001699C1F89C001699012021
:107E200081F898001698FBF733F88DF853009DF809
:107E300053008DF85F00FFE79DF85F0018B080BD2C
:107E400080B5C6B045900020449043904290419048
:107E5000409012A8B821F8F7A1FC459800684AF2B2
:107E60000001C4F2000188425FD1FFE700201390B7
:107E70004FF4004012904FF080502D9012A802F065
:107E800057FA18B1FFE7FAF7B7FFFFE740F28C00A7
:107E9000C2F200000168013101600068012810D1C0
:107EA000FFE7FFE744F2EC40C5F60200016841F449
:107EB00080710160006800F4807011901198FFE7F4
:107EC000FFE7FFE744F2E040C5F60200016841F039
:107ED00008010160006800F0080010901098FFE7AA
:107EE000032040900220419000200A90429043904D
:107EF0000920449040F60040C5F6020040A900F079
:107F0000EBF90A9A132008900521099100F028FD49
:107F1000089800F019FD09990A9A15200B9000F0B5
:107F20001FFD0B9800F010FDD2E0459800684AF262
:107F30000041C4F2000188425FD1FFE700201390A6
:107F40004FF4004012904FF080502D9012A802F094
:107F5000EFF918B1FFE7FAF74FFFFFE740F28C00A7
:107F6000C2F200000168013101600068012810D1EF
:107F7000FFE7FFE744F2EC40C5F60200016841F478
:107F800080710160006800F480700F900F98FFE727
:107F9000FFE7FFE744F2E040C5F60200016841F068
:107FA00002010160006800F002000E900E98FFE7E9
:107FB0006020409002204190002006904290439023
:107FC0000920449040F20040C5F6020040A900F0AC
:107FD00083F9069A142004900521059100F0C0FC55
:107FE000049800F0B1FC0599069A1620079000F05D
:107FF000B7FC079800F0A8FC69E0459800684DF2CE
:108000000041C4F20001884260D1FFE700201390D4
:108010004FF4004012904FF080502D9012A802F0C3
:1080200087F918B1FFE7FAF7E7FEFFE740F28C00A7
:10803000C2F200000168013101600068012810D11E
:10804000FFE7FFE744F2EC40C5F60200016841F4A7
:1080500080710160006800F480700D900D98FFE75A
:10806000FFE7FFE744F2E040C5F60200016841F097
:1080700008010160006800F008000C900C98FFE710
:108080004FF44050409002204190002002904290D6
:10809000439005200190449040F60040C5F6020050
:1080A00040A900F019F90199029A9F20009000F070
:1080B00057FC009800F048FC0199029AA020039018
:1080C00000F04EFC039800F03FFCFFE7FFE7FFE7FE
:1080D00046B080BD0000000081B0009001B0704744
:1080E00080B590B00F900E910F9845F2C831C2F252
:1080F0000141884222D1FFE70F98402103AA01AB3A
:10810000FFF73AF88DF837009DF8370028B9FFE7F8
:1081100003A801A9F9F738FA07E040F21411C2F2F6
:108120000001488901304881FFE745F2C830C2F2BA
:10813000014001210022FEF797FD55E00F9845F21E
:108140006841C2F20141884222D1FFE70F984021E5
:1081500003AA01ABFFF710F88DF837009DF8370040
:1081600028B9FFE703A801A9F9F77AFA07E040F276
:108170001411C2F20001888901308881FFE745F2BD
:108180006840C2F2014001210022FEF76DFD2AE0A5
:108190000F9845F20851C2F20141884222D1FFE70F
:1081A0000F98402103AA01ABFEF7E6FF8DF83700D8
:1081B0009DF8370028B9FFE703A801A9F9F794FA59
:1081C00007E040F21411C2F20001C8890130C881F1
:1081D000FFE745F20850C2F2014001210022FEF7FC
:1081E00043FDFFE7FFE7FFE710B080BD00000000A0
:1081F00082B00190009102B07047000000000000C2
:1082000082B00090009890F89800012811D1FFE703
:108210000099022081F8980000980168886920F090
:108220000100886100990020C1F89C008DF80700CA
:108230000AE00099D1F89C0040F00400C1F89C00CD
:1082400001208DF80700FFE79DF8070002B0704796
:1082500082B00190009102B0704700000000000061
:1082600082B00190009102B0704700000000000051
:1082700083B002900191009203B0704700000000AB
:1082800082B00190009102B0704700000000000031
:1082900081B0009001B0704781B0009001B070478C
:1082A00082B00190009102B0704700000000000011
:1082B00082B00190009102B0704700000000000001
:1082C00082B00190009102B07047000000000000F1
:1082D00081B0009001B070478FB00E900D910020DA
:1082E0000C908020C5F600000990FFE70D9800680B
:1082F0000C99C840002800F0C181FFE70D98006884
:108300000C9A0121914008400B900B98002800F036
:10831000B181FFE70D98406800F00300012807D005
:10832000FFE70D98406800F0030002282FD1FFE717
:108330000E9880680A900C984100032000FA01F121
:108340000A9888430A900D98C0680C99490000FA71
:1083500001F10A9808430A900A980E9988600E98CD
:1083600040680A900C99012000FA01F10A988843AC
:108370000A900D984068C0F300100C9900FA01F1C2
:108380000A9808430A900A980E994860FFE70D98EA
:10839000406800F00300032818D0FFE70E98C0687B
:1083A0000A900C984100032000FA01F10A988843D2
:1083B0000A900D9880680C99490000FA01F10A981A
:1083C00008430A900A980E99C860FFE70D98406824
:1083D00000F00300022826D1FFE70E980C996FF0F9
:1083E000030202EA51010844006A0A900C9800F066
:1083F000070081000F2000FA01F10A9888430A90D3
:108400000D9800690C9901F00701890000FA01F14B
:108410000A9808430A900A980E990C9B02EA5302A4
:1084200011440862FFE70E9800680A900C9841001A
:10843000032000FA01F10A9888430A900D984068D9
:1084400000F003000C99490000FA01F10A98084372
:108450000A900A980E9908600D9880798007002884
:1084600000F00781FFE7FFE744F2F440C5F60200A1
:10847000016841F002010160006800F0020008900C
:108480000898FFE70C9820F0030040F20841C5F679
:10849000000140580A900C9800F0030081000F2062
:1084A00000FA01F10A9888430A900E980021C5F657
:1084B0000201884203D1FFE7002007906CE00E988C
:1084C00040F20041C5F60201884203D1FFE70120D6
:1084D00006905EE00E9840F60001C5F60201884263
:1084E00003D1FFE70220059050E00E9840F60041CE
:1084F000C5F60201884203D1FFE70320049042E061
:108500000E9841F20001C5F60201884203D1FFE74F
:108510000420039034E00E9841F20041C5F60201B8
:10852000884203D1FFE70520029026E00E9841F62D
:108530000001C5F60201884203D1FFE70620019041
:1085400018E00E9841F60041C5F60201884203D1B9
:10855000FFE7072000900AE00E9942F20042C5F6BC
:1085600002020A20914208BF09200090FFE700980C
:108570000190FFE701980290FFE702980390FFE760
:1085800003980490FFE704980590FFE7059806908C
:10859000FFE706980790FFE707980C9901F00301A1
:1085A000890000FA01F10A9808430A900A980C9988
:1085B00021F0030140F20842C5F6000288504FF056
:1085C000B04000680A900B990A9888430A900D9869
:1085D0008079C006002805D5FFE70B990A98084363
:1085E0000A90FFE70A984FF0B04108600420C5F6F2
:1085F000000000680A900B990A9888430A900D9829
:1086000080798006002805D5FFE70B990A98084372
:108610000A90FFE70A980421C5F60001086009984E
:1086200040680A900B990A9888430A900D988079BF
:108630008007002805D5FFE70B990A9808430A90A0
:10864000FFE70A9809994860099800680A900B9911
:108650000A9888430A900D988079C00728B1FFE7EF
:108660000B990A9808430A90FFE70A98099908604D
:10867000FFE7FFE70C9801300C9037E60FB070472A
:1086800082B00190ADF802108DF801209DF8010034
:1086900028B1FFE7BDF802000199886105E0BDF847
:1086A0000200000401998861FFE702B070470000F2
:1086B00040F2C460C2F20000006870470000000091
:1086C00040F29840C2F20040027840F2C461C2F227
:1086D00000010868104408607047000000000000B6
:1086E00080B582B0032000F053F903F0FDF844F2A6
:1086F0001842C5F602021168C1F3032346F2F441A1
:10870000C0F60201CB5C03F01F03D8400090009834
:10871000126802F00F02895C01F01F01C84040F2AC
:108720000C01C2F200010860009840F25C11C2F234
:10873000004108600F2000F013F820B1FFE701208E
:108740008DF8070005E000F0E3F800208DF8070041
:10875000FFE79DF8070002B080BD000000000000A8
:1087600080B590B00E900E980F2810D8FFE70E99A4
:108770001C200090002200F0F3F8009800F0E4F8CC
:108780000E9840F29C41C2F20041086003E00120D3
:108790008DF83F004CE0FFE744F2E840C5F60200E8
:1087A000016841F001010160006800F001000190E2
:1087B0000198FFE706A802A902F0FEFF0B980490BB
:1087C000049820B9FFE703F067F8059004E003F090
:1087D00063F840000590FFE705984DF68361C4F209
:1087E0001B31A0FB01014FF0FF3000EB91400390E3
:1087F00040F2A830C2F200004FF08041016040F228
:10880000E731C1600399416000210161816004F09A
:10881000C3FF48B9FFE740F2A830C2F2000005F0FC
:108820005BF88DF83F0003E001208DF83F00FFE783
:108830009DF83F0010B080BD10B581B00090009849
:1088400040784EF69851CEF2000108604EF6A051E5
:10885000CEF20001086820F001000860009840682E
:108860004EF69C52CEF200021060DDF800E09EF859
:108870000C0000079EF80B2040EA02609EF80020E2
:108880009EF808309EF809C09EF80A4040EAC440AD
:108890009EF80D4040EA84409EF80E4040EA444075
:1088A0009EF80FE040EA0E4040EA0C2040EA430008
:1088B0001043086001B010BDBFF35F8F4EF6245126
:1088C000CEF20001086820F4803008604EF6945122
:1088D000CEF2000100200860704700000000000098
:1088E00081B00090009840F001004EF69451CEF215
:1088F000000108604EF62451CEF20001086840F4F1
:1089000080300860BFF34F8FBFF36F8F01B07047A7
:1089100080B582B0FFE744F2F440C5F6020001687A
:1089200041F002010160006800F00200019001982E
:10893000FFE76FF001000F21002200F011F802B0F4
:1089400080BD00000000000080B582B0ADF80600D8
:10895000BDF9060019F06CFD02B080BD00000000FA
:1089600080B586B0ADF816000491039219F078FD39
:108970000290BDF91600019002980499039A0AF03A
:1089800017FA0146019819F073FD06B080BD00008A
:1089900080B582B00190019819F08EFD02B080BDC3
:1089A00019F0AAFD0000000082B001900198006853
:1089B000009001990120C1F8D8040199002081F8A4
:1089C000CC04009A916941F000619161009A516D67
:1089D0000323C1F200031943516502B07047000040
:1089E00082B001908DF8031002B0704700000000C3
:1089F00082B00190ADF80210BDF80200019909683B
:108A00004862002002B0704784B003908DF80B10CC
:108A1000ADF8082003980068406A00909DF80B00AC
:108A200048B9FFE7BDF80810009840EA01400399F3
:108A30000968886233E003980068816A009800EB57
:108A40001140009000208DF80700FFE79DF8070017
:108A50009DF80B100139884213D2FFE70398006894
:108A60009DF8071000EB8100D0F80411009800EB8E
:108A700011400090FFE79DF8070001308DF80700D6
:108A8000E4E7BDF80810009840EA0140039909683E
:108A90009DF80B2001EB8201C1F80001FFE70020E7
:108AA00004B070470000000080B582B001900198CA
:108AB000D0F8E00410F0ECFC02B080BD0000000033
:108AC00080B582B001908DF80310019AD2F8E004CD
:108AD0009DF8031001EBC10302EB8302126A10F050
:108AE00033FB02B080BD000080B582B001908DF8EC
:108AF0000310019AD2F8E0049DF8031001EBC103C2
:108B000002EB8302D2F8602210F0E6FB02B080BDD7
:108B100080B582B001900198D0F8E00410F0C0FC5C
:108B200002B080BD0000000080B584B003908DF8D5
:108B30000B109DF80B00000600280CD5FFE70398EA
:108B40009DF80B1001F00F0101EBC10100EB81005A
:108B5000143001900CE003989DF80B1001F00F0108
:108B600001EBC10100EB810000F515700190FFE7FA
:108B700003980068019912F047FA8DF80A009DF8F1
:108B80000A0004B080BD000080B584B002908DF86A
:108B900007109DF80700000600280FD5FFE7029890
:108BA0009DF8071001F00F0101EBC10100EB8100FE
:108BB000143000900099012048700FE002989DF851
:108BC000071001F00F0101EBC10100EB810000F57E
:108BD00015700090009900204870FFE79DF807008D
:108BE00000F00F0000990870FFE7029890F89404D5
:108BF000012804D1FFE702208DF80F0014E002994C
:108C0000012081F89404FFE7FFE7029800680099CB
:108C100011F0EAFCFFE70299002081F89404FFE7D5
:108C200000208DF80F00FFE79DF80F0004B080BD15
:108C300080B584B002908DF807109DF8070000F011
:108C40000F0002990979884204D9FFE701208DF8C5
:108C50000F004DE09DF80700000600280FD5FFE744
:108C600002989DF8071001F00F0101EBC10100EB24
:108C70008100143000900099012048700FE00298A4
:108C80009DF8071001F00F0101EBC10100EB81001D
:108C900000F515700090009900204870FFE70099DA
:108CA000002088709DF8070000F00F000099087000
:108CB000FFE7029890F89404012804D1FFE702200E
:108CC0008DF80F0014E00299012081F89404FFE769
:108CD000FFE702980068009911F0F6FEFFE702999D
:108CE000002081F89404FFE700208DF80F00FFE7D3
:108CF0009DF80F0004B080BD82B001908DF8031084
:108D000001989DF8031001F00F0101EBC10100EB88
:108D10008100D0F8680202B0704700000000000037
:108D200080B586B004908DF80F10ADF80C208DF84A
:108D30000B3000208DF80A009DF80F000006002877
:108D40000FD5FFE704989DF80F1001F00F0101EB1C
:108D5000C10100EB8100143001900199012048709D
:108D60000FE004989DF80F1001F00F0101EBC10115
:108D700000EB810000F5157001900199002048700A
:108D8000FFE79DF80F0000F00F0001990870BDF893
:108D90000C006FF3DF20019988609DF80B000199AA
:108DA00008710198407820B1FFE70199087848835D
:108DB000FFE79DF80B00022804D1FFE7019900208E
:108DC0004871FFE7FFE7049890F89404012804D164
:108DD000FFE702208DF8170015E00499012081F8C3
:108DE0009404FFE7FFE704980068019911F0C0FAC6
:108DF000FFE70499002081F89404FFE79DF80A003A
:108E00008DF81700FFE79DF8170006B080BD000041
:108E100080B586B005908DF81310039202930598E3
:108E20009DF8131001F00F0101EBC10100EB81006F
:108E300000F51570019003980199C8600298019996
:108E40000861019900204861019948709DF813005C
:108E500000F00F000199087005988079012804D16D
:108E6000FFE703980199C861FFE7059A1068019927
:108E7000927911F0CDFE002006B080BD0000000008
:108E800080B584B002908DF807109DF8070000F0BF
:108E90000F0002990979884204D9FFE701208DF873
:108EA0000F0058E09DF80700000600280FD5FFE7E7
:108EB00002989DF8071001F00F0101EBC10100EBD2
:108EC0008100143000900099012048700DE0029854
:108ED0009DF8071001EBC10100EB810000F5157052
:108EE0000090009900204870FFE7009901208870E9
:108EF0009DF8070000F00F0000990870FFE7029846
:108F000090F89404012804D1FFE702208DF80F00A7
:108F100021E00299012081F89404FFE7FFE702981D
:108F20000068009911F020FE9DF80700000740B985
:108F3000FFE7029A1068917902F29C4211F074FDE9
:108F4000FFE7FFE70299002081F89404FFE7002083
:108F50008DF80F00FFE79DF80F0004B080BD000002
:108F600080B586B005908DF8131003920293059892
:108F70009DF8131001F00F0101EBC10100EB81001E
:108F80001430019003980199C86002980199086112
:108F90000199002048610199012048709DF8130053
:108FA00000F00F000199087005988079012804D11C
:108FB000FFE703980199C861FFE7059A10680199D6
:108FC000927911F025FE002006B080BD000000005F
:108FD00080B58CB00B900B9800680A900A980990A5
:108FE0000B98006812F050F9002840F03484FFE735
:108FF0000B98006812F0B8F910B9FFE700F02BBC2D
:109000000998D0F80808C0F30D200B99C1F8D404D2
:109010000B98006812F0A8F98007002807D5FFE731
:109020000B980168486900F002004861FFE70B985F
:10903000006812F099F9C006002862D5FFE70B9886
:109040000168886920F0100088610A98006A02901F
:109050000B98029901F00F0101EBC10100EB8100B7
:1090600000F515700890029800F4F0110220B0EBA2
:10907000514F23D1FFE7BDF8080047F6F0710842D1
:109080001BD0FFE70A980899C968029AC2F30A122E
:1090900012F07AF9029847F6F07100EA0103089A93
:1090A000D06800EB1310D060029800EA0102089922
:1090B000486900EB12104861FFE71BE0029800F4DA
:1090C000F0110620B0EB514F12D1FFE70A980B992F
:1090D00001F29C41082212F057F9029847F6F0710C
:1090E00000EA01020899486900EB1210486100E0AB
:1090F000FFE7FFE70B980168886940F0100088617E
:10910000FFE70B98006812F02FF90003002840F1E8
:10911000A680FFE7002004900B98006812F0D0F8BA
:109120000690FFE70698002800F09880FFE79DF87A
:109130001800C007002800F08A80FFE70B9800683D
:109140009DF8101012F0F8F805909DF81400C00773
:1091500060B1FFE70998049900EB41110120C1F8C3
:10916000080B0B9804990AF003F9FFE79DF8140027
:10917000000700280CD5FFE70998049900EB41117E
:109180000820C1F8080B0B9804990AF0A9F8FFE72A
:109190009DF81400C006002808D5FFE70998049937
:1091A00000EB41111020C1F8080BFFE79DF81400F7
:1091B000800700282DD5FFE70A984069000600289F
:1091C00008D5FFE70999D1F8040840F48060C1F898
:1091D0000408FFE70B98049901EBC10100EB810043
:1091E00000F5157008900898C078012809D1FFE7AC
:1091F00008990020C8700B989DF8101000F040FBF3
:10920000FFE70998049900EB41110220C1F8080B0F
:10921000FFE79DF814008006002808D5FFE70998AD
:10922000049900EB41112020C1F8080BFFE79DF8DD
:1092300015008006002809D5FFE70998049900EB7E
:1092400041114FF40050C1F8080BFFE7FFE7049805
:109250000130049006984008069063E7FFE70B98FA
:10926000006812F081F84003002840F1C680FFE753
:109270000B98006812F010F8069000200490FFE7A9
:109280000698002800F0B880FFE79DF81800C00796
:10929000002800F0AA80FFE70B9800689DF81010E6
:1092A00012F022F805909DF81400C00700283ED067
:1092B000FFE7049800F00F01012000FA01F103918B
:1092C000039B099AD2F834189943C2F834180999C3
:1092D000049A01EB4211C1F808090B988079012822
:1092E0001FD1FFE70B98049901EBC10100EB81014D
:1092F000CA69086A10440862049888B9FFE70B98A5
:10930000049901EBC10100EB8100406A40B9FFE71D
:109310000B99086801F29C42012111F085FBFFE7DF
:10932000FFE70B989DF81010FFF7CAFBFFE79DF8C9
:1093300014000007002808D5FFE70998049900EBFE
:1093400041110820C1F80809FFE79DF81400C00684
:10935000002808D5FFE70998049900EB4111102077
:10936000C1F80809FFE79DF814004006002808D559
:10937000FFE70998049900EB41114020C1F8080962
:10938000FFE79DF814008007002822D5FFE70A9820
:10939000049911F011FF0B98049901EBC10100EB46
:1093A0008100143008900898C078012809D1FFE79F
:1093B00008990020C8700B989DF8101000F050FA22
:1093C000FFE70998049900EB41110220C1F8080950
:1093D000FFE79DF814000006002805D5FFE70B986D
:1093E00004990AF0A9F8FFE7FFE704980130049018
:1093F00006984008069043E7FFE70B98006811F0D5
:10940000B3FFC00F00B3FFE70999D1F8040820F0BB
:109410000100C1F804080B9890F8CC04012808D189
:10942000FFE70B98002180F8CC140B98FFF7D8FACF
:1094300003E00B9800F0BCFBFFE70B98016848695C
:1094400000F000404861FFE70B98006811F08CFFC6
:109450000005002811D5FFE70998D0F80808C007D3
:1094600020B1FFE70B9800F037FCFFE70B9801688D
:10947000486900F400604861FFE70B98006811F04C
:1094800073FF0001002820D5FFE70B9801684869A9
:1094900000F0006048610B9890F8CC0480B9FFE7B9
:1094A0000B98012180F8CC140B980068406DC0F334
:1094B00083000B9AC2F8D0040B98FFF791FA03E0EF
:1094C0000B9800F009FCFFE7FFE70B98006811F02C
:1094D0004BFFC004002840F18680FFE70999D1F8CE
:1094E000040820F00100C1F804080B98006810215E
:1094F00011F062FE00200790FFE707980B990979A9
:10950000884231D2FFE70998079900EB41114FF6E5
:109510007F30C1F808090999079A01EB4212D2F885
:10952000001921F40011C2F800190999079A01EBFA
:109530004211C1F8080B0998079900EB4111D1F8C5
:10954000000B20F40010C1F8000B0998079900EBFC
:109550004111D1F8000B40F00060C1F8000BFFE7AB
:10956000079801300790C8E70999D1F81C0840F026
:109570000110C1F81C080B98C07B78B1FFE709996E
:10958000D1F8840840F00B00C1F884080999D1F89B
:10959000440840F00B00C1F844080FE00999D1F8E5
:1095A000140842F22B021043C1F814080999D1F8AB
:1095B000100840F00B00C1F81008FFE70999D1F836
:1095C000000820F4FE60C1F800080B9A1068917939
:1095D00002F29C4211F028FA0B980168486900F4E5
:1095E00080504861FFE70B98006811F0BDFE8004D1
:1095F00000281FD5FFE70B98006810F029FF0B9893
:10960000006811F019FE0B99C8710B980068019061
:1096100002F016F9014601980B9AD27911F0B0FFC9
:109620000B9800F099FA0B980168486900F4005013
:109630004861FFE70B98006811F096FE00070028CC
:109640000AD5FFE70B9800F0BFFA0B98016848694C
:1096500000F008004861FFE70B98006811F084FEF5
:109660000006002825D5FFE70A99886920F08000C8
:10967000886101200490FFE704980B9909798842DA
:1096800016D2FFE70B98049901EBC10100EB8100B2
:1096900090F85702012806D1FFE70B989DF81010AB
:1096A000FFF742FAFFE7FFE7049801300490E3E791
:1096B000FFE70B98006811F057FEC00200283CD568
:1096C000FFE701200490FFE704980B99097988428D
:1096D0002CD2FFE70998049900EB4110D0F800095B
:1096E00002900B98049901EBC10100EB8100007E10
:1096F000012816D1FFE79DF80B000006002810D5C1
:10970000FFE70B98049901EBC10100EB81010120F7
:10971000C8750B989DF8101041F08001FFF704FA0E
:10972000FFE7FFE7049801300490CDE70B9801684C
:10973000486900F480104861FFE70B98006811F059
:1097400013FE8002002856D5FFE701200490FFE7B2
:1097500004980B990979884246D2FFE70998049941
:1097600000EB4110D0F8000B02900B98049901EB2C
:10977000C10100EB810090F8580201282FD1FFE7CA
:109780009DF80B000006002829D5FFE7029800F499
:1097900080310B98D0F8D40400F00100B0EB114FE9
:1097A0001DD1FFE70B98049901EBC10100EB81018A
:1097B000012081F857020A99886940F08000886189
:1097C0000A9840690006002808D4FFE70999D1F8F3
:1097D000040840F40070C1F8040805E0FFE7FFE763
:1097E000049801300490B3E70B980168486900F4CD
:1097F00000104861FFE70B98006811F0B5FD4000CC
:1098000000280AD5FFE70B98FFF74EF90B9801687F
:10981000486900F080404861FFE70B98006811F04C
:10982000A3FD4007002815D5FFE70B9800684068A6
:1098300002909DF808004007002804D5FFE70B9828
:10984000FFF766F9FFE7029A0B9801684868104332
:109850004860FFE7FFE70CB080BD0000000000009B
:1098600080B582B001908DF803100198D0F8E00423
:109870009DF803100FF0B8FE02B080BD000000009C
:1098800080B582B001908DF803100198D0F8E00403
:109890009DF803100FF0E0FE02B080BD0000000054
:1098A00080B58CB00A900A9820B9FFE701208DF8A6
:1098B0002F000EE10A9890F8950440B9FFE70A9945
:1098C000002081F894040A9800F00AF9FFE70A9949
:1098D000032081F895040A98006811F099F80A9B12
:1098E0001868197C8DF8201059689A68DB6807930E
:1098F000069205910599069A079BDDF820C0EE4671
:10990000CEF800C010F0BCFD40B1FFE70A9902207C
:1099100081F8950401208DF82F00DAE00A9800689C
:10992000002111F08DFD40B1FFE70A99022081F876
:10993000950401208DF82F00CBE000208DF8270042
:10994000FFE79DF827000A990979884241DAFFE785
:109950000A989DF8271001EBC10100EB810101205D
:1099600048759DF827000A9900EBC00201EB8201BF
:1099700008759DF827000A9900EBC00201EB8201EF
:10998000C8850A989DF8271001EBC10100EB810101
:10999000002008760A999DF8272002EBC20201EB0D
:1099A0008201C8610A999DF8272002EBC20201EBEF
:1099B000820108620A999DF8272002EBC20201EB9E
:1099C00082014862FFE79DF8270001308DF82700EB
:1099D000B7E700208DF82700FFE79DF827000A99D8
:1099E000097988423EDAFFE70A989DF8271001EBD3
:1099F000C10100EB8101002081F855029DF827107C
:109A00000A9A01EBC10302EB830282F854120A990D
:109A10009DF8272002EBC20201EB820181F8580277
:109A20000A999DF8272002EBC20201EB8201C1F8DE
:109A30005C020A999DF8272002EBC20201EB820129
:109A4000C1F860020A999DF8272002EBC20201EBDF
:109A50008201C1F86402FFE79DF8270001308DF80C
:109A60002700BAE70A9B1868197C8DF8101059680E
:109A70009A68DB680393029201910199029A039B11
:109A8000DDF810C0EE46CEF800C010F079FE40B10F
:109A9000FFE70A99022081F8950401208DF82F0034
:109AA00017E00A99002048740A99012081F895046A
:109AB0000A98007B012804D1FFE70A98FEF774FF9B
:109AC000FFE70A98006810F043FE00208DF82F0091
:109AD000FFE79DF82F000CB080BD000000000000E3
:109AE00080B5B2B0319002A8B821F6F757FE319890
:109AF00000680021C4F2040188422BD1FFE7002056
:109B000003904FF4802002904FF44010239002A85D
:109B100000F00EFC18B1FFE7F9F76EF9FFE700F06F
:109B20004FF9FFE744F2D840C5F60200016841F062
:109B300000710160006800F0007001900198FFE77B
:109B40004D20009005210022FEF70AFF0098FEF745
:109B5000FBFEFFE732B080BD80B582B001900120EE
:109B60008DF803000198C07920B9FFE700208DF837
:109B700003000CE00198C079022804D1FFE701201E
:109B80008DF8030002E0F9F737F9FFE7FFE70198E6
:109B9000D0F8E0049DF803100FF066FE0198D0F8AD
:109BA000E0040FF0DDFD02B080BD00000000000009
:109BB00080B582B001900198D0F8E0040FF020FE4B
:109BC00002B080BD0000000080B582B00190019815
:109BD000D0F8E0040FF028FE02B080BD00000000C5
:109BE00080B584B002908DF80710FFE7029890F8D6
:109BF0009404012804D1FFE702208DF80F0019E03A
:109C00000299012081F89404FFE7FFE79DF807001F
:109C100002994874029800689DF8071011F080FCC2
:109C2000FFE70299002081F89404FFE700208DF8F7
:109C30000F00FFE79DF80F0004B080BD000000009A
:109C400080B582B001900199D1F8E00401F29C4105
:109C50000FF036FE02B080BD80B584B0029002984D
:109C600000680190FFE7029890F89404012804D15D
:109C7000FFE702208DF80F0028E00299012081F80B
:109C80009404FFE7FFE70198C068400600280BD561
:109C9000FFE70298407B012806D1FFE70199886B16
:109CA00040F480308863FFE70298006811F03CFAC6
:109CB0000298006810F034FDFFE70299002081F857
:109CC0009404FFE700208DF80F00FFE79DF80F00D8
:109CD00004B080BD0000000080B582B00190019802
:109CE000D0F8E0040FF074FE01980168D1F8000E7E
:109CF00040F00100C1F8000E0198C07A48B1FFE7BA
:109D00004EF61051CEF20001086840F006000860DF
:109D1000FFE702B080BD000080B584B0029044F639
:109D20000C00C5F60200006800F004010020B0EB52
:109D3000910F13D1FFE744F60C00C5F6020000684E
:109D400000F007000299884204D0FFE701208DF857
:109D50000F002EE000208DF80F002AE044F60C01E1
:109D6000C5F60201086820F00700029A1043086057
:109D7000FEF79EFC0190FFE744F60400C5F60200E2
:109D8000006800F400510020B0EB513F0DD1FFE717
:109D9000FEF78EFC0199401AB0F57A7F04D9FFE7EF
:109DA00001208DF80F0004E0E6E700208DF80F0099
:109DB000FFE79DF80F0004B080BD00000000000028
:109DC00044F60C01C5F60201086840F08070086096
:109DD000704700000000000080B501F031FD44F242
:109DE0002041C5F602010968C1F3021246F2F441AE
:109DF000C0F60201895C01F01F01C84080BD00006F
:109E000088B0079044F22840C5F60200016801F0CE
:109E1000030106910068C0F30530059044F22C4020
:109E2000C5F602000068C0F300100490049844F2E4
:109E30003C41C5F60201096889B2C908484300EEF1
:109E4000100AB8EE400A8DED020A0598002800F0CD
:109E50001181FFE70698009048B1FFE700980128BC
:109E600065D0FFE70098022800F08380A3E044F269
:109E70000040C5F60200006800F020010020B0EBB1
:109E8000511F31D0FFE744F20040C5F602000068E0
:109E9000C0F3C10149F20000C0F2D030C8400390C5
:109EA0009DED030AB8EE400A9DED051AB8EE411A81
:109EB00080EE010A44F23840C5F6020000686FF3F4
:109EC0005F2001EE100AB8EE411A9DED022A9FEDC7
:109ED0006F3A02EE031AB7EE002A31EE021A20EEB4
:109EE000010A8DED010A21E09DED050AB8EE401A48
:109EF0009FED680A80EE010A44F23840C5F6020080
:109F000000686FF35F2001EE100AB8EE411A9DED74
:109F1000022A9FED5E3A02EE031AB7EE002A31EEF6
:109F2000021A20EE010A8DED010AFFE765E09DEDC2
:109F3000050AB8EE401A9FED560A80EE010A44F277
:109F40003840C5F6020000686FF35F2001EE100A8A
:109F5000B8EE411A9DED022A9FED4C3A02EE031A2B
:109F6000B7EE002A31EE021A20EE010A8DED010A49
:109F700043E09DED050AB8EE401A9FED430A80EEDE
:109F8000010A44F23840C5F6020000686FF35F2012
:109F900001EE100AB8EE411A9DED022A9FED3B3A00
:109FA00002EE031AB7EE002A31EE021A20EE010A81
:109FB0008DED010A21E09DED050AB8EE401A9FEDF6
:109FC000340A80EE010A44F23840C5F60200006807
:109FD0006FF35F2001EE100AB8EE411A9DED022AE0
:109FE0009FED2A3A02EE031AB7EE002A31EE021A6A
:109FF00020EE010A8DED010AFFE79DED010A44F212
:10A000003840C5F60200016889B2490A01EE101A0B
:10A01000B8EE411AB7EE002A31EE021A80EE010ABC
:10A020000799BCEEC00A81ED000A9DED010A0168A6
:10A03000C1F3064101EE101AB8EE411A31EE021AD0
:10A0400080EE010A0799BCEEC00A81ED010A9DED80
:10A05000010A0068C0F3066001EE100AB8EE411A6A
:10A0600031EE021A80EE010A0798BCEEC00A80EDBC
:10A07000020A07E0079900200860079948600799DD
:10A080008860FFE708B07047001BB74B000000393D
:10A090000024744A0024744C88B0079044F228408D
:10A0A000C5F60200016801F0030106910068C0F3E3
:10A0B0000550059044F22C40C5F602000068C0F33C
:10A0C00000200490049844F24441C5F60201096856
:10A0D00089B2C908484300EE100AB8EE400A8DED77
:10A0E000020A0598002800F01181FFE70698009009
:10A0F00048B1FFE70098012865D0FFE700980228E3
:10A1000000F08380A3E044F20040C5F6020000683E
:10A1100000F020010020B0EB511F31D0FFE744F2E6
:10A120000040C5F602000068C0F3C10149F200001A
:10A13000C0F2D030C84003909DED030AB8EE400A4B
:10A140009DED051AB8EE411A80EE010A44F2404036
:10A15000C5F6020000686FF35F2001EE100AB8EE4A
:10A16000411A9DED022A9FED6F3A02EE031AB7EEF7
:10A17000002A31EE021A20EE010A8DED010A21E0DB
:10A180009DED050AB8EE401A9FED680A80EE010ABF
:10A1900044F24040C5F6020000686FF35F2001EE14
:10A1A000100AB8EE411A9DED022A9FED5E3A02EECA
:10A1B000031AB7EE002A31EE021A20EE010A8DEDE5
:10A1C000010AFFE765E09DED050AB8EE401A9FED34
:10A1D000560A80EE010A44F24040C5F602000068CB
:10A1E0006FF35F2001EE100AB8EE411A9DED022ACE
:10A1F0009FED4C3A02EE031AB7EE002A31EE021A36
:10A2000020EE010A8DED010A43E09DED050AB8EE4E
:10A21000401A9FED430A80EE010A44F24040C5F621
:10A22000020000686FF35F2001EE100AB8EE411AD9
:10A230009DED022A9FED3B3A02EE031AB7EE002A8B
:10A2400031EE021A20EE010A8DED010A21E09DEDAA
:10A25000050AB8EE401A9FED340A80EE010A44F276
:10A260004040C5F6020000686FF35F2001EE100A5F
:10A27000B8EE411A9DED022A9FED2A3A02EE031A2A
:10A28000B7EE002A31EE021A20EE010A8DED010A26
:10A29000FFE79DED010A44F24040C5F60200016867
:10A2A00089B2490A01EE101AB8EE411AB7EE002A37
:10A2B00031EE021A80EE010A0799BCEEC00A81ED68
:10A2C000000A9DED010A0168C1F3064101EE101A72
:10A2D000B8EE411A31EE021A80EE010A0799BCEE7F
:10A2E000C00A81ED010A9DED010A0068C0F3066015
:10A2F00001EE100AB8EE411A31EE021A80EE010AA0
:10A300000798BCEEC00A80ED020A07E0079900201A
:10A3100008600799486007998860FFE708B07047B0
:10A32000001BB74B000000390024744A0024744C11
:10A3300080B59AB0189000208DF857008DF856001F
:10A340001898C0780007002848D5FFE71898406E95
:10A35000149078B1FFE71498B0F5801F13D0FFE791
:10A360001498B0F5001F16D0FFE71498B0F5401F01
:10A3700019D019E044F22C41C5F60201086840F4F6
:10A380000030086014E018980830022109F0F0FB52
:10A390008DF857000CE018982830022109F0D0FC05
:10A3A0008DF8570004E003E001208DF85700FFE727
:10A3B0009DF8570060B9FFE744F25041C5F602012D
:10A3C000086820F44010189A526E1043086004E0A8
:10A3D0009DF857008DF85600FFE7FFE71898407882
:10A3E000C007002840D0FFE71898806D139004281C
:10A3F00020D81399DFE801F0030C141C1D0044F26F
:10A400002C41C5F60201086840F40030086015E0F0
:10A4100018980830002109F0ABFB8DF857000DE0CB
:10A4200018982830002109F08BFC8DF8570005E0C2
:10A4300004E003E001208DF85700FFE79DF8570086
:10A4400060B9FFE744F25041C5F60201086820F008
:10A450000700189A926D1043086004E09DF85700B9
:10A460008DF85600FFE7FFE718984078400700286E
:10A4700056D5FFE71898D0F8A4001290C8B1FFE7AE
:10A480001298B0F5001F1DD0FFE71298B0F5800FAD
:10A4900020D0FFE71298B0F5C00F23D0FFE7129845
:10A4A000B0F5000F1FD0FFE71298B0F5200F1BD0BA
:10A4B0001BE044F22C41C5F60201086840F400306C
:10A4C000086016E018980830002109F051FB8DF85B
:10A4D00057000EE018982830002109F031FC8DF863
:10A4E000570006E005E004E003E001208DF8570086
:10A4F000FFE79DF8570068B9FFE744F25841C5F6F9
:10A500000201086820F46000189AD2F8A4201043D1
:10A51000086004E09DF857008DF85600FFE7FFE75C
:10A52000189840780007002856D5FFE71898D0F80B
:10A53000A8001190C8B1FFE71198B0F1807F1DD03D
:10A54000FFE71198B0F1007F20D0FFE71198B0F13C
:10A55000407F23D0FFE71198B0F1806F1FD0FFE755
:10A560001198B0F1A06F1BD01BE044F22C41C5F64E
:10A570000201086840F40030086016E018980830BE
:10A58000002109F0F5FA8DF857000EE018982830F0
:10A59000002109F0D5FB8DF8570006E005E004E046
:10A5A00003E001208DF85700FFE79DF8570068B9D8
:10A5B000FFE744F25841C5F60201086820F0E06068
:10A5C000189AD2F8A8201043086004E09DF85700BC
:10A5D0008DF85600FFE7FFE71898C078800700283D
:10A5E0003ED5FFE71898C06C1090F0B1FFE71098C7
:10A5F000102808D0FFE7109820280DD0FFE710980A
:10A60000302811D012E044F22C41C5F6020108684E
:10A6100040F4003008600DE018980830022109F07D
:10A62000A7FA8DF8570005E004E003E001208DF85B
:10A630005700FFE79DF8570060B9FFE744F24C412F
:10A64000C5F60201086820F03000189AD26C104359
:10A65000086004E09DF857008DF85600FFE7FFE71B
:10A6600018984078C00600284ED5FFE71898C06DAE
:10A670000F90A0B1FFE70F98B0F5805F18D0FFE70B
:10A680000F98B0F5005F1BD0FFE70F98B0F5405F63
:10A690001ED0FFE70F98B0F5804F1AD01AE044F2B1
:10A6A0002C41C5F60201086840F40030086015E04E
:10A6B00018980830002109F05BFA8DF857000DE07A
:10A6C00018982830002109F03BFB8DF8570005E071
:10A6D00004E003E001208DF85700FFE79DF85700E4
:10A6E00060B9FFE744F25041C5F60201086820F462
:10A6F000E040189AD26D1043086004E09DF85700BE
:10A700008DF85600FFE7FFE718984078800600288C
:10A710004CD5FFE71898006E0E90C8B1FFE70E9871
:10A72000B0F5803F15D0FFE70E98B0F5003F18D088
:10A73000FFE70E98B0F5403F1BD0FFE70E98B0F54D
:10A74000802F17D0FFE70E98B0F5A02F13D013E09D
:10A7500016E018980830012109F00AFA8DF8570020
:10A760000EE018982830012109F0EAFA8DF8570018
:10A7700006E005E004E003E001208DF85700FFE764
:10A780009DF8570060B9FFE744F25041C5F6020159
:10A79000086820F4E020189A126E1043086004E064
:10A7A0009DF857008DF85600FFE7FFE718984078AE
:10A7B000400600284ED5FFE71898D0F8AC000D9061
:10A7C000C8B1FFE70D98B0F1805F15D0FFE70D9895
:10A7D000B0F1005F18D0FFE70D98B0F1405F1BD0DB
:10A7E000FFE70D98B0F1804F17D0FFE70D98B0F15B
:10A7F000A04F13D013E016E018980830012109F09B
:10A80000B7F98DF857000EE018982830012109F0AB
:10A8100097FA8DF8570006E005E004E003E0012018
:10A820008DF85700FFE79DF8570068B9FFE744F23D
:10A830005841C5F60201086820F0E040189AD2F8A5
:10A84000AC201043086004E09DF857008DF85600D6
:10A85000FFE7FFE718984078000600283BD5FFE7A0
:10A860001898C06E0C90D8B1FFE70C98B0F1805FDB
:10A8700005D0FFE70C98B0F1005F09D011E044F279
:10A880002C41C5F60201086840F4003008600CE075
:10A8900018980830012109F06BF98DF8570004E091
:10A8A00003E001208DF85700FFE79DF8570060B9DD
:10A8B000FFE744F25041C5F60201086820F040501D
:10A8C000189AD26E1043086004E09DF857008DF886
:10A8D0005600FFE7FFE71898C078C007002837D078
:10A8E000FFE71898806C0B90032817D80B99DFE8C6
:10A8F00001F014020B1344F22C41C5F60201086862
:10A9000040F4003008600DE018980830022109F08A
:10A910002FF98DF8570005E004E003E001208DF8E1
:10A920005700FFE79DF8570060B9FFE744F24C413C
:10A93000C5F60201086820F00300189A926C1043D3
:10A94000086004E09DF857008DF85600FFE7FFE728
:10A95000189880784006002840F1B480FFE744F65C
:10A960000001C5F60201086840F480700860FDF738
:10A970009FFE1690FFE744F60000C5F6020000684F
:10A98000C00500280CD4FFE7FDF792FE1699401A87
:10A99000652804D3FFE703208DF8570000E0EAE7BD
:10A9A0009DF85700002840F08780FFE744F2704090
:10A9B000C5F60200006800F440701899D1F8B01094
:10A9C00001F44071884213D0FFE744F27041C5F6AC
:10A9D0000201086820F440701790086840F4803045
:10A9E0000860086820F48030086017980860FFE766
:10A9F0001898D0F8B000B0F5807F1FD1FFE7FDF7C1
:10AA000057FE1690FFE744F27040C5F6020000685A
:10AA100000F002010020B0EB510F0ED1FFE7FDF76F
:10AA200047FE1699401A41F28931884204D3FFE764
:10AA300003208DF8570000E0E5E7FFE79DF8570099
:10AA4000A0BBFFE7FFE71898D0F8B00000F4407013
:10AA5000B0F5407F13D1FFE744F21041C5F6020183
:10AA6000086820F47C50189AD2F8B0204FF6F043D2
:10AA7000C0F6FF731A4040EA1210086008E044F282
:10AA80001041C5F60201086820F47C500860FFE719
:10AA90001898D0F8B0206FF31F3244F27041C5F619
:10AAA0000201086810430860FFE704E09DF85700C2
:10AAB0008DF85600FFE704E09DF857008DF856002A
:10AAC000FFE7FFE718980068C007002800F04C80F7
:10AAD000FFE71898806F0A9028282BD80A99DFE89A
:10AAE00001F015292929292929291629292929295E
:10AAF00029291E29292929292929262929292929D4
:10AB000029292729292929292929280016E01898DF
:10AB10000830012109F02CF88DF857000EE0189844
:10AB20002830012109F00CF98DF8570006E005E006
:10AB300004E003E001208DF85700FFE79DF857007F
:10AB400060B9FFE744F25441C5F60201086820F0FD
:10AB50003800189A926F1043086004E09DF857007F
:10AB60008DF85600FFE7FFE7189800788007002867
:10AB700039D5FFE71898406F0990052819D8099929
:10AB8000DFE801F003040C14151616E018980830DD
:10AB9000012108F0EDFF8DF857000EE018982830DD
:10ABA000012109F0CDF88DF8570006E005E004E03A
:10ABB00003E001208DF85700FFE79DF8570060B9CA
:10ABC000FFE744F25441C5F60201086820F007008F
:10ABD000189A526F1043086004E09DF857008DF8F2
:10ABE0005600FFE7FFE718980078400700283BD59C
:10ABF000FFE71898D0F890000890052819D8089910
:10AC0000DFE801F003040C14151616E0189808305C
:10AC1000012108F0ADFF8DF857000EE0189828309C
:10AC2000012109F08DF88DF8570006E005E004E0F9
:10AC300003E001208DF85700FFE79DF8570068B941
:10AC4000FFE744F25841C5F60201086820F007000A
:10AC5000189AD2F890201043086004E09DF857003D
:10AC60008DF85600FFE7FFE7189800788006002867
:10AC70004ED5FFE71898D0F88C000790C8B1FFE7D1
:10AC80000798B0F1805F15D0FFE70798B0F1005F3B
:10AC900018D0FFE70798B0F1405F1BD0FFE7079897
:10ACA000B0F1804F17D0FFE70798B0F1A04F13D055
:10ACB00013E016E018980830002108F059FF8DF8CD
:10ACC00057000EE018982830022109F039F88DF865
:10ACD000570006E005E004E003E001208DF857008E
:10ACE000FFE79DF8570068B9FFE744F25441C5F605
:10ACF0000201086820F0E040189AD2F88C20104336
:10AD0000086004E09DF857008DF85600FFE7FFE764
:10AD100018980078400600284ED5FFE71898D0F81C
:10AD200098000690C8B1FFE70698B0F5806F15D07F
:10AD3000FFE70698B0F5006F18D0FFE70698B0F56A
:10AD4000406F1BD0FFE70698B0F5805F17D0FFE794
:10AD50000698B0F5A05F13D013E016E018980830FD
:10AD6000002108F005FF8DF857000EE018982830F4
:10AD7000022108F0E5FF8DF8570006E005E004E049
:10AD800003E001208DF85700FFE79DF8570068B9F0
:10AD9000FFE744F25841C5F60201086820F4E0508C
:10ADA000189AD2F898201043086004E09DF85700E4
:10ADB0008DF85600FFE7FFE7189800780006002896
:10ADC0004ED5FFE71898D0F89C000590C8B1FFE772
:10ADD0000598B0F5005F15D0FFE70598B0F5804FF6
:10ADE00018D0FFE70598B0F5C04F1BD0FFE70598D6
:10ADF000B0F5004F17D0FFE70598B0F5204F13D0FE
:10AE000013E016E018980830002108F0B1FE8DF824
:10AE100057000EE018982830022108F091FF8DF8B5
:10AE2000570006E005E004E003E001208DF857003C
:10AE3000FFE79DF8570068B9FFE744F25841C5F6AF
:10AE40000201086820F46040189AD2F89C20104350
:10AE5000086004E09DF857008DF85600FFE7FFE713
:10AE6000189800780007002820D5FFE71898D0F838
:10AE70008000B0F5805F0CD1FFE7189828300221E0
:10AE800008F05EFF20B1FFE701208DF85600FFE7D4
:10AE9000FFE744F25441C5F60201086820F440502F
:10AEA000189AD2F8802010430860FFE718980078BD
:10AEB000C006002820D5FFE71898D0F89400B0F518
:10AEC000807F0CD1FFE718982830022108F038FF66
:10AED00020B1FFE701208DF85600FFE7FFE744F2BD
:10AEE0005841C5F60201086820F44070189AD2F85B
:10AEF000942010430860FFE7189880780007002826
:10AF00003CD5FFE71898D0F8A000049050B1FFE7B7
:10AF10000498B0F5803F0DD0FFE70498B0F5003FEE
:10AF200010D010E018980830002108F021FE8DF8AC
:10AF300057000CE018982830022108F001FF8DF826
:10AF4000570004E003E001208DF85700FFE79DF86B
:10AF5000570068B9FFE744F25841C5F60201086896
:10AF600020F44030189AD2F8A0201043086004E082
:10AF70009DF857008DF85600FFE7FFE71898807896
:10AF8000400700283FD5FFE71898D0F884000390C9
:10AF9000B0F5801F0AD0FFE70398B0F5001F0ED070
:10AFA000FFE70398B0F5401F11D011E044F22C41A7
:10AFB000C5F60201086840F4003008600CE01898FB
:10AFC0002830012108F0BCFE8DF8570004E003E0B2
:10AFD00001208DF85700FFE79DF8570068B9FFE79B
:10AFE00044F25441C5F60201086820F44010189A52
:10AFF000D2F884201043086004E09DF857008DF8D3
:10B000005600FFE7FFE718988078C007A8B3FFE76E
:10B010001898006D029028B1FFE70298B0F5803FC4
:10B0200009D010E044F22C41C5F60201086840F452
:10B03000003008600BE018980830022108F098FDF5
:10B040008DF8570003E001208DF85700FFE79DF8C9
:10B05000570060B9FFE744F24C41C5F602010868A9
:10B0600020F48030189A126D1043086004E09DF8B7
:10B0700057008DF85600FFE7FFE71898C078800664
:10B0800000280CD5FFE718982830022108F058FE58
:10B0900020B1FFE701208DF85600FFE7FFE7189881
:10B0A0008078800700283AD5FFE71898C06F019094
:10B0B000D0B1FFE70198B0F5807F0AD0FFE7019893
:10B0C000B0F5007F0ED0FFE70198B0F5407F0AD0C1
:10B0D0000BE044F22C41C5F60201086840F4003050
:10B0E000086006E005E004E003E001208DF8570069
:10B0F000FFE79DF8570060B9FFE744F25441C5F6F9
:10B100000201086820F44070189AD26F104308605A
:10B1100004E09DF857008DF85600FFE7FFE7189808
:10B120008078C00600280CD5FFE744F25041C5F6F0
:10B130000201086820F00040189A126F104308605E
:10B14000FFE718988078800600280CD5FFE744F2C6
:10B150005041C5F60201086820F08070189A926E7E
:10B1600010430860FFE71898C0784006002811D502
:10B17000FFE7FFE744F21041C5F60201086820F43A
:10B18000004008601898D0F8B420086810430860A0
:10B19000FFE7FFE71898C078000600280CD5FFE706
:10B1A00044F24C41C5F60201086820F04050189A5C
:10B1B000526D10430860FFE7189880780006002859
:10B1C0000DD5FFE744F25441C5F60201086820F4AA
:10B1D0004000189AD2F8882010430860FFE71898BA
:10B1E0000079C00790B1FFE718980830002108F0F7
:10B1F000BFFC8DF857009DF8570008B9FFE704E041
:10B200009DF857008DF85600FFE7FFE71898007982
:10B210008007002812D5FFE718980830012108F0B0
:10B22000A7FC8DF857009DF8570008B9FFE704E028
:10B230009DF857008DF85600FFE7FFE71898007952
:10B240004007002812D5FFE718980830022108F0BF
:10B250008FFC8DF857009DF8570008B9FFE704E010
:10B260009DF857008DF85600FFE7FFE71898007922
:10B270000007002812D5FFE718982830002108F0B1
:10B280005FFD8DF857009DF8570008B9FFE704E00F
:10B290009DF857008DF85600FFE7FFE718980079F2
:10B2A000C006002812D5FFE718982830012108F0C1
:10B2B00047FD8DF857009DF8570008B9FFE704E0F7
:10B2C0009DF857008DF85600FFE7FFE718980079C2
:10B2D0008006002812D5FFE718982830022108F0D0
:10B2E0002FFD8DF857009DF8570008B9FFE704E0DF
:10B2F0009DF857008DF85600FFE7FFE79DF85600D0
:10B3000020B9FFE700208DF8670003E001208DF8E9
:10B310006700FFE79DF867001AB080BD00000000DD
:10B3200080B586B004900391049820B9FFE701200E
:10B330008DF817003CE2039842F20001C5F20021AB
:10B34000096801F00F01884216D9FFE742F20000B8
:10B35000C5F20020016821F00F01039A114301603A
:10B36000006800F00F000399884204D0FFE7012035
:10B370008DF817001CE2FFE70498007840070028CA
:10B3800019D5FFE70498006944F21841C5F6020197
:10B39000096801F0700188420CD9FFE744F21841B6
:10B3A000C5F60201086820F07000049A1269104383
:10B3B0000860FFE7FFE7049800780007002819D528
:10B3C000FFE70498406944F21C41C5F60201096890
:10B3D00001F0700188420CD9FFE744F21C41C5F628
:10B3E0000201086820F07000049A52691043086056
:10B3F000FFE7FFE704980078C006002819D5FFE7AB
:10B400000498806944F21C41C5F60201096801F400
:10B41000E06188420CD9FFE744F21C41C5F6020105
:10B42000086820F4E060049A926910430860FFE71E
:10B43000FFE7049800788006002819D5FFE70498F4
:10B44000C06944F22041C5F60201096801F07001AB
:10B4500088420CD9FFE744F22041C5F60201086892
:10B4600020F07000049AD26910430860FFE7FFE7FC
:10B47000049800788007002819D5FFE70498C06871
:10B4800044F21841C5F60201096801F00F01884233
:10B490000CD9FFE744F21841C5F60201086820F014
:10B4A0000F00049AD26810430860FFE7FFE7049892
:10B4B0000078C007002800F08C80FFE744F21841B4
:10B4C000C5F60201086820F47060049A926810437F
:10B4D000086004984068022811D1FFE744F2004058
:10B4E000C5F60200006800F400310020B0EB514FB7
:10B4F00004D1FFE701208DF8170059E13EE00498E0
:10B500004068032811D1FFE744F20040C5F602006D
:10B51000006800F000710020B0EB516F04D1FFE72C
:10B5200001208DF8170043E127E0049840680128C6
:10B5300011D1FFE744F20040C5F60200006800F4B4
:10B5400080710020B0EB112F04D1FFE701208DF8AE
:10B5500017002DE110E044F20040C5F6020000683B
:10B5600000F004010020B0EB910F04D1FFE70120AF
:10B570008DF817001CE1FFE7FFE7FFE744F21041F9
:10B58000C5F60201086820F00700049A52681043CB
:10B590000860FDF78DF80190FFE744F21040C5F612
:10B5A0000200006800F0380004994968B0EBC10F50
:10B5B0000ED0FFE7FDF77CF80199401A41F289317E
:10B5C000884204D3FFE703208DF81700F0E0E4E79A
:10B5D000FFE7049800788007002819D5FFE7049852
:10B5E000C06844F21841C5F60201096801F00F0174
:10B5F00088420CD2FFE744F21841C5F60201086800
:10B6000020F00F00049AD26810430860FFE7FFE7BC
:10B61000039842F20001C5F20021096801F00F0110
:10B62000884216D2FFE742F20000C5F2002001680E
:10B6300021F00F01039A11430160006800F00F0030
:10B640000399884204D0FFE701208DF81700AFE08E
:10B65000FFE7049800784007002819D5FFE7049811
:10B66000006944F21841C5F60201096801F0700151
:10B6700088420CD2FFE744F21841C5F6020108687F
:10B6800020F07000049A126910430860FFE7FFE79A
:10B69000049800780007002819D5FFE7049840694E
:10B6A00044F21C41C5F60201096801F070018842AC
:10B6B0000CD2FFE744F21C41C5F60201086820F0F5
:10B6C0007000049A526910430860FFE7FFE704988E
:10B6D0000078C006002819D5FFE70498806944F275
:10B6E0001C41C5F60201096801F4E06188420CD2F0
:10B6F000FFE744F21C41C5F60201086820F4E0604F
:10B70000049A926910430860FFE7FFE70498007805
:10B710008006002819D5FFE70498C06944F220414B
:10B72000C5F60201096801F0700188420CD2FFE7FA
:10B7300044F22041C5F60201086820F07000049A26
:10B74000D26910430860FFE7FFE700F0CDF844F24C
:10B750001842C5F602021168C1F3032346F2F44110
:10B76000C0F60201CB5C03F01F03D84000900098A4
:10B77000126802F00F02895C01F01F01C84040F21C
:10B780000C01C2F200010860009840F25C11C2F2A4
:10B790000041086040F29C40C2F200400068FCF7A3
:10B7A000DFFF8DF80B009DF80B008DF81700FFE709
:10B7B0009DF8170006B080BD82B0019000910199FC
:10B7C0003F20086044F21040C5F60200006800F017
:10B7D00007000199486044F21840C5F6020001686C
:10B7E00001F47061019A9160016801F00F01019A02
:10B7F000D160006800F070000199086144F21C40BB
:10B80000C5F60200016801F07001019A51610068FB
:10B8100000F4E0600199886144F22040C5F602001E
:10B82000006800F070000199C86142F20000C5F2A2
:10B830000020006800F00F000099086002B0704717
:10B8400080B582B000F050F844F21842C5F602020A
:10B850001168C1F3032346F2F441C0F60201CB5C48
:10B8600003F01F03D84001900198126802F00F0204
:10B87000895C01F01F0120FA01F140F20C00C2F2D4
:10B8800000000160019940F25C12C2F200421160B6
:10B89000006802B080BD000080B5FFF7D1FF44F220
:10B8A0001C41C5F602010968C1F3021246F2F441D7
:10B8B000C0F60201895C01F01F01C84080BD000094
:10B8C00080B5FFF7BDFF44F21C41C5F602010968CF
:10B8D000C1F3022246F2F441C0F60201895C01F094
:10B8E0001F01C84080BD00008AB044F21040C5F678
:10B8F0000200006800F0380001460191182800F2AB
:10B900005F810199DFE811F019005C015C015C01C5
:10B910005C015C015C015C013A005C015C015C0162
:10B920005C015C015C015C0140005C015C015C014C
:10B930005C015C015C015C01460044F20040C5F61C
:10B940000200006800F020010020B0EB511F0ED073
:10B95000FFE744F20040C5F602000068C0F3C101F1
:10B9600049F20000C0F2D030C840029005E049F230
:10B970000000C0F2D0300290FFE727E140F600104F
:10B98000C0F23D00029021E143F20060C0F26E106F
:10B9900002901BE144F22840C5F60200016801F064
:10B9A000030108910068C0F30510079044F22C4091
:10B9B000C5F60200006800F001000690069844F207
:10B9C0003441C5F60201096889B2C908484300EE4E
:10B9D000100AB8EE400A8DED040A0798002800F01E
:10B9E000EB80FFE70898009048B1FFE70098012836
:10B9F00065D0FFE70098022800F08380A3E044F2BE
:10BA00000040C5F60200006800F020010020B0EB05
:10BA1000511F31D0FFE744F20040C5F60200006834
:10BA2000C0F3C10149F20000C0F2D030C840059017
:10BA30009DED050AB8EE400A9DED071AB8EE411AD1
:10BA400080EE010A44F23040C5F6020000686FF350
:10BA50005F2001EE100AB8EE411A9DED042A9FED19
:10BA60005E3A02EE031AB7EE002A31EE021A20EE19
:10BA7000010A8DED030A21E09DED070AB8EE401A98
:10BA80009FED570A80EE010A44F23040C5F60200ED
:10BA900000686FF35F2001EE100AB8EE411A9DEDC9
:10BAA000042A9FED4D3A02EE031AB7EE002A31EE5A
:10BAB000021A20EE010A8DED030AFFE765E09DED15
:10BAC000070AB8EE401A9FED450A80EE010A44F2DB
:10BAD0003040C5F6020000686FF35F2001EE100AE7
:10BAE000B8EE411A9DED042A9FED3B3A02EE031A8F
:10BAF000B7EE002A31EE021A20EE010A8DED030A9C
:10BB000043E09DED070AB8EE401A9FED320A80EE41
:10BB1000010A44F23040C5F6020000686FF35F206E
:10BB200001EE100AB8EE411A9DED042A9FED2A3A63
:10BB300002EE031AB7EE002A31EE021A20EE010AD5
:10BB40008DED030A21E09DED070AB8EE401A9FED46
:10BB5000230A80EE010A44F23040C5F60200006874
:10BB60006FF35F2001EE100AB8EE411A9DED042A32
:10BB70009FED193A02EE031AB7EE002A31EE021ACF
:10BB800020EE010A8DED030AFFE744F23040C5F6CE
:10BB90000200006881B2012000EB512009909DED68
:10BBA000030A9DED091AB8EE411A80EE010ABCEEB7
:10BBB000C00A8DED020A02E000200290FFE705E0D6
:10BBC00040F60010C0F23D000290FFE702980AB074
:10BBD000704700BF001BB74B000000390024744AB7
:10BBE0000024744C0000000080B58CB00A900A98C4
:10BBF00028B9FFE701208DF82F0000F001BD0A9859
:10BC00000078C007002800F0B980FFE744F2104038
:10BC1000C5F60200006800F03800069044F22840A3
:10BC2000C5F6020000680590069810280AD0FFE7C4
:10BC3000069818281CD1FFE7059800F00300022899
:10BC400016D1FFE744F20040C5F60200006800F498
:10BC500000310020B0EB514F09D0FFE70A9840684F
:10BC600028B9FFE701208DF82F0000F0C9BC84E05F
:10BC7000FFE70A984068B0F5803F09D1FFE744F23A
:10BC80000041C5F60201086840F48030086032E0E7
:10BC90000A98406868B9FFE744F20041C5F602011E
:10BCA000086820F480300860086820F4802008606C
:10BCB00020E00A984068B0F5A02F0DD1FFE744F2CC
:10BCC0000041C5F60201086840F480200860086859
:10BCD00040F4803008600CE044F20041C5F60201F7
:10BCE000086820F480300860086820F4802008602C
:10BCF000FFE7FFE7FFE7FFE70A984068F0B1FFE7DB
:10BD0000FCF7D6FC0990FFE744F20040C5F60200BC
:10BD1000006800F400310020B0EB514F0DD1FFE777
:10BD2000FCF7C6FC0999401A652805D3FFE70320F4
:10BD30008DF82F0000F064BCE6E71DE0FCF7B8FCCE
:10BD40000990FFE744F20040C5F60200006800F4E5
:10BD500000310020B0EB514F0DD0FFE7FCF7A8FCFD
:10BD60000999401A652805D3FFE703208DF82F00B5
:10BD700000F046BCE6E7FFE7FFE7FFE70A98007838
:10BD80008007002840F1C580FFE744F21040C5F667
:10BD90000200006800F03800049044F22840C5F624
:10BDA000020000680390049850B1FFE70498182837
:10BDB00050D1FFE79DF80C00800700284AD1FFE72B
:10BDC00044F20040C5F60200006800F004010020C3
:10BDD000B0EB910F09D0FFE70A98C06828B9FFE7D8
:10BDE00001208DF82F0000F00BBC44F20041C5F695
:10BDF0000201086820F019000A9AD268104308600E
:10BE0000FCF756FC0990FFE744F20040C5F602003B
:10BE1000006800F004010020B0EB910F0CD1FFE7A7
:10BE2000FCF746FC0999401A032804D3FFE70320D6
:10BE30008DF82F00E4E3E7E744F20441C5F6020180
:10BE4000086820F0FE400A9A126940EA0260086021
:10BE5000FFE75DE00A98C068A0B3FFE744F2004145
:10BE6000C5F60201086820F019000A9AD26810434A
:10BE70000860FCF71DFC0990FFE744F20040C5F69E
:10BE80000200006800F004010020B0EB910F0CD11B
:10BE9000FFE7FCF70DFC0999401A032804D3FFE7DC
:10BEA00003208DF82F00ABE3E7E744F20441C5F629
:10BEB0000201086820F0FE400A9A126940EA026016
:10BEC000086024E044F20041C5F60201086820F051
:10BED00001000860FCF7ECFB0990FFE744F200402A
:10BEE000C5F60200006800F004010020B0EB910FDD
:10BEF0000CD0FFE7FCF7DCFB0999401A032804D3B8
:10BF0000FFE703208DF82F007AE3E7E7FFE7FFE77D
:10BF1000FFE70A980078C006002840F1A080FFE7FC
:10BF200044F21040C5F60200006800F038000290AC
:10BF300044F22840C5F602000068019002980828E3
:10BF40000AD0FFE7029818282BD1FFE7019800F0EC
:10BF50000300012825D1FFE744F20040C5F60200A6
:10BF6000006800F480710020B0EB112F09D0FFE7CA
:10BF70000A98C069802804D0FFE701208DF82F00BF
:10BF80003EE3FFE744F20C41C5F60201086820F0E9
:10BF90007C500A9A126A40EA02600860FFE7FFE7F5
:10BFA0005CE00A98C06998B3FFE744F20041C5F627
:10BFB0000201086840F080000860FCF779FB0990F6
:10BFC000FFE744F20040C5F60200006800F480710B
:10BFD0000020B0EB112F0CD1FFE7FCF769FB0999AA
:10BFE000401A032804D3FFE703208DF82F0007E34E
:10BFF000E7E7FFE744F20C41C5F60201086820F0CC
:10C000007C500A9A126A40EA02600860FFE724E066
:10C0100044F20041C5F60201086820F08000086083
:10C02000FCF746FB0990FFE744F20040C5F602002A
:10C03000006800F480710020B0EB112F0CD0FFE7F6
:10C04000FCF736FB0999401A032804D3FFE70320C5
:10C050008DF82F00D4E2E7E7FFE7FFE7FFE70A9854
:10C060000078000700284FD5FFE70A98406928B3F9
:10C07000FFE744F27441C5F60201086840F0010090
:10C080000860FCF715FB0990FFE744F27440C5F621
:10C090000200006800F002010020B0EB510F0CD14B
:10C0A000FFE7FCF705FB0999401A032804D3FFE7D3
:10C0B00003208DF82F00A3E2E7E724E044F2744167
:10C0C000C5F60201086820F001000860FCF7F0FAEC
:10C0D0000990FFE744F27440C5F60200006800F0E2
:10C0E00002010020B0EB510F0CD0FFE7FCF7E0FAA3
:10C0F0000999401A032804D3FFE703208DF82F0085
:10C100007EE2E7E7FFE7FFE70A980078800600286D
:10C110004FD5FFE70A98806928B3FFE744F2004152
:10C12000C5F60201086840F480500860FCF7C0FAC8
:10C130000990FFE744F20040C5F60200006800F4F1
:10C1400000510020B0EB513F0CD1FFE7FCF7B0FAF3
:10C150000999401A032804D3FFE703208DF82F0024
:10C160004EE2E7E724E044F20041C5F60201086828
:10C1700020F480500860FCF79BFA0990FFE744F236
:10C180000040C5F60200006800F400510020B0EB4A
:10C19000513F0CD0FFE7FCF78BFA0999401A0328AE
:10C1A00004D3FFE703208DF82F0029E2E7E7FFE73C
:10C1B000FFE70A9800784007002840F1A780FFE7D2
:10C1C00044F60001C5F60201086840F4807008607A
:10C1D000FCF76EFA0990FFE744F60000C5F602008E
:10C1E0000068C00500280CD4FFE7FCF761FA099944
:10C1F000401A652804D3FFE703208DF82F00FFE1E4
:10C20000EAE7FFE70A988068012809D1FFE744F2CE
:10C210007041C5F60201086840F00100086031E095
:10C220000A98806868B9FFE744F27041C5F60201D8
:10C23000086820F001000860086820F00400086029
:10C240001FE00A98806805280DD1FFE744F270418D
:10C25000C5F60201086840F004000860086840F074
:10C26000010008600CE044F27041C5F60201086864
:10C2700020F001000860086820F004000860FFE773
:10C28000FFE7FFE7FFE70A988068F8B1FFE7FCF7F0
:10C290000FFA0990FFE744F27040C5F6020000680B
:10C2A00000F002010020B0EB510F0ED1FFE7FCF7C8
:10C2B000FFF90999401A41F28931884204D3FFE716
:10C2C00003208DF82F009BE1E5E71EE0FCF7F0F975
:10C2D0000990FFE744F27040C5F60200006800F0E4
:10C2E00002010020B0EB510F0ED0FFE7FCF7E0F9A0
:10C2F0000999401A41F28931884204D3FFE70320AB
:10C300008DF82F007CE1E5E7FFE7FFE70A98406A38
:10C31000002800F07181FFE744F21040C5F60200EA
:10C32000006800F03800182800F0E080FFE70A9865
:10C33000406A022840F0B480FFE744F20041C5F6AD
:10C340000201086820F080700860FCF7B1F90990DC
:10C35000FFE744F20040C5F60200006800F00071FB
:10C360000020B0EB516F0CD0FFE7FCF7A1F9099961
:10C37000401A032804D3FFE703208DF82F003FE184
:10C38000E7E7FFE744F22841C5F60201086840F2FA
:10C39000F33290430A9B9A6ADB6A42EA0312104323
:10C3A00008600A99086BD1F834C08B6BCA6B0138EE
:10C3B0006FF35F204FF60061CFF6FF7101EB4C2168
:10C3C00089B208440021CFF6FF7101EB034101F46B
:10C3D000FE0108444FF07F4101EB026101F0FE4194
:10C3E000084444F23041C5F602010860FFE744F218
:10C3F0002C41C5F602010091086820F00100086098
:10C4000044F23442C5F6020210684FF6F8739843BE
:10C410000A9B9B6C40EAC3001060086820F00C0087
:10C420000A9A126C10430860086820F002000A9A09
:10C43000526C10430860086840F480300860086857
:10C4400040F400300860086840F480200860086804
:10C4500040F00100086044F20041C5F6020108689E
:10C4600040F080700860FCF723F90990FFE744F280
:10C470000040C5F60200006800F000710020B0EB3B
:10C48000516F0CD1FFE7FCF713F90999401A032803
:10C4900004D3FFE703208DF82F00B1E0E7E724E0A5
:10C4A00044F20041C5F60201086820F0807008607F
:10C4B000FCF7FEF80990FFE744F20040C5F60200E1
:10C4C000006800F000710020B0EB516F0CD0FFE766
:10C4D000FCF7EEF80999401A032804D3FFE703207C
:10C4E0008DF82F008CE0E7E7FFE784E044F2284076
:10C4F000C5F602000068089044F23040C5F602001C
:10C50000006807900A98406A012837D0FFE708982A
:10C5100000F003000A99896A88422FD1FFE7089842
:10C5200000F47C710A98C06AB0EB111F26D1FFE7B6
:10C5300007986FF35F200A99096B013988421DD172
:10C54000FFE7BDF81C100A98406B0138B0EB512F83
:10C5500014D1FFE7079800F4FE010A98806B0138B8
:10C56000B0EB114F0AD1FFE7079800F0FE410A989F
:10C57000C06B0138B0EB116F04D0FFE701208DF8DC
:10C580002F003DE044F23440C5F60200006880B25E
:10C59000C00808900A98806C0899884229D0FFE763
:10C5A00044F22C41C5F60201086820F00100086041
:10C5B000FCF77EF80990FFE7FCF77AF80999401A32
:10C5C00008B9FFE7F8E744F23441C5F6020108680C
:10C5D0004FF6F87290430A9A926C40EAC2000860E3
:10C5E00044F22C41C5F60201086840F001000860E1
:10C5F000FFE7FFE7FFE7FFE700208DF82F00FFE7E9
:10C600009DF82F000CB080BD80B586B004900391DA
:10C6100002920193049820B9FFE701208DF81700DA
:10C6200056E00498D0F8880040B9FFE7049900204C
:10C6300081F88400049803F0D7F8FFE704992420D8
:10C64000C1F8880004980168086820F001000860BB
:10C650000498806A20B1FFE704980AF025F9FFE703
:10C6600004980AF041FC012804D1FFE701208DF86D
:10C6700017002DE004980168886840F480408860C5
:10C6800004980068806820F40040039908430499E6
:10C69000096888600298400500900199009840EA76
:10C6A000014000900498006800686FF319400099F9
:10C6B000084304990968086004980168086840F014
:10C6C0000100086004980AF093F98DF81700FFE75D
:10C6D0009DF8170006B080BD81B0009001B0704792
:10C6E00080B588B0079007980068006906900798A1
:10C6F00000684069059006980599084004900798DD
:10C7000000688068039000200290079890F88100EC
:10C710008DF8070007980068303000909DF81500EC
:10C720000007002810D5FFE79DF818000007002833
:10C730000AD5FFE707980168886940F400608861BE
:10C74000079800F0BDFB91E19DF81000400600281D
:10C7500015D4FFE79DF81000800600280FD4FFE7EE
:10C760009DF810004007002809D5FFE70798416FA2
:10C7700088470798016F884701200290FFE79DF8DE
:10C7800010004006002811D4FFE79DF81000C007F4
:10C7900060B1FFE79DF810004007002806D4FFE7CE
:10C7A0000798016F884701200290FFE79DF810006D
:10C7B0008006002812D4FFE79DF8100080070028AB
:10C7C0000CD5FFE79DF810004007002806D4FFE7CE
:10C7D0000798416F884701200290FFE7029808B14F
:10C7E000FFE743E19DF810000007002840F1898031
:10C7F000FFE707980168886940F00800886107989A
:10C800000168886940F010008861079801688869AC
:10C8100040F40060886107980168086920F008000A
:10C82000086107980068806810F4404F3AD1FFE72C
:10C83000FFE70798B0F86A0098B3FFE70798C06869
:10C8400010280BD3FFE707980068006B0799496E23
:10C8500008600799486E043048661BE00798C06876
:10C8600008280AD3FFE7009800880799496E0880D6
:10C870000799486E023048660BE00798006890F808
:10C8800030000799496E08700799486E0130486674
:10C89000FFE7FFE70799B1F86A000138A1F86A00DD
:10C8A000C7E7FFE7079807F063FC0799012081F8C5
:10C8B00081000798D0F8840020B1FFE70798FFF7C0
:10C8C0000BFFD3E09DF80700052804D1FFE7079888
:10C8D00000F082FE14E09DF80700042804D1FFE771
:10C8E000079800F0E9FA0AE09DF80700032804D150
:10C8F000FFE7079800F06CFE00E0FFE7FFE7FFE7C7
:10C90000B4E0BDF8100010F4587F00F0AF80FFE7EE
:10C910009DF81000400600280ED5FFE70799D1F8D2
:10C92000840040F00400C1F8840007980168886919
:10C9300040F040008861FFE79DF811008007002863
:10C940000ED5FFE70799D1F8840040F00100C1F847
:10C95000840007980168886940F400708861FFE7E7
:10C960009DF81100C00770B1FFE70799D1F8840066
:10C9700040F00800C1F8840007980168886940F415
:10C9800080708861FFE79DF81000800600280ED5B2
:10C99000FFE70799D1F8840040F08000C1F88400D7
:10C9A00007980168886940F020008861FFE70798D0
:10C9B000D0F88400002858D0FFE70798016808687D
:10C9C00020F00100086007980168086940F26B32A6
:10C9D00090430861039800F44040B0F5404F3BD1CC
:10C9E000FFE707980168886820F44040886007984E
:10C9F000C06FB0B1FFE70798C16F44F28920C0F65D
:10CA0000010008650798C06FF7F79EFC40B1FFE78B
:10CA10000799D1F8840040F04000C1F88400FFE796
:10CA2000FFE70798806FB0B1FFE70798816F44F286
:10CA30008920C0F6010008650798806FF7F784FC2D
:10CA400040B1FFE70799D1F8840040F04000C1F8F9
:10CA50008400FFE7FFE707E00799012081F88100E4
:10CA60000798FFF739FEFFE7FFE7FFE708B080BD53
:10CA700080B586B00490049820B9FFE701208DF8B6
:10CA800017003AE10498406A08B9FFE7FFE7049904
:10CA9000002088620498006843F20001C4F201019A
:10CAA00088421BD0FFE70498006843F60001C4F2F7
:10CAB0000001884212D0FFE70498006843F6004165
:10CAC000C4F20001884209D0FFE70498C06810282A
:10CAD00004D3FFE701208DF817000EE1049807F05A
:10CAE000EBFB02900498006843F20001C4F20101DC
:10CAF000884216D0FFE70498006843F60001C4F2AC
:10CB0000000188420DD0FFE70498006843F6004119
:10CB1000C4F20001884204D0FFE7029808281FD819
:10CB2000FFE70498006843F20001C4F20101884263
:10CB300012D0FFE70498006843F60001C4F2000138
:10CB4000884209D0FFE70498006843F60041C4F228
:10CB50000001884208D1FFE70298112804D3FFE7BB
:10CB600001208DF81700C8E0049890F8810040B9C2
:10CB7000FFE70499002081F88000049800F0C4F8D1
:10CB8000FFE70499022081F8810004980168086891
:10CB900020F00100086004980068806800F4F81034
:10CBA000039004988069B0F1806F1BD1FFE704986F
:10CBB0004068B0F5800F04D1FFE70498806B50B156
:10CBC000FFE70498406868B9FFE70498806BB0F10C
:10CBD000805F07D1FFE704980168086840F480503F
:10CBE0000860FFE7049880794006002810D5FFE729
:10CBF0000498C06807280BD3FFE704980068006812
:10CC000020F48070049A1168126D1043086006E0E9
:10CC100004980168086820F480700860FFE7049BAE
:10CC20001968DA68D869D3F828C040EA0C00DDF842
:10CC30000CC040EA0C00DB6B184310438860049A78
:10CC40000192506B516A0843916B08439169084304
:10CC50001168D2F804C09368D2F810E040EA0E00E0
:10CC6000D2F814E040EA0E00D2F820E040EA0E00CC
:10CC700040EA0C00D2F84CC040EA0C001843936C18
:10CC80001843926D1043C8600498406898B9FFE754
:10CC9000049800688068012161F3CC200499096838
:10CCA0008860049800688068022161F34A20049932
:10CCB00009688860FFE704980168086D20F00100AA
:10CCC000086504988079400600280BD5FFE7049892
:10CCD0000068C06820F00040049A1168526D10434B
:10CCE000C860FFE704990020C1F88400049A01217C
:10CCF00082F881108DF81700FFE79DF8170006B045
:10CD000080BD00000000000080B5BEB03D90002056
:10CD10003C903B903A90399038900AA8B821F3F7AC
:10CD20003DFD3D98006843F60001C4F200018842D1
:10CD300040F0BF80FFE700200B904FF480510A9134
:10CD400021900AA8FDF7F4FA18B1FFE7F6F754F8B6
:10CD5000FFE7FFE744F2E840C5F60200016841F44E
:10CD600080410160006800F4804009900998FFE765
:10CD7000FFE744F2E040C5F60200016841F004011B
:10CD80000160006800F0040008900898FFE7FFE7E2
:10CD900044F2E040C5F60200016841F00201016082
:10CDA000006800F0020007900798FFE7062038901F
:10CDB000022002903990002005903A903B90052087
:10CDC00003903C9040F60000C5F6020038A904919B
:10CDD000FBF782FA029B03980499059A4FF4005CD2
:10CDE000CDF8E0C039933A923B923C9040F200403B
:10CDF000C5F60200FBF770FA059940F25010C2F236
:10CE0000000006901022C4F2020202602722426053
:10CE10008160C1604FF48062026141618161C161E2
:10CE20004FF4403202624162F8F7C6FE18B1FFE7E4
:10CE3000F5F7E2FFFFE7FFE73D9840F25011C2F23D
:10CE40000001C1673D988863FFE745F2E810C2F230
:10CE5000014001902821C4F20201016028214160B3
:10CE6000402181600021C1604FF480620261416114
:10CE70008161C1614FF4403202624162F8F79CFE69
:10CE800018B1FFE7F5F7B8FFFFE7FFE73D9845F278
:10CE9000E811C2F2014181673D988863FFE72420D1
:10CEA000009005210022FBF75BFD0098FBF74CFD8D
:10CEB000FFE73EB080BD000081B0009001B0704738
:10CEC00081B0009001B0704780B590B0DDF848C0E7
:10CED0000E900D910C92ADF82E300E980068203017
:10CEE0000A900E980068303009900E98C16B0120AE
:10CEF00000EB5110ADF81200FBF7DAFB0890BDF81B
:10CF00002E00ADF81600BDF82E00ADF814000E98F6
:10CF100090F88100012804D0FFE702208DF83F003F
:10CF200050E30D9838B1FFE70C9820B1FFE7BDF84A
:10CF30002E0020B9FFE701208DF83F0042E3FFE714
:10CF40000E9890F88000012804D1FFE702208DF8A8
:10CF50003F0037E30E99012081F88000FFE7FFE7EB
:10CF60000E99052081F881000E990020C1F88400F7
:10CF70000C990E9A5166BDF82E100E9AA2F86A10FE
:10CF8000BDF82E100E9AA2F868100D990E9AD16570
:10CF9000BDF82E100E9AA2F86210BDF82E100E9A4F
:10CFA000A2F860100E9908670E9948670E980068FD
:10CFB000C06820F4C0200E990968C8600E98006807
:10CFC00043F20001C4F20101884212D0FFE70E983B
:10CFD000006843F60001C4F20001884209D0FFE76F
:10CFE0000E98006843F60041C4F20001884203D164
:10CFF000FFE71020079002E008200790FFE70E9857
:10D00000006840684FF6FF718843BDF82E10084451
:10D010000E99096848600E980168086840F00100A0
:10D0200008600E984068B0F5800F07D1FFE70E98B2
:10D030000168086840F400700860FFE70E98C06857
:10D040001028C0F0B580FFE7079880080790FFE739
:10D05000BDF816100120039039B9FFE7BDF81400A0
:10D06000002818BF01200390FFE70398C00700289D
:10D0700000F09D80FFE70E98006840698007002857
:10D0800022D5FFE7BDF81600F0B1FFE7BDF81400A8
:10D09000BDF81610079A1144884215D2FFE70E9882
:10D0A0000168C06D006808620E99C86D0430C865DB
:10D0B0000E99B1F862000138A1F862000E98B0F83C
:10D0C0006200ADF81600FFE70E9800684069069010
:10D0D000BDF81400002869D0FFE70E980068406989
:10D0E000C007B0B1FFE70E980068006B0E99496E5B
:10D0F00008600E99486E043048660E99B1F86A00CF
:10D100000138A1F86A000E98B0F86A00ADF8140072
:10D110004BE0BDF81400BDF8121088421CDAFFE79E
:10D120009DF819000006002816D5FFE70E98006844
:10D13000006B0E99496E08600E99486E043048667F
:10D140000E99B1F86A000138A1F86A000E98B0F89B
:10D150006A00ADF8140027E0FBF7AAFA0899401A14
:10D160001299884204D3FFE71298013018B9FFE7FB
:10D170001298C0B9FFE70E9806F0FAFF0E99D1F8A1
:10D18000840040F48070C1F884000E99012081F879
:10D190008100FFE70E99002081F88000FFE703205F
:10D1A0008DF83F000EE2FFE7FFE7FFE750E7DCE125
:10D1B0000E98C0680828C0F0DE80FFE70798400896
:10D1C0000790FFE7BDF816100120029039B9FFE77C
:10D1D000BDF81400002818BF01200290FFE7029854
:10D1E000C007002800F0C680FFE70E98006840697D
:10D1F0008007002822D5FFE7BDF81600F0B1FFE751
:10D20000BDF81400BDF81610079A1144884215D2D3
:10D21000FFE70E98C06D00880A9908800E99C86DC6
:10D220000230C8650E99B1F862000138A1F86200B9
:10D230000E98B0F86200ADF81600FFE70E9800688F
:10D2400040690690BDF81400002800F09280FFE7C6
:10D250000E9800684069C007A8B1FFE709980088E8
:10D260000E99496E08800E99486E023048660E99F4
:10D27000B1F86A000138A1F86A000E98B0F86A00A7
:10D28000ADF8140074E0BDF81400BDF81210884227
:10D2900024DAFFE79DF81900000600281ED5FFE7F5
:10D2A000099800880E99496E08800E99486E0230E0
:10D2B0004866099800880E99496E08800E99486E54
:10D2C000023048660E99B1F86A000238A1F86A0087
:10D2D0000E98B0F86A00ADF8140048E0BDF81400EC
:10D2E00001281BD1FFE79DF819008006002815D5FD
:10D2F000FFE7099800880E99496E08800E99486EDC
:10D30000023048660E99B1F86A000138A1F86A0047
:10D310000E98B0F86A00ADF8140027E0FBF7C8F9E2
:10D320000899401A1299884204D3FFE712980130F5
:10D3300018B9FFE71298C0B9FFE70E9806F018FF7A
:10D340000E99D1F8840040F48070C1F884000E99E1
:10D35000012081F88100FFE70E99002081F880000C
:10D36000FFE703208DF83F002CE1FFE7FFE7FFE731
:10D37000FFE727E7F8E0FFE7BDF81610012001906E
:10D3800039B9FFE7BDF81400002818BF012001904B
:10D39000FFE70198C007002800F0E580FFE70E983E
:10D3A000006840698007002823D5FFE7BDF8160014
:10D3B000F8B1FFE7BDF81400BDF81610079A114444
:10D3C000884216D2FFE70E980168C06D007881F898
:10D3D00020000E99C86D0130C8650E99B1F8620041
:10D3E0000138A1F862000E98B0F86200ADF816009E
:10D3F000FFE70E98006840690690BDF81400002809
:10D4000000F0B080FFE70E9800684069C007B8B12F
:10D41000FFE70E98006890F830000E99496E08708A
:10D420000E99486E013048660E99B1F86A000138CD
:10D43000A1F86A000E98B0F86A00ADF8140090E008
:10D44000BDF81400BDF8121088423EDAFFE79DF8DF
:10D4500019000006002838D5FFE70E98006890F8FC
:10D4600030000E99496E08700E99486E013048667A
:10D470000E98006890F830000E99496E08700E9969
:10D48000486E013048660E98006890F830000E999A
:10D49000496E08700E99486E013048660E98006813
:10D4A00090F830000E99496E08700E99486E013060
:10D4B00048660E99B1F86A000438A1F86A000E981F
:10D4C000B0F86A00ADF814004AE0BDF81400032873
:10D4D0001DD8FFE79DF8190010F0600F17D0FFE787
:10D4E0000E98006890F830000E99496E08700E99F9
:10D4F000486E013048660E99B1F86A000138A1F80B
:10D500006A000E98B0F86A00ADF8140027E0FBF747
:10D51000CFF80899401A1299884204D3FFE712986D
:10D52000013018B9FFE71298C0B9FFE70E9806F06E
:10D530001FFE0E99D1F8840040F48070C1F8840079
:10D540000E99012081F88100FFE70E99002081F8F3
:10D550008000FFE703208DF83F0033E0FFE7FFE79F
:10D56000FFE7FFE708E7FFE7FFE70E98129B089940
:10D570006A4611600821002206F0B6FE40B1FFE7BE
:10D580000E99D1F8840040F02000C1F88400FFE734
:10D590000E9806F0EDFD0E99012081F88100FFE75D
:10D5A0000E99002081F88000FFE70E98D0F88400E3
:10D5B00020B1FFE701208DF83F0003E000208DF847
:10D5C0003F00FFE79DF83F0010B080BD0000000065
:10D5D00081B0009001B0704781B0009001B07047F9
:10D5E00082B00190009140F20441C5F60001086844
:10D5F000019A9043009A1043086002B070470000FF
:10D6000081B0009001B0704781B0009001B07047C8
:10D6100081B0009001B0704785B003900291FFE7A0
:10D62000039890F83C00012804D1FFE702208DF810
:10D630001300ABE00399012081F83C00FFE7FFE70E
:10D640000399022081F83D0003980068406801902A
:10D650000398006880680090039800680021C4F275
:10D660000101884209D0FFE70398006840F20041B9
:10D67000C4F2010188420AD1FFE7019820F470004A
:10D68000019002984168019808430190FFE70198D2
:10D6900020F0700001900298016801980843019001
:10D6A0000198039909684860039800680021C4F252
:10D6B000010188424ED0FFE703980068B0F1804F27
:10D6C00048D0FFE70398006840F20041C4F200012F
:10D6D00088423FD0FFE70398006840F60001C4F29B
:10D6E0000001884236D0FFE70398006840F6004109
:10D6F000C4F2000188422DD0FFE70398006840F291
:10D700000041C4F20101884224D0FFE70398006879
:10D7100041F60001C4F2000188421BD0FFE70398E4
:10D72000006844F20001C4F20101884212D0FFE710
:10D73000039800684EF20001C4F20001884209D04B
:10D74000FFE7039800684EF20041C4F200018842EE
:10D750000ED1FFE7009820F08000009002988168C9
:10D760000098084300900098039909688860FFE7D3
:10D770000399012081F83D00FFE70399002081F81B
:10D780003C00FFE700208DF81300FFE79DF8130031
:10D7900005B070470000000080B582B0009000988E
:10D7A00020B9FFE701208DF8070045E0009890F8C8
:10D7B0003D0040B9FFE70099002081F83C00009847
:10D7C00000F03EF8FFE70099022081F83D00009943
:10D7D00051F8040B07F0DCF80099012081F84800AB
:10D7E000FFE70099012081F83E00009981F83F0091
:10D7F000009981F84000009981F84100009981F872
:10D800004200009981F84300FFE7FFE700990120FB
:10D8100081F84400009981F84500009981F846009C
:10D82000009981F84700FFE70099012081F83D0049
:10D8300000208DF80700FFE79DF8070002B080BDCB
:10D8400080B584B003900398006840F20041C4F2B0
:10D85000000188423CD1FFE7FFE744F2E840C5F60B
:10D860000200016841F002010160006800F002005E
:10D8700002900298FFE740F2C810C2F20000019047
:10D880007021C4F2020101601821416040218160D1
:10D890000021C1604FF4806202614FF40062426176
:10D8A0004FF400528261C16101624162F8F784F96C
:10D8B00018B1FFE7F5F7A0FAFFE7FFE7039840F29A
:10D8C000C811C2F20001816203988863FFE7FFE795
:10D8D00004B080BD0000000083B00190019890F872
:10D8E0003D00012804D0FFE701208DF80B0083E004
:10D8F0000199022081F83D0001980168C86840F054
:10D900000100C860019800680021C4F2010188424A
:10D910004ED0FFE701980068B0F1804F48D0FFE794
:10D920000198006840F20041C4F2000188423FD0F3
:10D93000FFE70198006840F60001C4F20001884248
:10D9400036D0FFE70198006840F60041C4F20001BC
:10D9500088422DD0FFE70198006840F20041C4F2F0
:10D960000101884224D0FFE70198006841F60001D8
:10D97000C4F2000188421BD0FFE70198006844F21E
:10D980000001C4F20101884212D0FFE7019800684B
:10D990004EF20001C4F20001884209D0FFE701986D
:10D9A00000684EF20041C4F20001884219D1FFE73D
:10D9B0000198006880680721C0F2010108400090CA
:10D9C000009806280CD0FFE70098B0F5803F07D0FC
:10D9D000FFE701980168086840F001000860FFE770
:10D9E00006E001980168086840F001000860FFE760
:10D9F00000208DF80B00FFE79DF80B0003B0704787
:10DA000080B586B00490039100208DF80B00FFE7ED
:10DA1000049890F83C00012804D1FFE702208DF81B
:10DA20001700D1E00499012081F83C00FFE7FFE7EF
:10DA30000499022081F83D000498006880680190F4
:10DA400001984FF68871CFF6CE7108400190019889
:10DA500020F47F4001900198049909688860039838
:10DA600000680090002800F09580FFE700981028DB
:10DA700000F09080FFE70098202800F08B80FFE7FF
:10DA80000098302800F08680FFE70098402874D086
:10DA9000FFE70098502856D0FFE7009860285FD035
:10DAA000FFE7009870282AD0FFE70098B0F5805F64
:10DAB00024D0FFE70098B0F5005F35D0FFE700986D
:10DAC000B0F5801F66D0FFE70098B0F1101F61D05D
:10DAD000FFE700982021C0F2100188425AD0FFE7EA
:10DAE00000983021C0F21001884253D0FFE700981F
:10DAF0004021C0F2100188424CD052E055E0049819
:10DB00000068039B5A689968DB6807F02DF9049850
:10DB1000006880680190019840F0770001900198BA
:10DB200004990968886040E004980068039B5A687B
:10DB30009968DB6807F018F904980168886840F470
:10DB40008040886031E004980068039A5168D26888
:10DB500007F09AFC04980068502107F021F924E0AE
:10DB600004980068039A5168D26807F0B5FC0498DD
:10DB70000068602107F014F917E004980068039A20
:10DB80005168D26807F080FC04980068402107F0D3
:10DB900007F90AE0049800680399096807F000F99A
:10DBA00003E001208DF80B00FFE70499012081F8C4
:10DBB0003D00FFE70499002081F83C00FFE79DF855
:10DBC0000B008DF81700FFE79DF8170006B080BD29
:10DBD00081B0009001B0704781B0009001B07047F3
:10DBE00080B584B0039003980068C06802900398E1
:10DBF0000068006901909DF804008007002824D582
:10DC0000FFE79DF80800800700281DD5FFE703986F
:10DC100001686FF0020008610399012008770398FA
:10DC200000688069800720B1FFE70398FFF7D4FF01
:10DC300006E0039800F05CF9039800F0B1FAFFE702
:10DC4000039900200877FFE7FFE79DF804004007ED
:10DC5000002825D5FFE79DF80800400700281ED5BD
:10DC6000FFE7039801686FF0040008610399022040
:10DC7000087703980068806910F4407F04D0FFE7BC
:10DC80000398FFF7A9FF06E0039800F031F9039825
:10DC900000F086FAFFE7039900200877FFE7FFE727
:10DCA0009DF804000007002824D5FFE79DF8080030
:10DCB000000700281DD5FFE7039801686FF00800F2
:10DCC000086103990420087703980068C0698007F9
:10DCD00020B1FFE70398FFF77FFF06E0039800F00D
:10DCE00007F9039800F05CFAFFE703990020087732
:10DCF000FFE7FFE79DF80400C006002825D5FFE7F1
:10DD00009DF80800C00600281ED5FFE703980168AB
:10DD10006FF01000086103990820087703980068E5
:10DD2000C06910F4407F04D0FFE70398FFF754FF69
:10DD300006E0039800F0DCF8039800F031FAFFE702
:10DD4000039900200877FFE7FFE79DF80400C0076C
:10DD500078B1FFE79DF80800C00748B1FFE70398D6
:10DD600001686FF001000861039800F009FFFFE708
:10DD7000FFE7019800F08000802806D0FFE79DF8BB
:10DD800005008006002810D5FFE79DF80800000672
:10DD9000002809D5FFE7039801686FF40250086175
:10DDA0000398FFF731FCFFE7FFE79DF80500C00788
:10DDB00080B1FFE79DF808000006002809D5FFE7BD
:10DDC000039801686FF4807008610398FFF718FCEE
:10DDD000FFE7FFE79DF804004006002810D5FFE7A5
:10DDE0009DF808004006002809D5FFE70398016860
:10DDF0006FF040000861039800F0D2FEFFE7FFE7F4
:10DE00009DF804008006002810D5FFE79DF8080063
:10DE10008006002809D5FFE7039801686FF020000D
:10DE200008610398FFF7F4FBFFE7FFE704B080BD4C
:10DE300080B588B00790002006900590049003906C
:10DE400002900798006840F20041C4F20001884245
:10DE50001FD1FFE7FFE744F2E040C5F6020001688A
:10DE600041F001010160006800F00100019001989B
:10DE7000FFE78020029002200390002104910321FB
:10DE8000059106900020C5F6020002A9FAF724FACF
:10DE900029E00798006841F60001C4F200018842B9
:10DEA00020D1FFE7FFE744F2E040C5F60200016839
:10DEB00041F002010160006800F00200009000984B
:10DEC000FFE74FF4004002900220039000210491EC
:10DED0000591069040F20040C5F6020002A9FAF74B
:10DEE000FBF9FFE7FFE708B080BD0000000000007D
:10DEF00081B0009001B0704780B586B00490039166
:10DF0000029200208DF80700FFE7049890F83C008B
:10DF1000012804D1FFE702208DF81700C0E0049922
:10DF2000012081F83C00FFE7FFE7029800901428E9
:10DF300000F2A7800099DFE801F00BA4A4A424A4B8
:10DF4000A4A43EA4A4A457A4A4A471A4A4A48A0035
:10DF500004980068039906F03BFF049801688869FB
:10DF600040F00800886104980168886920F0040086
:10DF70008861039802690498016888691043886180
:10DF800083E004980068039906F0CAFF04980168CA
:10DF9000886940F40060886104980168886920F409
:10DFA000806088610398026904980168886940EA82
:10DFB0000220886169E004980068039907F068F816
:10DFC00004980168C86940F00800C86104980168B5
:10DFD000C86920F00400C8610398026904980168C8
:10DFE000C8691043C86150E004980068039907F0BD
:10DFF00007F904980168C86940F40060C861049892
:10E000000168C86920F48060C861039802690498B7
:10E010000168C86940EA0220C86136E004980068D7
:10E02000039907F05DF904980168486D40F0080015
:10E03000486504980168486D20F00400486503981D
:10E04000026904980168486D104348651DE0049812
:10E050000068039907F0ACF904980168486D40F432
:10E060000060486504980168486D20F48060486548
:10E070000398026904980168486D40EA02204865E7
:10E0800003E001208DF80700FFE7FFE70499002077
:10E0900081F83C00FFE79DF807008DF81700FFE7C7
:10E0A0009DF8170006B080BD80B582B00090009842
:10E0B00020B9FFE701208DF8070045E0009890F8AF
:10E0C0003D0040B9FFE70099002081F83C0000982E
:10E0D00000F03EF8FFE70099022081F83D0000992A
:10E0E00051F8040B06F054FC0099012081F8480017
:10E0F000FFE70099012081F83E00009981F83F0078
:10E10000009981F84000009981F84100009981F858
:10E110004200009981F84300FFE7FFE700990120E2
:10E1200081F84400009981F84500009981F8460083
:10E13000009981F84700FFE70099012081F83D0030
:10E1400000208DF80700FFE79DF8070002B080BDB2
:10E1500080B584B003900398006841F60001C4F2D2
:10E160000001884219D1FFE7FFE744F2E840C5F615
:10E170000200016841F040010160006800F04000C9
:10E1800002900298FFE72B20019005210022FAF768
:10E19000E7FB0198FAF7D8FBFFE704B080BD000069
:10E1A00080B582B001900198006840F20041C4F24D
:10E1B000000188420ED1FFE70198042100F0D8FB4E
:10E1C000019801680020886340F26871C2F2000182
:10E1D0000870FFE702B080BD81B0009001B07047C9
:10E1E00080B590B00E900D910D9828B9FFE70E986C
:10E1F00090F83E000B9034E00D98042805D1FFE71D
:10E200000E9890F83F000A9028E00D98082805D154
:10E21000FFE70E9890F8400009901CE00D980C283C
:10E2200005D1FFE70E9890F84100089010E00D9896
:10E23000102805D1FFE70E9890F84200079004E0FF
:10E240000E9890F843000790FFE707980890FFE7C3
:10E2500008980990FFE709980A90FFE70A980B9041
:10E26000FFE70B98012804D0FFE701208DF83F005D
:10E2700003E10D9828B9FFE70E99022081F83E00CE
:10E2800038E00D98042806D1FFE70E99022081F8A6
:10E290003F0006902CE00D98082806D1FFE70E9964
:10E2A000022081F8400005901FE00D980C2806D14F
:10E2B000FFE70E99022081F84100049012E00D98CA
:10E2C000102806D1FFE70E99022081F84200039042
:10E2D00005E00E99022081F843000390FFE70398C0
:10E2E0000490FFE704980590FFE705980690FFE784
:10E2F0000698FFE70E9800680D990122019206F03A
:10E300002BFC01980E9909680022C4F20102914287
:10E3100002902DD0FFE70E980168012040F20042E4
:10E32000C4F201029142029022D0FFE70E980168E8
:10E33000012044F20002C4F201029142029017D07F
:10E34000FFE70E980168012044F20042C4F2010286
:10E35000914202900CD0FFE70E9800684BF6000146
:10E36000CBF6FE710844B0FA80F040090290FFE756
:10E370000298C00738B1FFE70E980168486C40F476
:10E3800000404864FFE70E9800680021C4F20101D4
:10E3900088424ED0FFE70E980068B0F1804F48D019
:10E3A000FFE70E98006840F20041C4F20001884285
:10E3B0003FD0FFE70E98006840F60001C4F200016C
:10E3C000884236D0FFE70E98006840F60041C4F25C
:10E3D000000188422DD0FFE70E98006840F200410E
:10E3E000C4F20101884224D0FFE70E98006841F68C
:10E3F0000001C4F2000188421BD0FFE70E980068BC
:10E4000044F20001C4F20101884212D0FFE70E98E5
:10E4100000684EF20001C4F20001884209D0FFE713
:10E420000E9800684EF20041C4F20001884219D1F2
:10E43000FFE70E98006880680721C0F201010840DC
:10E440000C900C9806280CD0FFE70C98B0F5803F94
:10E4500007D0FFE70E980168086840F001000860E7
:10E46000FFE706E00E980168086840F001000860C8
:10E47000FFE700208DF83F00FFE79DF83F0010B058
:10E4800080BD00000000000080B598B01690159186
:10E490001492ADF84E3000208DF84D00159828B933
:10E4A000FFE7169890F83E00119034E01598042884
:10E4B00005D1FFE7169890F83F00109028E01598D6
:10E4C000082805D1FFE7169890F840000F901CE04F
:10E4D00015980C2805D1FFE7169890F841000E908A
:10E4E00010E01598102805D1FFE7169890F8420023
:10E4F0000D9004E0169890F843000D90FFE70D98FA
:10E500000E90FFE70E980F90FFE70F981090FFE72F
:10E5100010981190FFE71198022804D1FFE702201C
:10E520008DF85F001DE2159828B9FFE7169890F85E
:10E530003E000C9034E01598042805D1FFE71698AA
:10E5400090F83F000B9028E01598082805D1FFE7C8
:10E55000169890F840000A901CE015980C2805D1F8
:10E56000FFE7169890F84100099010E015981028E0
:10E5700005D1FFE7169890F84200089004E016983D
:10E5800090F843000890FFE708980990FFE7099882
:10E590000A90FFE70A980B90FFE70B980C90FFE7B3
:10E5A0000C9801284ED1FFE7149820B1FFE7BDF881
:10E5B0004E0020B9FFE701208DF85F00D1E11598EA
:10E5C00028B9FFE71699022081F83E0038E0159837
:10E5D000042806D1FFE71699022081F83F00079032
:10E5E0002CE01598082806D1FFE71699022081F83B
:10E5F000400006901FE015980C2806D1FFE71699F9
:10E60000022081F84100059012E01598102806D1EB
:10E61000FFE71699022081F84200049005E0169960
:10E62000022081F843000490FFE704980590FFE77B
:10E6300005980690FFE706980790FFE70798FFE721
:10E64000FFE703E001208DF85F008AE1FFE71598FE
:10E6500003900C2800F2B6800399DFE801F007B3BD
:10E66000B3B332B3B3B35DB3B3B388001698416AA2
:10E6700044F69130C0F60100C8631698416A44F62A
:10E680005140C0F6010008641698416A44F6C9403A
:10E69000C0F60100C86416980268406A14993432C2
:10E6A000BDF84E30F7F738FF20B1FFE701208DF8B5
:10E6B0005F0056E116980168C86840F40070C860B1
:10E6C00084E01698816A44F69130C0F60100C86370
:10E6D0001698816A44F65140C0F601000864169805
:10E6E000816A44F6C940C0F60100C8641698026801
:10E6F000806A14993832BDF84E30F7F70DFF20B11B
:10E70000FFE701208DF85F002BE116980168C868CB
:10E7100040F48060C86059E01698C16A44F69130B0
:10E72000C0F60100C8631698C16A44F65140C0F6AD
:10E73000010008641698C16A44F6C940C0F6010099
:10E74000C86416980268C06A14993C32BDF84E300D
:10E75000F7F7E2FE20B1FFE701208DF85F0000E14E
:10E7600016980168C86840F40060C8602EE01698EA
:10E77000016B44F69130C0F60100C8631698016B36
:10E7800044F65140C0F6010008641698016B44F647
:10E79000C940C0F60100C86416980268006B14995D
:10E7A0004032BDF84E30F7F7B7FE20B1FFE7012049
:10E7B0008DF85F00D5E016980168C86840F4805075
:10E7C000C86003E001208DF84D00FFE79DF84D0083
:10E7D000002840F0C180FFE71698006815990122D3
:10E7E000019206F0B9F90198169909680022C4F25D
:10E7F0000102914202902DD0FFE716980168012096
:10E8000040F20042C4F201029142029022D0FFE79E
:10E8100016980168012044F20002C4F201029142FC
:10E82000029017D0FFE716980168012044F20042D9
:10E83000C4F20102914202900CD0FFE716980068E2
:10E840004BF60001CBF6FE710844B0FA80F04009A7
:10E850000290FFE70298C00738B1FFE716980168F9
:10E86000486C40F400404864FFE7169800680021B7
:10E87000C4F2010188424ED0FFE716980068B0F15B
:10E88000804F48D0FFE71698006840F20041C4F27C
:10E89000000188423FD0FFE71698006840F600016B
:10E8A000C4F20001884236D0FFE71698006840F6AF
:10E8B0000041C4F2000188422DD0FFE7169800689D
:10E8C00040F20041C4F20101884224D0FFE71698CB
:10E8D000006841F60001C4F2000188421BD0FFE746
:10E8E0001698006844F20001C4F20101884212D077
:10E8F000FFE7169800684EF20001C4F2000188425A
:10E9000009D0FFE7169800684EF20041C4F20001FA
:10E91000884219D1FFE71698006880680721C0F285
:10E92000010108401290129806280CD0FFE71298B7
:10E93000B0F5803F07D0FFE716980168086840F0FF
:10E9400001000860FFE706E016980168086840F0DB
:10E9500001000860FFE7FFE79DF84D008DF85F00BC
:10E96000FFE79DF85F0018B080BD000000000000C8
:10E9700080B58AB00990089100208DF81F00089892
:10E9800006900C2835D80699DFE801F007333333B9
:10E99000123333331D333333280009980168C868B4
:10E9A00020F40070C8600998406AF5F7CDFC24E0B7
:10E9B00009980168C86820F48060C8600998806A76
:10E9C000F5F7C2FC19E009980168C86820F40060F6
:10E9D000C8600998C06AF5F7B7FC0EE009980168AD
:10E9E000C86820F48050C8600998006BF5F7ACFC4B
:10E9F00003E001208DF81F00FFE79DF81F000028AD
:10EA000040F0B980FFE7099800680899002206F0F5
:10EA1000A3F80998016801200022C4F20102914282
:10EA200005902DD0FFE709980168012040F20042CF
:10EA3000C4F201029142059022D0FFE709980168D3
:10EA4000012044F20002C4F201029142059017D065
:10EA5000FFE709980168012044F20042C4F2010274
:10EA6000914205900CD0FFE7099800684BF6000131
:10EA7000CBF6FE710844B0FA80F040090590FFE73C
:10EA80000598C007D8B1FFE7FFE709980068006A5A
:10EA900041F21111084210D1FFE709980068006A9D
:10EAA00040F24441084207D1FFE709980168486CE9
:10EAB00020F400404864FFE7FFE7FFE7FFE7FFE7D8
:10EAC00009980068006A41F21111084210D1FFE76D
:10EAD00009980068006A40F24441084207D1FFE704
:10EAE00009980168086820F001000860FFE7FFE767
:10EAF000FFE7089828B9FFE70999012081F83E004F
:10EB000038E00898042806D1FFE70999012081F828
:10EB10003F0004902CE00898082806D1FFE70999E7
:10EB2000012081F8400003901FE008980C2806D1CE
:10EB3000FFE70999012081F84100029012E008984E
:10EB4000102806D1FFE70999012081F842000190C1
:10EB500005E00999012081F843000190FFE7019841
:10EB60000290FFE702980390FFE703980490FFE705
:10EB70000498FFE7FFE79DF81F000AB080BD000082
:10EB800080B582B0019001980068B0F1804F03D148
:10EB9000FFE7F9F795FDFFE702B080BD0000000038
:10EBA00081B0009001B0704783B00190FFE70198F9
:10EBB00090F88400012804D1FFE702208DF80B00B3
:10EBC0002CE00199012081F88400FFE7FFE701991B
:10EBD0002420C1F88800019800680068009001981E
:10EBE0000168086820F001000860009820F00050DB
:10EBF0000090019900204866009801990968086012
:10EC000001992020C1F88800FFE70199002081F8D0
:10EC10008400FFE700208DF80B00FFE79DF80B0054
:10EC200003B070470000000080B586B004900391E7
:10EC3000ADF80A200498D0F88C00202844D1FFE7D2
:10EC4000039820B1FFE7BDF80A0020B9FFE70120D3
:10EC50008DF817003CE004990120C8660499002053
:10EC6000086704980399BDF80A2008F065FE8DF83E
:10EC700009009DF8090010BBFFE70498C06E012849
:10EC800018D1FFE70498016810200862FFE7FFE74A
:10EC90000498006850E8000F40F010000190FFE772
:10ECA00001990498026842E800100028F0D1FFE7BB
:10ECB000FFE703E001208DF80900FFE7FFE79DF87B
:10ECC00009008DF8170003E002208DF81700FFE718
:10ECD0009DF8170006B080BD80B584B00390ADF8F4
:10ECE0000A10039840F24041C2F20001884203D169
:10ECF000FFE7F2F771F8FFE7039840F2D441C2F260
:10ED00000001884240F0F480FFE740F2A860C2F2C0
:10ED10000000019045F6C441C2F201410091F3F7B1
:10ED20006BFD009840F21861C2F20001F3F730FE6B
:10ED3000019945F6DC42C2F201420020106040F227
:10ED4000D440C2F200001922FFF76EFF45F26020A6
:10ED5000C2F2014000681021C4F20201884200F0B2
:10ED6000B280FFE745F26020C2F20140006828212E
:10ED7000C4F20201884200F0A680FFE745F260205D
:10ED8000C2F2014000684021C4F20201884200F052
:10ED90009A80FFE745F26020C2F2014000685821E6
:10EDA000C4F20201884200F08E80FFE745F2602045
:10EDB000C2F2014000687021C4F20201884200F0F2
:10EDC0008280FFE745F26020C2F20140006888219E
:10EDD000C4F20201884276D0FFE745F26020C2F219
:10EDE00001400068A021C4F2020188426BD0FFE715
:10EDF00045F26020C2F201400068B821C4F202016D
:10EE0000884260D0FFE745F26020C2F2014000680E
:10EE100040F21041C4F20201884254D0FFE745F2AB
:10EE20006020C2F20140006840F22841C4F20201B1
:10EE3000884248D0FFE745F26020C2F201400068F6
:10EE400040F24041C4F2020188423CD0FFE745F263
:10EE50006020C2F20140006840F25841C4F2020151
:10EE6000884230D0FFE745F26020C2F201400068DE
:10EE700040F27041C4F20201884224D0FFE745F21B
:10EE80006020C2F20140006840F28841C4F20201F1
:10EE9000884218D0FFE745F26020C2F201400068C6
:10EEA00040F2A041C4F2020188420CD0FFE745F2D3
:10EEB0006020C2F20140006840F2B841C4F2020191
:10EEC00088420AD1FFE745F26020C2F201400168A2
:10EED000086820F00800086009E045F26020C2F2EE
:10EEE00001400168086820F004000860FFE7FFE7C0
:10EEF00004B080BD0000000081B0009001B07047F8
:10EF000080B584B002900191FFE7029890F88400E8
:10EF1000012804D1FFE702208DF80F0032E00299AA
:10EF2000012081F88400FFE7FFE702992420C1F85F
:10EF300088000298006800680090029801680868DC
:10EF400020F00100086002980068806820F060608E
:10EF500001990843029909688860029807F060FCEB
:10EF6000009802990968086002992020C1F8880079
:10EF7000FFE70299002081F88400FFE700208DF868
:10EF80000F00FFE79DF80F0004B080BD00000000F7
:10EF900080B584B002900191FFE7029890F8840058
:10EFA000012804D1FFE702208DF80F0032E002991A
:10EFB000012081F88400FFE7FFE702992420C1F8CF
:10EFC000880002980068006800900298016808684C
:10EFD00020F00100086002980068806820F060401E
:10EFE00001990843029909688860029807F018FCA3
:10EFF000009802990968086002992020C1F88800E9
:10F00000FFE70299002081F88400FFE700208DF8D7
:10F010000F00FFE79DF80F0004B080BD0000000066
:10F0200081B0009001B0704781B0009001B070478E
:10F0300081B0009001B0704780B592B011901198E6
:10F040000068C06910901198006800680F901198CE
:10F05000006880680E90109840F60F0108400D90EF
:10F060000D98E0B9FFE79DF840008006002815D50F
:10F07000FFE79DF83C008006002806D4FFE79DF8D6
:10F080003B00C006002809D5FFE71198406F20B16A
:10F09000FFE71198416F8847FFE74AE3FFE70D98C4
:10F0A000002800F00C81FFE70E980121C1F2000159
:10F0B000084209D1FFE70F9840F22011C0F2004149
:10F0C000084200F0FC80FFE79DF84000C00788B1CF
:10F0D000FFE79DF83D00C00760B1FFE711980168A8
:10F0E000012008621199D1F8900040F00100C1F8A8
:10F0F0009000FFE79DF840008007002811D5FFE74A
:10F100009DF83800C00760B1FFE711980168022040
:10F1100008621199D1F8900040F00400C1F8900005
:10F12000FFE79DF840004007002811D5FFE79DF854
:10F130003800C00760B1FFE7119801680420086239
:10F140001199D1F8900040F00200C1F89000FFE75B
:10F150009DF840000007002819D5FFE79DF83C0006
:10F160008006002807D4FFE70E980121C1F20001B4
:10F1700008420CD0FFE71198016808200862119935
:10F18000D1F8900040F00800C1F89000FFE79DF82A
:10F1900041000007002813D5FFE79DF83F00400716
:10F1A00000280DD5FFE7119801684FF40060086250
:10F1B0001199D1F8900040F02000C1F89000FFE7CD
:10F1C0001198D0F89000002878D0FFE79DF8400013
:10F1D0008006002815D5FFE79DF83C008006002832
:10F1E00006D4FFE79DF83B00C006002809D5FFE7DD
:10F1F0001198406F20B1FFE71198416F8847FFE7F2
:10F20000FFE71198D0F890000C9011980068806882
:10F2100000F04000402806D0FFE79DF8300010F0D5
:10F22000280F42D0FFE7119807F0BAFD1198006847
:10F2300080684006002833D5FFE7FFE7FFE7119815
:10F24000006850E8020F20F040000B90FFE70B9998
:10F250001198026842E802100028F0D1FFE7FFE7AA
:10F260001198D0F88000B0B1FFE71198D0F8801065
:10F2700046F63930C0F6010008651198D0F88000D4
:10F28000F5F762F830B1FFE71198D0F88000016D12
:10F290008847FFE703E01198FFF7CAFEFFE703E0A6
:10F2A0001198FFF7C5FEFFE707E01198FFF7C0FED2
:10F2B00011990020C1F89000FFE7FFE739E21198AB
:10F2C000C06E012840F0D681FFE79DF84000C006DF
:10F2D000002840F1CF81FFE79DF83C00C0060028E0
:10F2E00040F1C881FFE71198016810200862119869
:10F2F000006880684006002840F15A81FFE71198B5
:10F30000D0F8800000681021C4F20201884200F0A9
:10F31000A280FFE71198D0F8800000682821C4F28D
:10F320000201884200F09780FFE71198D0F8800032
:10F3300000684021C4F20201884200F08C80FFE79F
:10F340001198D0F8800000685821C4F20201884268
:10F3500000F08180FFE71198D0F8800000687021EC
:10F36000C4F20201884276D0FFE71198D0F88000FD
:10F3700000688821C4F2020188426CD0FFE711982E
:10F38000D0F880000068A021C4F20201884262D057
:10F39000FFE71198D0F880000068B821C4F202019C
:10F3A000884258D0FFE71198D0F88000006840F2FA
:10F3B0001041C4F2020188424DD0FFE71198D0F805
:10F3C0008000006840F22841C4F20201884242D025
:10F3D000FFE71198D0F88000006840F24041C4F285
:10F3E0000201884237D0FFE71198D0F8800000680A
:10F3F00040F25841C4F2020188422CD0FFE7119834
:10F40000D0F88000006840F27041C4F202018842E6
:10F4100021D0FFE71198D0F88000006840F28841C1
:10F42000C4F20201884216D0FFE71198D0F880009C
:10F43000006840F2A041C4F2020188420BD0FFE70D
:10F440001198D0F88000006840F2B841C4F202017F
:10F45000884207D1FFE71198D0F880000068406823
:10F46000019006E01198D0F8800000684068019093
:10F47000FFE70198ADF82A00BDF82A0000287BD0EC
:10F48000FFE7BDF82A001199B1F85C10884273DAE1
:10F49000FFE7BDF82A001199A1F85E001198D0F895
:10F4A0008000C069B0F5807F59D0FFE7FFE7FFE734
:10F4B0001198006850E8000F20F480700990FFE771
:10F4C00009991198026842E800100028F0D1FFE77E
:10F4D000FFE7FFE7FFE71198006850E8020F20F010
:10F4E00001000890FFE708991198026842E80210AD
:10F4F0000028F0D1FFE7FFE7FFE7FFE7119800687A
:10F5000050E8020F20F040000790FFE7079911989C
:10F51000026842E802100028F0D1FFE7FFE71199E6
:10F520002020C1F88C0011990020C866FFE7FFE792
:10F530001198006850E8000F20F010000690FFE7D7
:10F5400006991198026842E800100028F0D1FFE700
:10F55000FFE71198D0F88000F4F73AFAFFE7119925
:10F56000022008671198B0F85C10B0F85E20891A84
:10F5700089B2FFF7B1FB1AE0BDF82A001199B1F882
:10F580005C10884212D1FFE71198D0F88000C06962
:10F59000B0F5807F09D1FFE7119902200867119823
:10F5A000B0F85C10FFF798FBFFE7FFE7FFE7C0E06C
:10F5B0001199B1F85C00B1F85E10401AADF8160070
:10F5C0001198B0F85E00002853D0FFE7BDF8160090
:10F5D00000284ED0FFE7FFE7FFE71198006850E8EA
:10F5E000000F20F490700490FFE7049911980268CE
:10F5F00042E800100028F0D1FFE7FFE7FFE7FFE750
:10F600001198006850E8020F4FF6FE71CEF6FF71B8
:10F6100008400390FFE703991198026842E802103E
:10F620000028EDD1FFE7FFE711992020C1F88C00F9
:10F6300011990020C86611994867FFE7FFE7119804
:10F64000006850E8000F20F010000290FFE70299D8
:10F650001198026842E800100028F0D1FFE7FFE7A8
:10F660001199022008671198BDF81610FFF734FBB6
:10F67000FFE75EE09DF84200C00600280FD5FFE7D7
:10F680009DF83A004006002809D5FFE71198016867
:10F690004FF4801008621198FFF7C6FC49E09DF80E
:10F6A00040000006002815D5FFE79DF83C00000645
:10F6B000002806D4FFE79DF83A000006002809D587
:10F6C000FFE71198806F20B1FFE71198816F88479D
:10F6D000FFE72EE09DF84000400600280AD5FFE72E
:10F6E0009DF83C004006002804D5FFE7119807F07C
:10F6F000A7FB1EE09DF84200000600280AD5FFE7A0
:10F700009DF83F004006002804D5FFE71198FFF759
:10F7100087FC0EE09DF84300C00750B1FFE79DF85D
:10F720003F000006002804D5FFE71198FFF7E4FB2F
:10F73000FFE712B080BD000080B582B00090009855
:10F7400020B9FFE701208DF8070046E000988069A6
:10F7500008B1FFE700E0FFE70098D0F8880040B963
:10F76000FFE70099002081F88400009800F03CF841
:10F77000FFE700992420C1F8880000980168086814
:10F7800020F0010008600098806A20B1FFE700982F
:10F7900007F08AF8FFE7009807F0A6FB012804D1DC
:10F7A000FFE701208DF8070017E00098016848681E
:10F7B00020F49040486000980168886820F02A0092
:10F7C000886000980168086840F0010008600098AF
:10F7D00007F00EF98DF80700FFE79DF8070002B06B
:10F7E00080BD00000000000080B5CAB04990002034
:10F7F0004890479046904590449016A8B821F0F75D
:10F80000CDFF4998006845F20001C4F2000188422A
:10F8100040F0BC80FFE70020179002211691339042
:10F8200016A8FAF785FD18B1FFE7F3F7E5FAFFE749
:10F83000FFE744F2E840C5F60200016841F4801198
:10F840000160006800F4801015901598FFE7FFE74D
:10F8500044F2E040C5F60200016841F00401016095
:10F86000006800F0040014901498FFE7FFE744F2EA
:10F87000E040C5F60200016841F00801016000683F
:10F8800000F0080013901398FFE74FF48050449065
:10F8900002200A90459000200D9046904790082045
:10F8A0000B90489040F60000C5F6020044A90C9168
:10F8B000F8F712FD0A9B0B980C990D9A4FF0040C67
:10F8C000CDF810C1459346924792489040F60040CB
:10F8D000C5F60200F8F700FD0D9945F26020C2F26E
:10F8E00001400E904022C4F20202026041224260B6
:10F8F0008160C1604FF48062026141618161C161D8
:10F9000001624162F6F758F918B1FFE7F3F774FAAC
:10F91000FFE7FFE7499845F26021C2F20141C0F8D4
:10F92000801049988863FFE740F24020C2F200004F
:10F9300009905821C4F20201016042214160402136
:10F9400081600021C1604FF4806202614161816188
:10F95000C16101624162F6F72FF918B1FFE7F3F7D1
:10F960004BFAFFE7FFE7499840F24021C2F200015D
:10F97000C16749988863FFE7352008900521002278
:10F98000F8F7EEFF0898F8F7DFFF48E149980068BC
:10F9900041F20001C4F20101884240F09980FFE782
:10F9A0000020179001211691349016A8FAF7C0FC98
:10F9B00018B1FFE7F3F720FAFFE7FFE744F2F04062
:10F9C000C5F60200016841F010010160006800F016
:10F9D000100012901298FFE7FFE744F2E040C5F6EE
:10F9E0000200016841F001010160006800F00100BF
:10F9F00011901198FFE74FF4C060449002204590A9
:10FA00000020069046904790072048900020C5F6B9
:10FA1000020044A9F8F760FC069945F2D820C2F22A
:10FA20000140079040F25842C4F2020202602922CB
:10FA300042608160C1604FF4806202614161816116
:10FA4000C16101624162F6F7B7F818B1FFE7F3F759
:10FA5000D3F9FFE7FFE7499845F2D821C2F2014107
:10FA6000C0F8801049988863FFE740F2B820C2F2DE
:10FA70000000059040F27041C4F2020101602A21A9
:10FA80004160402181600021C1604FF480620261C9
:10FA900041618161C16101624162F6F78DF818B17F
:10FAA000FFE7F3F7A9F9FFE7FFE7499840F2B8212C
:10FAB000C2F20001C16749988863FFE725200490DE
:10FAC00005210022F8F74CFF0498F8F73DFFA5E068
:10FAD0004998006844F20041C4F20001884240F0B5
:10FAE0009C80FFE70020179002211691339016A802
:10FAF000FAF71EFC18B1FFE7F3F77EF9FFE7FFE71F
:10FB000044F2E840C5F60200016841F400310160AA
:10FB1000006800F4003010901098FFE7FFE744F20F
:10FB2000E040C5F60200016841F00801016000688C
:10FB300000F008000F900F98FFE77020449002201B
:10FB4000459000200290469047900720489040F64C
:10FB50000040C5F6020044A9F8F7BEFB029945F241
:10FB60005030C2F20140039040F21042C4F202024F
:10FB700002602B2242608160C1604FF480620261AA
:10FB800041618161C1614FF4803202624162F6F7E6
:10FB900013F818B1FFE7F3F72FF9FFE7FFE74998EC
:10FBA00045F25031C2F20141C0F880104998886393
:10FBB000FFE740F23030C2F200000190B821C4F2F9
:10FBC000020101602C214160402181600021C1605F
:10FBD0004FF48062026141618161C1614FF4803202
:10FBE00002624162F5F7E8FF18B1FFE7F3F704F9A5
:10FBF000FFE7FFE7499840F23031C2F20001C167E8
:10FC000049988863FFE72620009005210022F8F735
:10FC1000A7FE0098F8F798FEFFE7FFE7FFE74AB076
:10FC200080BD00000000000081B0009001B070476E
:10FC300081B0009001B0704780B586B00490039108
:10FC4000ADF80A200498D0F88800202870D1FFE78A
:10FC5000039820B1FFE7BDF80A0020B9FFE70120B3
:10FC60008DF8170068E0039804990865BDF80A004C
:10FC70000499A1F85400BDF80A000499A1F85600AF
:10FC800004990020C1F8900004992120C1F888004F
:10FC90000498C06F88B3FFE70498C16F46F6095017
:10FCA000C0F60100C8630498C16F46F68950C0F6DB
:10FCB000010008640498C16F46F65930C0F601008F
:10FCC000C8640498C16F0020086504980268016D3B
:10FCD000C06F2832BDF80A30F6F71EFC60B1FFE7AE
:10FCE00004991020C1F8900004992020C1F88800E0
:10FCF00001208DF817001FE0FFE7049801684020FD
:10FD00000862FFE7FFE70498006850E8020F40F040
:10FD100080000190FFE701990498026842E8021010
:10FD20000028F0D1FFE7FFE700208DF8170003E07F
:10FD300002208DF81700FFE79DF8170006B080BD80
:10FD400081B0009001B0704781B0009001B0704761
:10FD500080B584B003900399002001900874039B40
:10FD6000D3F8F400596845F65472C2F20142009289
:10FD700012889B7B5A43F0F7BDFC0099039A5068A8
:10FD80000988927B5143F0F709FD0099039AD2F854
:10FD900018010988927B51435143F0F7FFFC009909
:10FDA000039AD2F80C010988137B927B5943514383
:10FDB000F0F7F4FC01988DF80B00FFE79DF80B00BD
:10FDC0000399897B884243DAFFE70398D0F8F4006F
:10FDD0009DF80B1000EB810090ED000AB5EE400A93
:10FDE000F1EE10FA2DD0FFE7039AD2F8F4109DF847
:10FDF0000B0051F82000127C41F822009DF80B0006
:10FE0000039A516A127C8854DDF80CC0DCF81800A3
:10FE10009DF80BE050F82E00DCF80C119CF80C203B
:10FE20009CF81030DCF814C01CF80EC012FB03C2A2
:10FE300001EB820141F8040C0399087C013008743D
:10FE4000FFE7FFE79DF80B0001308DF80B00B5E7E9
:10FE500000208DF80A00FFE79DF80A000399097C4D
:10FE6000884216DAFFE7039BD869596A9DF80A2091
:10FE7000895C50F82100D3F818111B7C12FB032277
:10FE800041F82200FFE79DF80A0001308DF80A00D2
:10FE9000E2E70399087CA1F878000399087BA1F8B0
:10FEA0007A000399087BA1F880000399087CA1F8E7
:10FEB00082000399087CA1F890000399087CA1F8BE
:10FEC00092000399087BA1F898000399087CA1F897
:10FED0009A000399087CA1F8480004B080BD000096
:10FEE000FFE7FEE70000000080B586B049F69A10F3
:10FEF000C3F6197004904FF07E50039001F02CFA75
:10FF0000132808DCFFE70020C4F2A00003900120C2
:10FF10008DF8170076E001F01FFA232829DCFFE7AF
:10FF20004FF07E5003909DED030A9FED381A20EEAE
:10FF3000010AB2EE041A20EE010A8DED020A01F068
:10FF400003FA9DED020A01EE100AB8EEC11A80EE26
:10FF5000010A9FED301A20EE010ABCEEC00A40F201
:10FF60006060C2F2000080ED000A01208DF81700E9
:10FF700048E001F0F1F9642837DCFFE74FF07C50EE
:10FF800003909DED030A9FED211A20EE010AB2EEC7
:10FF9000041A20EE010A8DED000A01F0DDF99DED55
:10FFA000000AC0F1640001EE100AB8EEC11A20EE9A
:10FFB000010A9FED171A80EE010A8DED010A01F08A
:10FFC000C3F99DED010A01EE100AB8EEC11A80EEE8
:10FFD000010ABCEEC00A40F26060C2F2000080ED8F
:10FFE000000A01208DF817000CE040F26061C2F2B7
:10FFF0000001002008604FF07C50039001208DF834
:020000040801F1
:100000001700FFE79DF8170006B080BD00007A4496
:1000100000008C42AE47813F80B58AB004A90291AE
:100020000146029809910999D1F8EC1009680891E4
:100030000999D1F8EC10496807910999D1F8EC10A9
:10004000896806910999D1F8EC10C968059190ED7D
:10005000041A90ED042A90ED030A90ED033A20EE85
:10006000030AA1EE020A90ED021A90ED022AA1EE17
:10007000020A90ED011A90ED012AA1EE020A13F096
:1000800017F9029880ED000A00208DF80F00FFE7B5
:100090009DF80F00032817DCFFE7029890ED001A87
:1000A0000998D0F8EC009DF80F1000EB810090ED5E
:1000B000000A20EE010A80ED000AFFE79DF80F001C
:1000C00001308DF80F00E3E7029991ED030A40F249
:1000D000E850C2F20040019090ED6F1A20EE010A44
:1000E000B6EE002A20EE020A099AD2F8002182ED2B
:1000F000040A91ED020A90ED6F1A20EE010A20EE3B
:10010000020A099AD2F8002182ED050A91ED040A4B
:1001100090ED6F1A20EE010ABEEE001A20EE010AE1
:10012000099AD2F8002182ED0A0A91ED010A90EDB8
:100130006F3A20EE030A20EE020A099AD2F8002153
:1001400082ED0B0A91ED010A90ED6F3A20EE030A61
:1001500020EE010A099AD2F8002182ED100A91EDF1
:10016000040A90ED6F3A20EE030A20EE010A099A84
:10017000D2F8002182ED110A91ED020A90ED6F3A5A
:1001800020EE030A20EE020A099AD2F8002182ED3D
:10019000160A91ED030A90ED6F2A20EE020A20EE76
:1001A000010A0999D1F8001181ED170A90ED741A2E
:1001B0000999D1F8F81091ED1C0A80EE010A81ED41
:1001C0001C0A90ED741A0998D0F8F80090ED230AF3
:1001D00080EE010A80ED230A0998D0F8F80090ED2E
:1001E0001C0A9FED151AB4EE410AF1EE10FA09DD72
:1001F000FFE70998D0F8F81044F20000C4F21C6040
:100200000867FFE70998D0F8F80090ED230A9FED02
:100210000A1AB4EE410AF1EE10FA0ADDFFE7099876
:10022000D0F8F81044F20000C4F21C60C1F88C0051
:10023000FFE70AB080BD00BF00401C460000000080
:1002400080B58CB08DED0B0ACDED0A0A8DED091A43
:10025000CDED081A8DED072ACDED062A40F2E851C2
:10026000C2F200410591012008700B98C1F8B0015D
:100270000A98C1F8B4010998C1F8B8014CF6774062
:10028000C3F22B20C1F8CC01002081F83801C1F85D
:100290004401C1F84001C1F84C01C1F84801079878
:1002A000C1F8BC019DED080AB7EE001AB4EE410A90
:1002B000F1EE10FA04DDFFE74FF07E500890FFE703
:1002C000089940F2E850C2F200400390C0F8D01103
:1002D0000430062100220192032301F031F9039931
:1002E00001F5E07001F5E47301220292114612F06B
:1002F000B7FA019A02990398D0F8ECC04FF07E53F8
:10030000CCF80030D0F8EC305A60D0F8EC309A607D
:10031000D0F8EC30DA6040F28132C0F60102C0F869
:10032000D02040F21902C0F60102C0F8D42040F2F9
:10033000C932C0F60102C0F8D82040F61922C0F632
:100340000102C0F8DC2080F82E1080F82F10D0F8C1
:10035000040146F21C51C0F6020190220492F0F70B
:10036000C9F90398049AD0F8FC0040F2CC01C2F21B
:100370000041F0F7BFF90CB080BD000000000000A4
:1003800080B582B001900198D0F8F81040F2CC000E
:10039000C2F200409022F0F7ADF90198D0F81C119C
:1003A00040F25450C2F2004048220092F0F7A2F905
:1003B000009A0198D0F80C1140F29000C2F20000AF
:1003C000F0F798F902B080BD80B586B00590059829
:1003D000D0F8EC0090ED000A30EE000A8DED040A32
:1003E0000598D0F8EC0090ED010A30EE000A8DED92
:1003F000030A0598D0F8EC0090ED020A30EE000AEE
:100400008DED020A0598D0F8EC0090ED030A30EE6D
:10041000000A8DED010A059BD3F80C0145F65471D5
:10042000C2F2014109881A7B9B7B59435143F0F783
:10043000B5F99DED020AB1EE400A0598D0F80C011D
:1004400080ED000A01980599D1F80C1148609DEDE6
:10045000040AB1EE400A0598D0F80C0180ED020ABA
:1004600003980599D1F80C11C86003980599D1F843
:100470000C11886104980599D1F80C11C861019894
:100480000599D1F80C11086202980599D1F80C1160
:10049000486204980599D1F80C1108639DED030A90
:1004A000B1EE400A0598D0F80C0180ED0D0A9DEDE3
:1004B000020AB1EE400A0598D0F80C0180ED0E0A50
:1004C00001980599D1F80C11C86306B080BD0000F1
:1004D00080B590B08DED0F0ACDED0E0A8DED0D1AA1
:1004E000CDED0C1A8DED0B2ACDED0A2A9DED0F0AEC
:1004F00040F2E850C2F20040059090ED581A30EEFC
:10050000410A80ED5B0A9DED0E0A90ED591A30EE1E
:10051000410A80ED5C0A9DED0D0A90ED5A1A30EE0D
:10052000410A80ED5D0A90ED5B0A90ED6F1AB6EE20
:10053000002A20EE020A20EE010A8DED090A90ED54
:100540005C0A90ED6F1A20EE020A20EE010A8DED92
:10055000080A90ED5D0A90ED6F1A20EE020A20EE77
:10056000010A8DED070AD0F8040146F21C51C0F6CD
:1005700002019022F0F7BEF805999DED090AB1EE4F
:10058000400AD1F8040180ED010A9DED080AB1EEA0
:10059000400AD1F8040180ED020A9DED070AB1EE90
:1005A000400AD1F8040180ED030A0998D1F804212A
:1005B00090610798D1F8042110629DED080AB1EE10
:1005C000400AD1F8040180ED090A0898D1F8042105
:1005D00010639DED070AB1EE400AD1F8040180EDE9
:1005E0000D0A0998D1F80421D0630798D1F80421A5
:1005F00090640898D1F80421D0649DED090AB1EE09
:10060000400AD1F8040180ED140AD1F84801D1F86C
:100610004C110843C8B9FFE70C9840F2E851C2F208
:100620000041C1F878010B98C1F87C010A98C1F823
:100630008001D1F84821D1F84C01013240F100008D
:10064000C1F84821C1F84C01FFE740F2E850C2F27E
:100650000040049090ED5E0A90ED641A90ED6F3AC0
:1006600020EE010A33EE012A80EE020A9DED0C1AFB
:1006700021EE031A81EE021A30EE010A80ED5E0AC5
:1006800090ED5F0A90ED641A90ED6F3A20EE010A4A
:1006900033EE012A80EE020A9DED0B1A21EE031AB9
:1006A00081EE021A30EE010A80ED5F0A90ED600AD9
:1006B00090ED641A90ED6F3A20EE010A33EE012AB4
:1006C00080EE020A9DED0A1A21EE031A81EE021A4B
:1006D00030EE010A80ED600A90ED5E2A90ED5F0A2F
:1006E00090ED601A20EE000AA2EE020AA1EE010AC5
:1006F00015F006F9049880ED660A90ED661AB7EEDB
:10070000000A80EE010A8DED060A90ED5E0A9DED6D
:10071000061A20EE010A816881ED000A90ED5F0A59
:100720009DED061A20EE010A816881ED010A90ED27
:10073000600A9DED061A20EE010A816881ED020A29
:1007400090ED5B2A90ED5C0A90ED5D1A20EE000AB8
:10075000A2EE020AA1EE010A15F0D2F8049880ED8B
:10076000650A90ED650A9FEDA51AB4EE410AF1EE17
:1007700010FA24DAFFE740F2E850C2F2004090EDB0
:10078000660A9FED9F1AB4EE410AF1EE10FA16DDEB
:10079000FFE740F2E850C2F2004090ED660A9FED9C
:1007A000991AB4EE410AF1EE10FA08DAFFE740F2C6
:1007B000E851C2F20041012081F8390107E040F21E
:1007C000E851C2F20041002081F83901FFE740F210
:1007D000E851C2F20041039191ED6C0A91ED6F1A5C
:1007E00020EE010A081DD1F8182182ED000A91EDD2
:1007F0006C0A91ED6F1A20EE010AD1F8182182EDF2
:10080000070A91ED6C0A91ED6F1A20EE010AD1F8FA
:10081000182182ED0E0A91ED6C0A91ED6F1A20EE0F
:10082000010AD1F8182182ED150A91ED6D0A91EDBA
:100830006F1A20EE010AD1F8182182ED1C0A91ED01
:100840006D0A91ED6F1A20EE010AD1F8182182EDA0
:10085000230AD1F81C31D1F8B8211A60D1F81C3123
:10086000D1F8B8211A61D1F81C21D1F8B811116260
:1008700001F0C2FA039841680968C0F85011416854
:100880004968C0F8541141688968C0F85811416836
:10089000C968C0F85C1190ED543A90ED552A90ED7E
:1008A000561A90ED570A21EE000AA3EE020AF6EE60
:1008B000000ACDED010AE2EE420AE1EE410A00F53E
:1008C000D07011F059FE039890ED680A9FED4E1A12
:1008D0008DED021A20EE010A80ED680A90ED540AAF
:1008E00090ED551A90ED563A90ED572A20EE030AF6
:1008F00091EE020AB8EE001A20EE010A14F082FC12
:10090000DDED010A9DED021A039820EE010A80ED4B
:10091000690A90ED540A90ED553A90ED562A90ED03
:10092000571A20EE010AA3EE020AE2EE420AE1EEB5
:10093000410A00F5D47011F01FFE9DED021A0398D4
:1009400090ED6A0A20EE010A80ED6A0A41680969A1
:10095000C0F8601141684969C0F864110021C0F80D
:10096000681190ED6A0A90ED761A30EE410A9FED1B
:10097000271AB4EE410AF1EE10FA0ADDFFE740F261
:10098000E851C2F20041B1F8D4010138A1F8D40114
:100990001CE040F2E850C2F2004090ED6A0A90ED8F
:1009A000761A30EE410A9FED1A1AB4EE410AF1EEC2
:1009B00010FA0ADAFFE740F2E851C2F20041B1F85A
:1009C000D4010130A1F8D401FFE7FFE740F2E8517C
:1009D000C2F20041B1F9D40100EE100AB8EEC01A1B
:1009E00091ED6A0A9FED0B2AA1EE020A81ED6B0AD6
:1009F000D1F8A801C1F8D80110B080BD9A99993EEC
:100A0000CDCC1441CDCC2441E12E654200003443CD
:100A1000000034C30000B44380B58CB007A9049132
:100A20000B900B9901F17800803112F045F90B9988
:100A300081F8C8000B99B1F87800A1F8A8000B99CB
:100A4000B1F85A00A1F8AA000B9A02F1780002F15D
:100A50005801A83212F0C8F80B9981F8C8000B9918
:100A6000B1F8A800A1F8B0000B99B1F88200A1F884
:100A7000B2000B9A02F1A80002F18001B03212F02C
:100A8000B3F80B9981F8C8000B99B1F89000A1F860
:100A9000A0000B99B1F89200A1F8A2000B9A02F104
:100AA000B00002F19001A03211F0BAFE0B9981F86A
:100AB000C8000B9901F1A000B03111F0D5FE01463C
:100AC00004980B9A82F8C8100B99D1F8EC100968B9
:100AD0000A910B99D1F8EC10496809910B99D1F85A
:100AE000EC10896808910B99D1F8EC10C96807914E
:100AF0000B9AB2F87810A2F8B8100B9A0121A2F85C
:100B0000BA1090ED021A90ED002A90ED030A90EDD4
:100B1000013A20EE030A91EE020A30EE000A0B9928
:100B2000D1F82C1181ED000A90ED031A90ED022A04
:100B300090ED010A90ED003A20EE030AA1EE020AC0
:100B400030EE000A0B99D1F82C1181ED010A90EDDD
:100B5000031A90ED032A90ED020A90ED023A20EE7E
:100B6000030A91EE020A90ED011A90ED012AA1EE1E
:100B7000420A90ED001A90ED002AA1EE020A0B98AD
:100B8000D0F82C0180ED020A00208DF81B00FFE751
:100B90009DF81B0002281EDCFFE70B98D0F82C0103
:100BA0009DF81B1000EB810090ED000AB0EEC00A2A
:100BB00011F0EEFD9DF81B1040F2E850C2F200402B
:100BC00000EB810080ED610AFFE79DF81B0001301A
:100BD0008DF81B00DCE70B99B1F84800A1F8C000C4
:100BE0000B9901200290A1F8C2000B9A02F1480073
:100BF00002F1B801C03212F03FF8014602980B9A98
:100C000082F8C8100B9AB2F8C010A2F8A8100B997D
:100C1000A1F8AA000B9A02F1B00002F1C001A832BB
:100C200011F0E2FF014602980B9A82F8C8100B9966
:100C3000A1F8B8000B99B1F8C000A1F8BA000B995F
:100C400001F1C000B83112F037F80B9981F8C800F3
:100C50000B9901F1B800A83140F2E852C2F200420B
:100C6000039202F5E07211F0BFFF014603980B9A60
:100C700082F8C81090ED720A90ED731AB6EE002A51
:100C800021EE021AB4EE410AF1EE10FA08DAFFE79B
:100C900040F2E851C2F20041012081F83801FFE73B
:100CA00040F2E850C2F2004090ED720A90ED731AE3
:100CB000B4EE410AF1EE10FA64DDFFE740F2E850CD
:100CC000C2F2004090F8380100285BD0FFE740F204
:100CD000E850C2F2004090F8390180B1FFE740F2DD
:100CE000E851C2F20041D1F84021D1F8440101326B
:100CF00040F10000C1F84021C1F8440109E040F290
:100D0000E851C2F200410020C1F84401C1F840019D
:100D1000FFE740F2E850C2F20040D0F84011D0F8AE
:100D20004401333970F100000BD3FFE740F2E85182
:100D3000C2F20041002081F838010B9981F82C00A3
:100D40001FE00B9BD3F8E800D3F8EC1045F6547283
:100D5000C2F20142019212881B7B5A43EFF7CAFC90
:100D6000019A0B9BD3F8F800D3F8FC1012881B7B78
:100D70005A435A43EFF7BEFC0B99012081F82C002F
:100D800063E142E040F2E850C2F2004090ED720AA6
:100D900090ED731A9FEDAE2A21EE021AB4EE410ACD
:100DA000F1EE10FA1BDDFFE740F2E850C2F200401E
:100DB00090F8380198B1FFE740F2E850C2F20040E5
:100DC00090ED720A90ED731A31EE400A9FEDA12A60
:100DD00021EE021A80EE010A80ED670A08E040F277
:100DE000E851C2F200414FF07E50C1F89C01FFE78C
:100DF00040F2E851C2F200410020C1F84401C1F8BC
:100E000040010B9981F82C00FFE70B99B1F85800CD
:100E1000A1F8A8000B99B1F88200A1F8AA000B9ADA
:100E200002F1580002F18001A83211F0DDFE0B99A9
:100E300081F8C8000B9A02F1A80002F1B0019832C3
:100E400011F0D2FE0B9981F8C80000208DF81A002D
:100E5000FFE79DF81A000B9AB2F89810B2F89A20A2
:100E6000514388421ADAFFE740F2E850C2F20040EC
:100E700090ED671A0B98D0F81C019DF81A1000EB42
:100E8000810090ED000A20EE010A80ED000AFFE7E4
:100E90009DF81A0001308DF81A00DAE704208DF869
:100EA0001900FFE79DF81900052835DCFFE7002051
:100EB0008DF81800FFE79DF81800022825DCFFE7F1
:100EC0009DF8191040F2E850C2F2004000EB81009A
:100ED00090ED5D0A9FED621A80EE011A0B98D0F832
:100EE0001C0101EB41019DF81820114400EB810029
:100EF00090ED000A20EE010A80ED000AFFE79DF860
:100F0000180001308DF81800D5E7FFE79DF81900AB
:100F100001308DF81900C5E70B99B1F89800A1F8D8
:100F2000B8000B990120A1F8BA000B9A02F19800C1
:100F300002F1C001B83211F057FE0B9981F8C800D8
:100F400040F2E850C2F2004090F8380100286BD01F
:100F5000FFE704208DF81700FFE79DF8170005282C
:100F600061DCFFE70B98D0F8BC009DF8171000EB90
:100F7000810090ED000A40F2E850C2F2004090ED8E
:100F80006F1A9FED352A21EE021AB4EE410AF1EEF6
:100F900010FA14DDFFE740F2E850C2F2004090ED95
:100FA0006F0A9FED2D1A20EE010A0B98D0F8BC00B5
:100FB0009DF8171000EB810080ED000AFFE70B9809
:100FC000D0F8BC009DF8171000EB810090ED000AEE
:100FD00040F2E850C2F2004090ED6F1A9FED1F2AD8
:100FE00021EE021AB4EE410AF1EE10FA14DAFFE72C
:100FF00040F2E850C2F2004090ED6F0A9FED171AE0
:1010000020EE010A0B98D0F8BC009DF8171000EBF9
:10101000810080ED000AFFE7FFE79DF8170001302F
:101020008DF8170099E7FFE70B98D0F8BC10002067
:10103000C8600B9A02F1380002F1B801303211F0A9
:10104000EFFB0B9981F8C800FFE70CB080BD00BF33
:10105000CDCCCC3D6666663F0AD7233C0AD723BC7D
:10106000DA0FC93F0000000080B5B2EE040A9FED20
:101070000B1AF7EE001A9FED0A2ADFED0A2AF0EEAE
:10108000420AFFF7DDF8FFE7F0F78AF820B1FFE743
:101090000A2012F0FDF9F7E780BD00BF8096184BDB
:1010A0006F12833A0000000080B582B00020002853
:1010B00040F0B980FFE740F29C52C2F2004202F1D8
:1010C000100002F11C012832F0F78AF844F2F070A7
:1010D000C2F201400078022869D1FFE744F60071AE
:1010E000C2F201414BF2D110CBF6AD20086043F2C1
:1010F0005D30CBF6133048604AF6F820C3F6032083
:10110000886091ED001A40F29C50C2F2004090EDD0
:10111000040A30EE410A80ED040A91ED011A90EDC7
:10112000050A30EE410A80ED050A91ED021A90EDB4
:10113000060A30EE410A80ED060A90ED060AB0EE8E
:10114000C00A9FED5E1AB4EE410AF1EE10FA07DA1A
:10115000FFE740F29C51C2F2004100208861FFE7A6
:1011600040F29C50C2F20040019090ED043A90EDA4
:10117000050A90ED061A90ED072AF1EE430AD0ED2C
:10118000081AB1EE422AD0ED092AFFF7A1F9F2F7C9
:101190003FF8019880ED0C0AF2F742F8019880EDD3
:1011A0000B0AF2F775F8019880ED0D0A3AE044F267
:1011B000F070C2F201400078012832D1FFE740F21E
:1011C0009C51C2F2004191ED041A44F60070C2F243
:1011D000014090ED000A30EE010A80ED000A91ED29
:1011E000051A90ED010A30EE010A80ED010A91ED39
:1011F000061A90ED020A30EE010A80ED020A40F272
:101200004C10C2F20000016801310160006838B181
:10121000FFE744F2F071C2F2014102200870FFE7DB
:10122000FFE7FFE7FFE740F2D850C2F20040006856
:101230004CF6CD41CCF6CC4148434FEA700049F61C
:101240009911C1F6991188422FD8FFE740F29C50BE
:10125000C2F2004090ED0A0A9FED191A30EE010A21
:10126000B0EEC00AB3EE0E1AB4EE410AF1EE10FA77
:101270001ADAFFE744F2F070C2F20140007898B940
:10128000FFE740F2DC50C2F200400168013101602A
:101290000068022807D3FFE744F2F071C2F201416F
:1012A00001200870FFE7FFE7FFE740F2D851C2F2E4
:1012B000004108680130086002B080BDA69B443B35
:1012C000000020C20000000083B0029001918DF860
:1012D000032000208DF802008DF80200FFE79DF842
:1012E00002009DF80310884229DAFFE70298000FF8
:1012F000092809D8FFE70298000F303001999DF8BE
:10130000022001F8120009E00299372000EB117069
:1013100001999DF8022001F81200FFE702980001F0
:10132000029001989DF8021000EB410100204870E6
:10133000FFE79DF8020001308DF80200CFE703B00F
:10134000704700000000000040F60040C2F200407C
:10135000408A70470000000040F60041C2F20041A0
:10136000888AC98A401A00B2704700000000000055
:1013700040F2E050C2F20040007800F001007047F7
:1013800080B545F66030C2F201404EF2F751C2F22C
:1013900002414FF4C062FDF747FC45F2D820C2F28B
:1013A000014000681021C4F20201884200F0B280BE
:1013B000FFE745F2D820C2F2014000682821C4F2BC
:1013C0000201884200F0A680FFE745F2D820C2F271
:1013D000014000684021C4F20201884200F09A8076
:1013E000FFE745F2D820C2F2014000685821C4F25C
:1013F0000201884200F08E80FFE745F2D820C2F259
:10140000014000687021C4F20201884200F082802D
:10141000FFE745F2D820C2F2014000688821C4F2FB
:101420000201884276D0FFE745F2D820C2F201409F
:101430000068A021C4F2020188426BD0FFE745F2A8
:10144000D820C2F201400068B821C4F202018842EB
:1014500060D0FFE745F2D820C2F20140006840F2B8
:101460001041C4F20201884254D0FFE745F2D8206F
:10147000C2F20140006840F22841C4F202018842F1
:1014800048D0FFE745F2D820C2F20140006840F2A0
:101490004041C4F2020188423CD0FFE745F2D82027
:1014A000C2F20140006840F25841C4F20201884291
:1014B00030D0FFE745F2D820C2F20140006840F288
:1014C0007041C4F20201884224D0FFE745F2D820DF
:1014D000C2F20140006840F28841C4F20201884231
:1014E00018D0FFE745F2D820C2F20140006840F270
:1014F000A041C4F2020188420CD0FFE745F2D82097
:10150000C2F20140006840F2B841C4F202018842D0
:101510000AD1FFE745F2D820C2F20140016808680D
:1015200020F00800086009E045F2D820C2F201402E
:101530000168086820F004000860FFE780BD000033
:1015400080B58AB009908DF823108DF822208DF88F
:10155000213045F65471C2F2014106910420088001
:1015600040F25C61C2F20001082008809DF823006F
:10157000099908739DF82200099948739DF8210084
:10158000099988730999002008749DF8210012F0C8
:1015900043FD09994861099840699DF82110EFF7CA
:1015A000DBF8069800889DF82110484312F034FDBE
:1015B0000699099A90610998806909889DF8212007
:1015C0005143EFF7EBF8069800889DF82110484347
:1015D00012F022FD0699099AD0610998C06909881C
:1015E0009DF821205143EFF7D9F8069800889DF81F
:1015F0002310484312F010FD0699099A10620998C9
:10160000006A09889DF823205143EFF7C7F89DF839
:10161000210012F001FD099948620998406A9DF87D
:101620002110EFF799F8069800889DF82310484399
:1016300012F0F2FC0699099A10600998006809886E
:101640009DF823205143EFF7A9F8069800889DF8EC
:101650002110484312F0E0FC0699099A506009985D
:10166000406809889DF821205143EFF797F80698C4
:1016700000889DF82210484312F0CEFC0699099A82
:1016800090600998806809889DF822205143EFF7FF
:1016900085F8069800889DF82310484312F0BCFC9A
:1016A0000699099AC2F8E8000998D0F8E800098874
:1016B0009DF823205143EFF771F8099A02F13000A9
:1016C000117BD2F8E8300122079211F0C9F8069890
:1016D00000889DF82310484312F09EFC0699099A51
:1016E000C2F8EC000998D0F8EC0009889DF8232096
:1016F0005143EFF753F8079A099B03F13800197B20
:10170000D3F8EC3011F0ACF89DF8220010B3FFE7ED
:1017100045F65470C2F20140059000889DF82210F1
:10172000484312F079FC0599099AC2F8F00009982B
:10173000D0F8F00009889DF822205143EFF72EF8E9
:10174000099A02F14000517BD2F8F030012211F0E9
:1017500087F8FFE745F65470C2F201400490008814
:101760009DF82110484312F057FC0499099AC2F8D9
:10177000F4000998D0F8F40009889DF8212051431D
:10178000EFF70CF8099A02F14800917BD2F8F43097
:10179000012211F065F8049800889DF82310484351
:1017A000484312F039FC0499099AC2F8F8000998E4
:1017B000D0F8F80009889DF8232051435143EEF7F3
:1017C000EDFF099901F150000A7BD1F8F83011467C
:1017D00011F046F8049800889DF8231048434843C8
:1017E00012F01AFC0499099AC2F8FC000998D0F882
:1017F000FC0009889DF8232051435143EEF7CEFFAA
:10180000099901F158000A7BD1F8FC30114611F01A
:1018100027F8049800889DF823104843484312F0A5
:10182000FBFB01460498099AC2F8001100889DF854
:1018300023104843484312F0EFFB0499099AC2F879
:1018400004010998D0F8000109889DF8232051432C
:101850005143EEF7A3FF04990998D0F804010988D1
:101860009DF8232051435143EEF798FF099901F168
:1018700060000A7BD1F80031114610F0F1FF0999A0
:1018800001F168000A7BD1F80431114610F0E8FF3D
:101890009DF8220040B3FFE745F65470C2F20140C4
:1018A000039000889DF8231048439DF82210484378
:1018B00012F0B2FB0399099AC2F808010998D0F80E
:1018C000080109889DF8232051439DF822205143A7
:1018D000EEF764FF099B03F17000197B5A7BD3F884
:1018E000083110F0BDFFFFE745F65470C2F2014029
:1018F000019000889DF8211048439DF8231048432B
:1019000012F08AFB01460198099AC2F80C1100886E
:101910009DF8231048439DF82110484312F07CFBAA
:101920000199099AC2F810010998D0F80C010988A8
:101930009DF8212051439DF823205143EEF72EFFBF
:1019400001990998D0F8100109889DF82320514386
:101950009DF821205143EEF721FF099B03F1780008
:101960001A7B997BD3F80C3110F07AFF099B03F1B5
:101970008000197B9A7BD3F8103110F071FF019829
:1019800000889DF823104843484312F045FB019915
:10199000099AC2F814010998D0F8140109889DF831
:1019A000232051435143EEF7F9FE099901F18800D4
:1019B0000A7BD1F81431114610F052FF01980088CB
:1019C0009DF821104843484312F026FB0199099ADB
:1019D000C2F818010998D0F8180109889DF821204B
:1019E00051435143EEF7DAFE099901F190008A7BE9
:1019F000D1F81831114610F033FF019800889DF896
:101A0000231048439DF82110484312F005FB01992B
:101A1000099AC2F81C010998D0F81C0109889DF8A0
:101A2000232051439DF821205143EEF7B7FE099B37
:101A300003F19800197B9A7BD3F81C3110F010FF4A
:101A4000019800880999097B4843484312F0E4FA59
:101A50000199099AC2F82001099AD2F8200109884F
:101A6000127B51435143EEF799FE01980088099982
:101A7000097B4843484312F0CFFA0199099AC2F80A
:101A80002401099AD2F824010988127B5143514359
:101A9000EEF784FE019800880999097B4843484382
:101AA00012F0BAFA0199099AC2F82801099AD2F8F3
:101AB00028010988127B51435143EEF76FFE0198CC
:101AC00000880999097B484312F0A6FA0199099AFE
:101AD000C2F82C01099AD2F82C010988127B5143D3
:101AE000EEF75CFE019800880999097B484312F0E3
:101AF00093FA0199099AC2F83001099AD2F82C0197
:101B00000988127B5143EEF749FE099901F1A000C3
:101B10000A7BD1F82031114610F0A2FE099901F19B
:101B2000A8000A7BD1F82431114610F099FE0999DA
:101B300001F1B0000A7BD1F82831114610F090FE77
:101B4000099A02F1B800117BD2F82C3101220292DD
:101B500010F086FE029A099B03F1C000197BD3F8AE
:101B6000303110F07DFE0999002081F82800099994
:101B700081F82900099981F82A00099981F82B0038
:101B8000099981F82C000AB080BD00000000000017
:101B900080B582B001900198C07B20B1FFE7019829
:101BA000FEF7D6F816E0019BD3F8F400596845F625
:101BB0005472C2F20142009212889B7B5A43EEF7A4
:101BC00099FD0099019A50680988927B5143EEF77C
:101BD000E5FDFFE7019BD3F8F000996845F65472E4
:101BE000C2F2014212885B7B5A43EEF783FD02B0DA
:101BF00080BD00000000000080B582B00190019817
:101C000090F82C00B0BBFFE70199B1F89800A1F85B
:101C1000A8000199B1F87A00A1F8AA000199B1F8D9
:101C2000A800A1F8B0000199B1F85A00A1F8B200DB
:101C3000019A02F1980002F17801A83210F0D4FF65
:101C4000019981F8C800019A02F1A80002F1580137
:101C5000B03210F0C9FF019981F8C800019A02F171
:101C6000580002F1B001503211F006F8019981F8E4
:101C7000C800FFE702B080BD80B582B00190019836
:101C800090F82900A8BBFFE7019901F160006831D5
:101C900011F012F8019981F8C800019A02F1600070
:101CA00002F15001583210F09FFF019981F8C800ED
:101CB0000199B1F85800A1F8A8000199B1F86A009B
:101CC000A1F8AA00019A02F1580002F16801A832B5
:101CD00010F08AFF019981F8C800019A02F1A8006A
:101CE00002F18801583210F09BFD019981F8C8007B
:101CF000FFE702B080BD000080B582B0019001987E
:101D000090F82A00002872D1FFE7019901F17800CC
:101D1000803110F0D1FF019981F8C8000199B1F824
:101D20007800A1F8A8000199B1F85A00A1F8AA001A
:101D3000019A02F1780002F15801A83210F054FF24
:101D4000019981F8C8000199B1F8A800A1F8B00084
:101D50000199B1F88200A1F8B200019A02F1A8003D
:101D600002F18001B03210F03FFF019981F8C80004
:101D70000199B1F89000A1F8A0000199B1F8920082
:101D8000A1F8A200019A02F1B00002F19001A03284
:101D900010F046FD019981F8C800019901F1A000F9
:101DA000B03110F061FD019981F8C8000199B1F8D6
:101DB0005800A1F8A8000199B1F88200A1F8AA0082
:101DC000019A02F1580002F18001A83210F00CFFD4
:101DD000019981F8C800019A02F1A80002F1B0014E
:101DE000983210F001FF019981F8C800FFE702B0B6
:101DF00080BD00000000000080B584B0039003980F
:101E0000FFF7C6FE0398D0F8CC0028B1FFE703988F
:101E1000D0F8CC108847FFE7039800F0B5F8039896
:101E2000D0F8D00028B1FFE70398D0F8D010884749
:101E3000FFE70398FFF720FF0398D0F8D40028B1FC
:101E4000FFE70398D0F8D4108847FFE70398007C99
:101E500020B9FFE70398C07BF0B9FFE70398FFF7CD
:101E60004BFF0398D0F8D80028B1FFE70398D0F8CB
:101E7000D8108847FFE7039800F0DAF80398D0F805
:101E8000DC0028B1FFE70398D0F8DC108847FFE7B3
:101E90000398FFF7B1FE1BE0039BD3F8E800D3F8EB
:101EA000EC1045F65472C2F20142019212881B7B7B
:101EB0005A43EEF71FFC019A039BD3F8F800D3F8BE
:101EC000FC1012881B7B5A435A43EEF713FCFFE7C2
:101ED0000398D0F8E00028B1FFE70398D0F8E010AD
:101EE0008847FFE700208DF80B00FFE79DF80B0007
:101EF0000399097B88422CDAFFE70398D0F8F82091
:101F00009DF80B10037B11FB031302EB830292ED90
:101F1000000A006A00EB810090ED001AB4EE410A5D
:101F2000F1EE10FA0EDAFFE7039B186A9DF80B201A
:101F300050F82200D3F8F8101B7B12FB032241F863
:101F40002200FFE7FFE79DF80B0001308DF80B0042
:101F5000CCE7039B1868D3F8E81045F65472C2F238
:101F6000014212881B7B5A43EEF7C4FB0398D0F85A
:101F7000E40028B1FFE70398D0F8E4108847FFE7B2
:101F80000398006804B080BD80B582B001900198CC
:101F900090F82800002846D1FFE70198407B0128EF
:101FA00034DBFFE70199087BA1F8B8000199012013
:101FB0000090A1F8BA00019A02F1600002F130012C
:101FC000B83210F011FE01460098019A82F8C8104C
:101FD000019A117BA2F8C0100199A1F8C200019AE0
:101FE00002F1700002F14001C03210F0FDFD0199D4
:101FF00081F8C800019A02F1B80002F1C00138323C
:1020000010F00EFC019981F8C8000BE0019A02F172
:10201000600002F13001383210F0E6FD019981F8DC
:10202000C800FFE7FFE702B080BD0000000000002D
:1020300080B582B00190019890F82B0000284BD118
:10204000FFE70199B1F87800A1F8B80001990120E3
:102050000090A1F8BA00019A02F1780002F138016B
:10206000B83210F0C1FD01460098019A82F8C810FC
:10207000019AB2F84810A2F8C0100199A1F8C20064
:10208000019A02F1480002F1B801C03210F0F4FDEB
:1020900001460098019A82F8C810019AB2F8981087
:1020A000A2F8B8100199A1F8BA00019A02F19800BB
:1020B00002F1C001B83210F097FD019981F8C80013
:1020C000019A02F1380002F1B801303210F0A8FB99
:1020D000019981F8C800FFE702B080BD0000000050
:1020E00080B586B000200190059004900390029086
:1020F000F6F7E2FB019801218DF808108DF8090030
:1021000003901F228DF8102087228DF811208DF862
:1021100012008DF813008DF814108DF815108DF83D
:1021200016008DF8170002A8F6F786FB0420F6F7D4
:10213000D7FB06B080BD000080B58EB0FFE744F24B
:10214000D840C5F60200016841F001010160006855
:1021500000F001000D900D98FFE7FFE744F2D84032
:10216000C5F60200016841F002010160006800F05C
:1021700002000C900C98FFE70B20019005210991BB
:1021800000220A92F6F7ECFB0198F6F7DDFB0999BD
:102190000A9A0C200290F6F7E3FB0298F6F7D4FBBC
:1021A00009990A9A0D200390F6F7DAFB0398F6F7DF
:1021B000CBFB09990A9A0E200490F6F7D1FB0498FC
:1021C000F6F7C2FB09990A9A0F200590F6F7C8FBAB
:1021D0000598F6F7B9FB09990A9A2F200690F6F7A9
:1021E000BFFB0698F6F7B0FB09990A9A38200790CA
:1021F000F6F7B6FB0798F6F7A7FB09990A9A3B2072
:102200000890F6F7ADFB0898F6F79EFB09990A9A35
:102210003C200B90F6F7A4FB0B98F6F795FB0EB05D
:1022200080BD00000000000080B582B045F2C830DB
:10223000C2F2014001904AF20001C4F200010160C3
:1022400000228260C2600274427482740321416180
:10225000142181611D21C1610A21016201214162B4
:102260004FF0020CC0F828C00D21C162C0F830C088
:10227000426304218163C16308230364416483646E
:10228000C164C0F850C041658365C36520230366FF
:1022900042668166F5F7E4FB18B1FFE7F0F7ACFDA5
:1022A000FFE702B080BD000080B582B045F2684013
:1022B000C2F2014001904AF20041C4F20001016003
:1022C00000228260C2600274427482744FF0030C78
:1022D000C0F814C0142181611D21C1610A2101626D
:1022E00001214162022383620D23C362016340F234
:1022F0000641416304218163C1630823036441648F
:102300008364C164C0F850C041658365C3650366DA
:1023100042668166F5F7A4FB18B1FFE7F0F76CFDA4
:10232000FFE702B080BD000080B582B045F20850E2
:10233000C2F2014000904DF20041C4F20001016080
:10234000002201928260C2600274427482744FF073
:10235000030CC0F814C00A2181611D23C36101620E
:10236000C0F824C08162C362016340F61201416378
:1023700001218163C2630421016441648264C164F8
:10238000026541658265C265016642668166F5F750
:1023900067FB18B1FFE7F0F72FFDFFE702B080BD44
:1023A000B0B5F2B046F2D840C0F60200016842680B
:1023B0008368D0F80CC0D0F810E044697094CDF870
:1023C000BCE1CDF8B8C16D936C926B91806971904E
:1023D0006BA80021019111F077F8019944F644129D
:1023E000C2F20142106046F2C030C0F6020002683C
:1023F0004368D0F808C0D0F80CE0046945696995D5
:102400006894CDF89CE1CDF898C165936492806999
:102410006A9064A811F058F8019940F25052C2F243
:102420000042106046F2F830C0F6020002684368CD
:10243000D0F808C0D0F80CE0046945696295619451
:10244000CDF880E1CDF87CC15E935D9280696390A8
:102450005DA811F039F8019940F2DC02C2F20002E5
:10246000106046F23430C0F6020002684368D0F8CB
:1024700008C0D0F80CE0046945695B955A94CDF822
:1024800064E1CDF860C15793569280695C9056A87C
:1024900011F01AF8019940F22052C2F20042106085
:1024A00046F21440C0F6020002684368D0F808C043
:1024B000D0F80CE00469456954955394CDF848E18F
:1024C000CDF844C150934F92806955904FA810F0B9
:1024D000FBFF019940F2E002C2F20002106046F2F6
:1024E0008830C0F6020002684368D0F808C0D0F80F
:1024F0000CE0046945694D954C94CDF82CE1CDF87C
:1025000028C14993489280694E9048A810F0DCFF9A
:10251000019940F24452C2F20042106046F24C402F
:10252000C0F6020002684368D0F808C0D0F80CE09A
:102530000469456946954594CDF810E1CDF80CC184
:10254000429341928069479041A810F0BDFF0199E4
:1025500040F2E402C2F20002106046F2A040C0F66F
:10256000020002684368D0F808C0D0F80CE00469A3
:1025700045693F953E94CDF8F4E0CDF8F0C03B932B
:102580003A92806940903AA810F09EFF019940F27B
:10259000D072C2F20042106046F2DC30C0F6020097
:1025A00002684368D0F808C0D0F80CE004694569B7
:1025B00038953794CDF8D8E0CDF8D4C03493339221
:1025C0008069399033A810F07FFF019940F2D8025A
:1025D000C2F20002106046F26C30C0F602000268DF
:1025E0004368D0F808C0D0F80CE00469456931951B
:1025F0003094CDF8BCE0CDF8B8C02D932C92806912
:1026000032902CA810F060FF019940F24052C2F2C3
:102610000042106046F26840C0F60200026843685B
:10262000D0F808C0D0F80CE0046945692A952994CF
:10263000CDF8A0E0CDF89CC02693259280692B9020
:1026400025A810F041FF019940F2E802C2F2000211
:10265000106046F28440C0F6020002684368D0F879
:1026600008C0D0F80CE00469456923952294CDF8A0
:1026700084E0CDF880C01F931E92806924901EA82C
:1026800010F022FF019940F2C872C2F200421060BD
:1026900046F25030C0F6020002684368D0F808C025
:1026A000D0F80CE0046945691C951B94CDF868E0EE
:1026B000CDF864C01893179280691D9017A810F088
:1026C00003FF019940F27C02C2F20002106046F260
:1026D000A430C0F6020002684368D0F808C0D0F801
:1026E0000CE00469456915951494CDF84CE0CDF8DB
:1026F00048C0119310928069169010A810F0E4FE63
:10270000019940F24C52C2F20042106046F2BC40C5
:10271000C0F6020002684368D0F808C0D0F80CE0A8
:10272000046945690E950D94CDF830E0CDF82CC0C4
:102730000A93099280690F9009A810F0C5FE0199CB
:1027400040F2F802C2F20002106046F23040C0F6D9
:10275000020002684368D0F808C0D0F80CE00469B1
:10276000456907950694CDF814E0CDF810C00393A1
:1027700002928069089002A810F0A6FE40F2E4518F
:10278000C2F20041086072B0B0BD0000000000005D
:1027900080B58EB000200D900C900B900A9009909F
:1027A000FFE744F2E040C5F60200016841F0800115
:1027B0000160006800F0800008900898FFE7FFE7DC
:1027C00044F2E040C5F60200016841F004010160F6
:1027D000006800F0040007900798FFE7FFE744F265
:1027E000E040C5F60200016841F0010101600068A7
:1027F00000F0010006900698FFE7FFE744F2E04092
:10280000C5F60200016841F002010160006800F0B5
:10281000020005900598FFE7FFE744F2E040C5F6A7
:102820000200016841F008010160006800F0080042
:1028300004900498FFE740F60000C5F602000290FD
:102840000921009101220192F5F71AFF009A0199DE
:10285000029809920A91002103910B9103210C9196
:1028600009A9F5F739FD03994FF00060FAF7B8FEB2
:102870000EB080BD0000000080B582B045F68C200F
:10288000C2F20140009043F60001C4F20001016071
:102890004FF4800141600021019181600722C260F4
:1028A0004FF0007202614FF0807242614FF080621F
:1028B00082614FF08042C261016241628162C16205
:1028C00042638163C163016441648164C1640165E1
:1028D00041658165FAF7CCF818B1FFE7F0F78CFA9B
:1028E000FFE702B080BD000080B58CB000210191EF
:1028F0000B910A9109910891079106910591049114
:102900000391029145F61430C2F2014041F60002F3
:10291000C4F200020260EF224260816040F2E732BE
:10292000C26001618161FBF7BFFB18B1FFE7F0F7FF
:1029300063FAFFE7002009900B9045F61430C2F2CD
:10294000014009A9FAF768FE18B1FFE7F0F754FA59
:10295000FFE760200290002003900490069045F667
:102960001430C2F2014002A90422FBF7C5FA18B1E3
:10297000FFE7F0F741FAFFE745F61430C2F20140F5
:10298000FBF756FA0CB080BD80B590B000210191E4
:102990000F910E910D910C910B910A910991089153
:1029A00007910691059104910391029140F2F43050
:1029B000C2F2000040F20042C4F2000202600222B1
:1029C000426081606322C26001618161FAF7E4FEC6
:1029D00018B1FFE7F0F710FAFFE74FF480500C90C2
:1029E00040F2F430C2F200000CA9FBF709F818B16C
:1029F000FFE7F0F701FAFFE740F2F430C2F200001F
:102A0000FBF752FB18B1FFE7F0F7F6F9FFE70020FC
:102A100009900B9040F2F430C2F2000009A9FAF7D5
:102A2000FBFD18B1FFE7F0F7E7F9FFE76020029040
:102A3000002003900490069040F2F430C2F20000AF
:102A400002A90422FBF758FA18B1FFE7F0F7D4F90E
:102A5000FFE740F2F430C2F20000FBF7E9F910B0F2
:102A600080BD00000000000080B582B040F2D4407C
:102A7000C2F20000019045F20001C4F200010160C1
:102A800048F2A061C0F2010141604FF480518160C1
:102A90000021C1604FF4806202610C2242618161B9
:102AA000C161016241628162FCF746FE18B1FFE735
:102AB000F0F7A2F9FFE740F2D440C2F20000002193
:102AC000FCF766FA18B1FFE7F0F796F9FFE740F276
:102AD000D440C2F200000021FCF712FA18B1FFE75F
:102AE000F0F78AF9FFE740F2D440C2F20000FCF7A9
:102AF0005BF818B1FFE7F0F77FF9FFE702B080BDA0
:102B000080B582B045F66030C2F20140009041F2DB
:102B10000001C4F2010101604FF4E1314160002184
:102B200001918160C16001610C2242618161C161DA
:102B3000016241628162FCF7FFFD18B1FFE7F0F727
:102B40005BF9FFE745F66030C2F201400021FCF777
:102B50001FFA18B1FFE7F0F74FF9FFE745F66030CD
:102B6000C2F201400021FCF7CBF918B1FFE7F0F702
:102B700043F9FFE745F66030C2F20140FCF714F874
:102B800018B1FFE7F0F738F9FFE702B080BD0000A9
:102B900080B582B040F24040C2F20000009044F2A2
:102BA0000041C4F20001016048F28041C0F21E0100
:102BB00041604FF48051816000230193C3604FF462
:102BC000806101610C2141618361C36103624362E1
:102BD000836219461A46F9F717FD18B1FFE7F0F7B7
:102BE0000BF9FFE740F24040C2F200000021FCF781
:102BF000CFF918B1FFE7F0F7FFF8FFE740F24040E8
:102C0000C2F200000021FCF77BF918B1FFE7F0F7F2
:102C1000F3F8FFE740F24040C2F20000FBF7C4FFC8
:102C200018B1FFE7F0F7E8F8FFE702B080BD000059
:102C300080B544F60C70C2F2014040F2AC01C2F221
:102C40000041012206F008FA18B1FFE7F0F7D4F8C6
:102C5000FFE744F60C70C2F2014040F26011C2F28C
:102C6000004106F025FF18B1FFE7F0F7C5F8FFE7D0
:102C700044F60C70C2F2014040F21C01C2F20001A5
:102C800005F0D6FB18B1FFE7F0F7B6F8FFE744F61A
:102C90000C70C2F2014007F09BF818B1FFE7F0F7A3
:102CA000ABF8FFE7F7F78CF880BD000000000000EC
:102CB000FFE7FEE70000000082B00190009101985C
:102CC0000099411A00EE101AB8EEC00A9FED051ADD
:102CD00020EE010ABCFEC00A10EE101AA0EB413033
:102CE00002B070470000003982B08DED010ACDEDD1
:102CF000000A9DED010A9DED001A30EE411A9FED8C
:102D0000052A81EE021AB8FE411AA1EE420A02B06B
:102D1000704700BF0000B44380B582B001900199B4
:102D2000B1F90000B1F90810401A0021FFF7C4FF03
:102D300002460199086910440861019908880881D0
:102D400002B080BD0000000080B582B001908DF817
:102D500003108DF802209DF8020038B9FFE70198B2
:102D60009DF80310002210F043FA0CE09DF80200D9
:102D7000012807D0FFE701989DF80310002210F00A
:102D800083F9FFE7FFE702B080BD0000000000000C
:102D900081B00090009900200861009A118811818B
:102DA0000099C86001B07047FFE7FEE7000000002F
:102DB00088B0079006910592079800F007000490EC
:102DC0000498C0F10700052803D3FFE70420019011
:102DD00004E00498C0F107000190FFE70198039018
:102DE00004980430062803D8FFE70020009003E091
:102DF000049803380090FFE7009802900698039922
:102E0000012202FA01F101390840029B984005991C
:102E10009A40013A1140084308B070470000000092
:102E200080B582B00190FFE7142010F031FBFBE782
:102E300080B582B00190FFE7EEF772F8012010F044
:102E400027FBF9E70000000080B582B001904FF445
:102E5000FA7010F01DFBEEF77FFDFFE702F0F4FBC8
:102E6000022010F015FBF9E780B582B001904FF415
:102E7000FA6010F00DFBFFE703F066F90A2010F08E
:102E800007FBF9E70000000080B58EB00D9040F21E
:102E90004450C2F20040006810F092FB45F2C83086
:102EA000C2F201400A900268916921F0010191612A
:102EB000012100220C9210F00FF90A980C9B694630
:102EC0004B600B604FF400711A4608F0D1FC0A9871
:102ED0000C9B69464B600B6040F2FF110B911A4648
:102EE00008F0C6FC0B990C9B68464360036045F2F2
:102EF0006840C2F201401A4608F0BAFCFFE7684693
:102F0000002308934360036045F2C830C2F20140D9
:102F100005904FF400711A4608F0AAFC0598089B2A
:102F200069464B600B6040F2FF1106911A4608F0AB
:102F30009FFC0699089B68464360036045F2684021
:102F4000C2F2014007901A4608F092FC0798089ACE
:102F50000121099110F0C0F80998F3F761FE40F2E1
:102F60004850C2F200400078012809D0FFE740F243
:102F7000EC01C2F2000101200870EDF7D1FFFFE77C
:102F800040F21860C2F20000807A02280AD0FFE7FF
:102F900040F21860C2F20000807A18B1FFE7F5F73E
:102FA000FFFCFFE732210023039318461A4609F07D
:102FB0007BF84B200490F3F733FE039B1846194629
:102FC0001A4609F071F80498F3F72AFE97E7000013
:102FD00080B582B0019040F2DC5010F059FAF0F761
:102FE0005FF9FFE703F048F9012010F051FAF9E723
:102FF00080B582B00190FEF737F8FFE7FEF754F88E
:10300000012010F045FAF9E780B582B00190FFE7A2
:10301000012010F03DFAFBE780B584B0039009F081
:1030200033F8FFE73222002301931846194609F0CE
:103030003BF84FF4FA70029010F02AFA019B184600
:1030400019461A4609F030F8029810F021FAE9E71B
:1030500080B582B001904FF47A7010F019FA45F201
:103060006840C2F201400121002210F0C1F8FFE7E0
:1030700002F05EFA03F058F8012010F009FAF7E7C1
:1030800080B582B00190FFE745F6DC40C2F2014016
:1030900001680131016000686428C0F2DE80FFE74A
:1030A00040F2D440C2F2000040F2A861C2F2000136
:1030B0001922FBF7B9FD45F26020C2F20140006819
:1030C0001021C4F20201884200F0B280FFE745F20D
:1030D0006020C2F2014000682821C4F20201884247
:1030E00000F0A680FFE745F26020C2F201400068D0
:1030F0004021C4F20201884200F09A80FFE745F2C5
:103100006020C2F2014000685821C4F202018842E6
:1031100000F08E80FFE745F26020C2F201400068B7
:103120007021C4F20201884200F08280FFE745F27C
:103130006020C2F2014000688821C4F20201884286
:1031400076D0FFE745F26020C2F201400068A0217E
:10315000C4F2020188426BD0FFE745F26020C2F260
:1031600001400068B821C4F20201884260D0FFE744
:1031700045F26020C2F20140006840F21041C4F202
:103180000201884254D0FFE745F26020C2F20140BC
:10319000006840F22841C4F20201884248D0FFE7AB
:1031A00045F26020C2F20140006840F24041C4F2A2
:1031B000020188423CD0FFE745F26020C2F20140A4
:1031C000006840F25841C4F20201884230D0FFE763
:1031D00045F26020C2F20140006840F27041C4F242
:1031E0000201884224D0FFE745F26020C2F201408C
:1031F000006840F28841C4F20201884218D0FFE71B
:1032000045F26020C2F20140006840F2A041C4F2E1
:10321000020188420CD0FFE745F26020C2F2014073
:10322000006840F2B841C4F2020188420AD1FFE7C7
:1032300045F26020C2F201400168086820F00800F1
:10324000086009E045F26020C2F2014001680868A8
:1032500020F004000860FFE7FFE703F0DDF80F202F
:1032600010F016F910E7000080B584B003906420D8
:10327000029010F00DF901F09BF845F6E040C2F223
:1032800001400190483000F0D3FA0198703000F00E
:10329000CFFA029810F0FCF8FFE703F011F90A20CA
:1032A00010F0F6F8F9E7000080B582B00190FFE772
:1032B000012010F0EDF8FBE780B582B0019008F036
:1032C0000FFCFFE708F094FB012010F0E1F8F9E7AC
:1032D00080B545F2A850C2F20140F5F779FE80BDF5
:1032E00080B586B005900491059800680390039816
:1032F00002900398006C01900298049900EB411031
:10330000D0F8080B0090019843F20B01C4F65471F9
:1033100088420FD3FFE79DF801000006002809D579
:10332000FFE70298049900EB41114FF40040C1F807
:10333000080BFFE70598F6F783FC019843F20B01B1
:10334000C4F6547188420DD3FFE7059880790128AF
:1033500008D1FFE70599086801F29C42012107F0B6
:1033600063FBFFE7002006B080BD00000000000006
:1033700080B588B00790069107980068049004987B
:1033800003900498006C02900398069900EB41109A
:10339000D0F8080B019007988079012840F08180CF
:1033A000FFE79DF804000007002818D5FFE7029802
:1033B00043F20B01C4F6547188420FD3FFE79DF826
:1033C00005000006002809D5FFE70398069900EBE1
:1033D00041114FF40040C1F8080BFFE760E09DF891
:1033E00004008006002808D5FFE70398069900EB43
:1033F00041112020C1F8080B51E09DF8040010F0A5
:10340000280F4AD1FFE7029843F20B01C4F654712A
:1034100088420FD3FFE79DF805000006002809D574
:10342000FFE70398069900EB41114FF40040C1F803
:10343000080B31E00798069901EBC10100EB810010
:1034400000F5157005900598006A0399069A01EB3E
:103450004211D1F8101B6FF3DF41401A0599486102
:10346000069898B9FFE70598006940B9FFE7079902
:10347000086801F29C42012107F0D6FA05E005999F
:10348000C8684A691044C860FFE7FFE707989DF8DD
:103490001810F5F729FBFFE700E0FFE7FFE7FFE77C
:1034A00047E0029843F20A11C4F65471884224D1CD
:1034B000FFE79DF805000006002809D5FFE70398FF
:1034C000069900EB41114FF40040C1F8080B13E0DE
:1034D0009DF804008006002808D5FFE703980699A8
:1034E00000EB41112020C1F8080BFFE707989DF879
:1034F0001810F5F7F9FAFFE71AE0069890B9FFE718
:103500000798069901EBC10100EB8100D0F8640235
:1035100040B9FFE70799086801F29C42002107F0D3
:1035200083FAFFE707989DF81810F5F7DDFAFFE733
:10353000FFE7002008B080BD80B58CB00A900991EB
:103540000A9800680890089807900A98099901EB72
:10355000C10100EB810014300690069801694069B2
:10356000884204D9FFE701208DF82F0079E0069901
:1035700008694969401A0590059806998968884242
:1035800004D9FFE7069880680590FFE705980330A7
:1035900080080490FFE70798099900EB4110D0F8E4
:1035A000180981B2049A0020914202900FD3FFE7DC
:1035B00006980269416900209142029007D2FFE714
:1035C00006980069002818BF01200290FFE70298C2
:1035D000C00770B3FFE7069908694969401A05906A
:1035E000059806998968884204D9FFE7069880689B
:1035F0000590FFE705980330800804900898069925
:10360000C9689DF82420BDF81430DDF828C09CF866
:1036100006C0EE46CEF800C008F092F8059A06996A
:10362000C8681044C860059A069948691044486102
:10363000B1E706990869496988420ED8FFE70998F9
:1036400000F00F01012088400390039A0799D1F8F8
:1036500034089043C1F83408FFE700208DF82F00AC
:10366000FFE79DF82F000CB080BD000000000000B7
:1036700088B007908DED060ACDED050A8DED041A90
:1036800007990869C8609DED060A9DED051A30EEA0
:10369000410A079880ED040A079890ED083A90EDEA
:1036A000091A9DED042AB7EE000A30EE410A20EE19
:1036B000030AA1EE020A8DED040A9DED040A0798A3
:1036C00090ED021A20EE010A80ED050A079890EDB0
:1036D000002A90ED041A90ED050AA1EE020A80ED91
:1036E000050A079890ED012A90ED041A90ED060A5C
:1036F000A1EE020A80ED060A079890ED060A90ED09
:103700000B1AB1EE411AB4EE410AF1EE10FA08DCE0
:10371000FFE7079890ED0B0AB1EE400A8DED030A22
:103720001BE0079890ED060A90ED0B1AB4EE410AE3
:10373000F1EE10FA06DBFFE7079890ED0B0A8DED2E
:10374000020A05E0079890ED060A8DED020AFFE7F0
:103750009DED020A8DED030AFFE79DED030A079830
:1037600080ED060A079890ED050A90ED061A30EEF6
:10377000010A80ED050A079890ED050A90ED0A1AF6
:10378000B1EE411AB4EE410AF1EE10FA08DCFFE79F
:10379000079890ED0A0AB1EE400A8DED010A1BE090
:1037A000079890ED050A90ED0A1AB4EE410AF1EE81
:1037B00010FA06DBFFE7079890ED0A0A8DED000A84
:1037C00005E0079890ED050A8DED000AFFE79DEDF5
:1037D000000A8DED010AFFE79DED010A079880EDD3
:1037E000050A04980799086208B0704700000000B5
:1037F00080B584B003908DED020ACDED010A8DED08
:10380000001A039828309DED020ADDED010A00F050
:103810004BF8039890ED110ADDED000A00F044F832
:103820000399C869C1F8800004B080BD00000000A1
:1038300081B0009000990020C8600099086100994B
:1038400048610099C86101B07047000000000000A5
:1038500086B005908DED040ACDED030A8DED021AB8
:10386000CDED011A8DED002A0498059908600398A2
:1038700005994860029805998860019805998861C2
:1038800000980599086205990020486206B07047C3
:1038900082B001908DED000A00980199486202B053
:1038A000704700000000000087B006908DED050A0B
:1038B000CDED040A0699C86808619DED050A9DEDE5
:1038C000041A30EE410AB0EEC00A069890ED091ACB
:1038D000B4EE410AF1EE10FA04DAFFE7069900208F
:1038E000C86009E09DED050A9DED041A30EE410A1D
:1038F000069880ED030AFFE7069890ED021A90ED16
:10390000030A90ED042A30EE420A20EE010A80ED0F
:10391000070A069890ED002A90ED031A90ED070A29
:10392000A1EE020A80ED070A069890ED012A90EDBB
:10393000031A90ED050AA1EE020A80ED050A069829
:1039400090ED050A90ED061AB1EE411AB4EE410A67
:10395000F1EE10FA08DCFFE7069890ED060AB1EEEA
:10396000400A8DED030A1BE0069890ED050A90EDE4
:10397000061AB4EE410AF1EE10FA06DBFFE70698EC
:1039800090ED060A8DED020A05E0069890ED050A15
:103990008DED020AFFE79DED020A8DED030AFFE7B8
:1039A0009DED030A069880ED050A069890ED051A2C
:1039B00090ED070A30EE010A80ED070A069890EDB7
:1039C000070A90ED081AB1EE411AB4EE410AF1EE81
:1039D00010FA08DCFFE7069890ED080AB1EE400AFD
:1039E0008DED010A1BE0069890ED070A90ED081A8C
:1039F000B4EE410AF1EE10FA06DBFFE7069890ED0F
:103A0000080A8DED000A05E0069890ED070A8DED95
:103A1000000AFFE79DED000A8DED010AFFE79DED2D
:103A2000010A069880ED070A07B070470000000001
:103A3000EFF30980BFF36F8F154B1A681EF0100F5C
:103A400008BF20ED108A20E9F04F10602DE9090031
:103A50004FF0500080F31188BFF34F8FBFF36F8F8B
:103A600010F012FF4FF0000080F31188BDE809004C
:103A700019680868B0E8F04F1EF0100F08BFB0ECEE
:103A8000108A80F30988BFF36F8F704700BF00BFB3
:103A9000BC5C01240000000083B0029001918DF80D
:103AA000032001980299C8609DF8030002990874E8
:103AB00003B070470000000080B582B00190009113
:103AC000019800F041F808B1FFE727E00198C068CD
:103AD00038B9FFE70098019A1168128941F822006D
:103AE00012E0019AD1681089127C00FB0210009943
:103AF000ECF7BBFD01980168C3680289007C02FBFA
:103B0000003041F82200FFE701990889431C8A88A8
:103B1000B3FBF2F000FB12300881FFE702B080BD7A
:103B200080B582B00190ADF80210BDF802008000AF
:103B3000ECF78EFC01990860BDF8020001998880BD
:103B400002B080BD0000000081B000900099C888DC
:103B50000A8901328B88B2FBF3F15943891A084470
:103B6000B0FA80F0400901B070470000000000008A
:103B700080B586B00490039100208DF8070044F2D0
:103B80002840C5F60200006800F00300032804D1B5
:103B9000FFE701208DF81700CBE044F20041C5F6A5
:103BA0000201086820F080600860F4F781FD02904F
:103BB000FFE744F20040C5F60200006800F0006133
:103BC0000020B0EBD16F0CD0FFE7F4F771FD029944
:103BD000401A032804D3FFE703208DF81700A8E05C
:103BE000E7E7FFE744F22841C5F60201086820F440
:103BF0007C30049A126840EA0230086004994868F0
:103C0000D1F808C0CB680A6901386FF35F204FF61E
:103C10000061CFF6FF7101EB4C2189B2084400210D
:103C2000CFF6FF7101EB034101F4FE0108444FF0B0
:103C30007F4101EB026101F0FE41084444F238414A
:103C4000C5F602010860FFE744F22C41C5F6020107
:103C50000091086820F0C000049A5269104308607F
:103C6000086820F02000049A9269104308600868F0
:103C700020F01000086044F23C42C5F602021068D1
:103C80004FF6F8739843049BDB6940EAC300106069
:103C9000086840F010000860039848B9FFE744F254
:103CA0002C41C5F60201086840F40020086016E0C7
:103CB0000398012809D1FFE744F22C41C5F602011F
:103CC000086840F48010086008E044F22C41C5F612
:103CD0000201086840F400100860FFE7FFE744F2C3
:103CE0000041C5F60201086840F080600860F4F702
:103CF000DFFC0290FFE744F20040C5F602000068D6
:103D000000F000610020B0EBD16F0CD1FFE7F4F7B9
:103D1000CFFC0299401A032804D3FFE703208DF853
:103D2000170006E0E7E7FFE79DF807008DF81700AA
:103D3000FFE79DF8170006B080BD000000000000FE
:103D400080B586B00490039100208DF8070044F2FE
:103D50002840C5F60200006800F00300032804D1E3
:103D6000FFE701208DF81700CBE044F20041C5F6D3
:103D70000201086820F080500860F4F799FC029076
:103D8000FFE744F20040C5F60200006800F0005171
:103D90000020B0EB517F0CD0FFE7F4F789FC0299CB
:103DA000401A032804D3FFE703208DF81700A8E08A
:103DB000E7E7FFE744F22841C5F60201086820F072
:103DC0007C70049A126840EA0250086004994868BE
:103DD000D1F808C0CB680A6901386FF35F204FF64D
:103DE0000061CFF6FF7101EB4C2189B2084400213C
:103DF000CFF6FF7101EB034101F4FE0108444FF0DF
:103E00007F4101EB026101F0FE41084444F2404170
:103E1000C5F602010860FFE744F22C41C5F6020135
:103E20000091086820F44060049A526910430860C9
:103E3000086820F40070049A9269104308600868CA
:103E400020F48070086044F24442C5F60202106813
:103E50004FF6F8739843049BDB6940EAC300106097
:103E6000086840F480700860039848B9FFE744F29E
:103E70002C41C5F60201086840F48000086016E095
:103E80000398012809D1FFE744F22C41C5F602014D
:103E9000086840F40000086008E044F22C41C5F6D0
:103EA0000201086840F080700860FFE7FFE744F215
:103EB0000041C5F60201086840F080500860F4F740
:103EC000F7FB0290FFE744F20040C5F602000068ED
:103ED00000F000510020B0EB517F0CD1FFE7F4F768
:103EE000E7FB0299401A032804D3FFE703208DF86B
:103EF000170006E0E7E7FFE79DF807008DF81700D9
:103F0000FFE79DF8170006B080BD0000000000002C
:103F100080B540F2D440C2F2000040F2A861C2F283
:103F200000011922FAF780FE45F26020C2F201403A
:103F300000681021C4F20201884200F0B280FFE75D
:103F400045F26020C2F2014000682821C4F202015B
:103F5000884200F0A680FFE745F26020C2F20140EF
:103F600000684021C4F20201884200F09A80FFE715
:103F700045F26020C2F2014000685821C4F20201FB
:103F8000884200F08E80FFE745F26020C2F20140D7
:103F900000687021C4F20201884200F08280FFE7CD
:103FA00045F26020C2F2014000688821C4F202019B
:103FB000884276D0FFE745F26020C2F201400068F7
:103FC000A021C4F2020188426BD0FFE745F26020D5
:103FD000C2F201400068B821C4F20201884260D0F8
:103FE000FFE745F26020C2F20140006840F2104154
:103FF000C4F20201884254D0FFE745F26020C2F2C9
:104000000140006840F22841C4F20201884248D0D1
:10401000FFE745F26020C2F20140006840F24041F3
:10402000C4F2020188423CD0FFE745F26020C2F2B0
:104030000140006840F25841C4F20201884230D089
:10404000FFE745F26020C2F20140006840F2704193
:10405000C4F20201884224D0FFE745F26020C2F298
:104060000140006840F28841C4F20201884218D041
:10407000FFE745F26020C2F20140006840F2A04133
:10408000C4F2020188420CD0FFE745F26020C2F280
:104090000140006840F2B841C4F2020188420AD1EE
:1040A000FFE745F26020C2F201400168086820F095
:1040B0000800086009E045F26020C2F20140016892
:1040C000086820F004000860FFE780BD00000000E1
:1040D000B0B588B00490049808B9FFE73EE0EFF36C
:1040E0001080059005980390EFF3108072B606904B
:1040F000BFF35F8F0499019140F2241CC2F2000CBF
:10410000CDF808C0DCF80000DCF80420DCF808304A
:10411000DCF80CE0DCF81040DCF814504D610C6168
:10412000C1F80CE08B604A600860DCF81800DCF82D
:104130001C20DCF82030DCF824C0C1F824C00B625D
:10414000CA618861F4F7B4FA0499C861BFF35F8F5C
:1041500003980790079880F31088FFE708B0B0BD78
:1041600080B545F68C20C2F20140F8F7B9FA80BD5F
:1041700082B0019001980068406900900198016840
:10418000886940F00800886101980168886940F0FA
:104190001000886101980168086820F0010008603B
:1041A00001980168086940F26F32904308610198F4
:1041B0000168886820F440408860019890F8810088
:1041C000042815D0FFE79DF80000800600280ED5D2
:1041D000FFE70199D1F8840040F08000C1F8840025
:1041E00001980168886940F020008861FFE7FFE7D7
:1041F000019890F88100032815D0FFE79DF8000092
:10420000400600280ED5FFE70199D1F8840040F060
:104210000400C1F8840001980168886940F04000FA
:104220008861FFE7FFE79DF80100800700280ED5B1
:10423000FFE70199D1F8840040F00100C1F8840043
:1042400001980168886940F400708861FFE79DF873
:104250000100C00770B1FFE70199D1F8840040F078
:104260000800C1F8840001980168886940F48070F2
:104270008861FFE701990020A1F862000199A1F887
:104280006A0002B07047000080B582B001900198CA
:10429000806B009000990020A1F86A000099A1F8B5
:1042A00062000099012081F881000098F8F714FA63
:1042B00002B080BD0000000083B002900298C16B84
:1042C000012000EB511001900298C068013000906D
:1042D00000980730C008009000980199484303B047
:1042E000704700000000000080B586B0DDF820C0F7
:1042F000049003918DF80B200193FFE70498006868
:10430000406903990840401AB0FA80F040099DF8CE
:104310000B10884214D1FFE7F4F7CAF90899401A44
:104320000199884204D3FFE70198013018B9FFE7EB
:10433000019820B9FFE703208DF8170004E0DDE7BE
:1043400000208DF81700FFE79DF8170006B080BD2C
:10435000074B19680868B0E8F04F80F30988BFF38D
:104360006F8F4FF0000080F31188704700BF00BFCF
:10437000BC5C01240000000084B00390039800900E
:1043800000980078ADF8080000980130009000987F
:104390000078ADF80600BDF80610BDF8080040EA48
:1043A0000120ADF80A00BDF80A0004B07047000013
:1043B00080B582B045F6E041C2F20141019141F67B
:1043C0006410A1F8560200F00BF801990020A1F842
:1043D000D600A1F89A01087102B080BD000000006B
:1043E00080B586B045F6E040C2F201400190083049
:1043F000FEF7CEFC01984830B1EE080ADFED1F0A47
:10440000B2EE001ADFED1E1A9FED1E2A8DED052A71
:10441000FFF71EFA01989DED052A70309FED1A0AEC
:10442000DFED1A0ACDED040AB2EE081ADFED181A14
:10443000FFF70EFA0198DDED041A9DED052AE43030
:10444000B3EE090A8DED020AB1EE041A8DED031ADE
:10445000F0EE610AFFF7FCF901989DED020A9DED6F
:10446000031ADDED041A9DED052A00F5D470F0EE77
:10447000610AFFF7EDF906B080BD00BF9A99193EB9
:104480000080BB4500007A46CDCC4C3F00000000C8
:104490008FC2F53D0000000080B540F21860C2F206
:1044A0000000B0F91A00B0F5C87F14DDFFE740F254
:1044B000CC70C2F200400068B0F5C87F0BDCFFE7AB
:1044C00045F6E041C2F2014191F8542201209043A7
:1044D00081F85402FFE7EFF76FFAB8B9FFE740F24F
:1044E0001860C2F20000407A012807D1FFE745F6C4
:1044F000E041C2F201410320087106E045F6E041C7
:10450000C2F2014100200871FFE7FFE740F21860A6
:10451000C2F20000B0F91A0040F2CC71C2F20041C0
:10452000086080BD0000000081B00090009890ED10
:10453000020A01B07047000083B002908DED010ABD
:10454000CDED000A0299002008600199029A51609D
:104550000299886000980299C86003B07047000013
:1045600083B00190019890ED001A90ED020A30EEB0
:10457000410A8DED000A9DED000AB0EEC00A0198D7
:1045800090ED031AB4EE410AF1EE10FA04DAFFE7F7
:104590000198806802903AE09DED000AB0EEC00AF2
:1045A000019890ED011AB4EE410AF1EE10FA04DA26
:1045B000FFE701990868886025E09DED000AB5EEE7
:1045C000400AF1EE10FA0ADAFFE7019890ED011ABD
:1045D00090ED020A30EE010A80ED020A12E09DED34
:1045E000000AB5EE400AF1EE10FA0ADDFFE7019885
:1045F00090ED011A90ED020A30EE410A80ED020AB8
:10460000FFE7FFE7FFE7019880680290FFE79DED75
:10461000020A03B07047000082B001908DED000ADD
:1046200000980199086002B0704700000000000087
:1046300044F2F470C2F201400021C4F25001C0F80B
:10464000A81090ED2A0AB6EE001AB4EE410AF1EE77
:1046500010FA09DCFFE744F2F471C2F201414FF0B5
:104660007C50C1F8A800FFE744F2F470C2F20140A8
:1046700090F84801012823D1FFE744F2F470C2F218
:1046800001404FF69A11C4F20651C0F8A01090ED07
:10469000280AB5EE400AF1EE10FA08DCFFE744F212
:1046A000F471C2F201410020C1F8A000FFE744F21A
:1046B000F471C2F20141D1F8A000C1F8A4000CE0ED
:1046C00044F2F471C2F201414EF20000C4F2AB5068
:1046D000C1F8A000C1F8A400FFE770470000000087
:1046E00080B582B00190FEF7A3FAFFE701200EF03B
:1046F000CFFEFBE70000000080B582B04FF0500015
:1047000080F31188BFF36F8FBFF34F8F009010F0CD
:1047100043FB40B1FFE74EF60451CEF200014FF0EB
:1047200080500860FFE700200190019880F3118815
:1047300002B080BD0000000080B59EB00BA84C21E7
:10474000ECF72CF8002001900A900990089007904F
:1047500006900590049003900220F5F7DDFAFFE73C
:104760000020029044F61800C5F60200016821F40A
:1047700040410160006800F4404002900298FFE769
:10478000FFE744F61800C5F60200006800F4005088
:10479000B0F5005F01D0FFE7F3E721200B904FF465
:1047A00080300C90012111910220149015901690E8
:1047B000282217921891042119911A900C201B900D
:1047C00000201C901D900BA8F7F70EFA18B1FFE718
:1047D000EEF712FBFFE73F20039003210491002036
:1047E0000590082006904020079008904FF48062C2
:1047F00009920A9003A8F6F793FD18B1FFE7EEF7C8
:10480000FBFAFFE71EB080BD4EF68851CEF20001E4
:10481000086840F47000086042F20000C5F2002011
:10482000006800F00F0006280AD8FFE742F20001F6
:10483000C5F200210868072262F303000860FFE761
:1048400044F20041C5F60201086840F0010008602A
:1048500044F21042C5F602020020106008684EF6CD
:104860007F52CEF6F6221040086042F20000C5F2F8
:104870000020006800F00F0008280AD3FFE742F28A
:104880000001C5F200210868072262F303000860F6
:10489000FFE744F21841C5F602010020086044F227
:1048A0001C41C5F60201086044F22041C5F6020130
:1048B000086044F22842C5F6020240F20021C0F22C
:1048C0000221116044F22C42C5F602020021C0F21E
:1048D000FF11116044F23042C5F6020240F280211D
:1048E000C0F20111116044F23442C5F602021060B8
:1048F00044F23842C5F60202116044F23C42C5F669
:104900000202106044F24042C5F60202116044F215
:104910004441C5F60201086044F20042C5F60202B5
:10492000116821F48021116044F26041C5F6020152
:10493000086044F2D440C5F602000068C0040028B4
:1049400014D4FFE744F2D441C5F60201086840F4EC
:104950008050086044F20002C5F2002243F2D20007
:104960001060086820F480500860FFE7704700007E
:1049700080B540F2A830C2F20000F9F731F980BDED
:1049800080B545F61430C2F20140F9F729F980BD2F
:1049900083B0029001910298006800900298002173
:1049A000C4F20101884225D0FFE70298B0F1804FA0
:1049B00020D0FFE7029840F20041C4F20001884293
:1049C00018D0FFE7029840F60001C4F200018842C7
:1049D00010D0FFE7029840F60041C4F2000188427F
:1049E00008D0FFE7029840F20041C4F2010188427A
:1049F0000AD1FFE7009820F070000090019841680C
:104A0000009808430090FFE702980021C4F20101DA
:104A100088424DD0FFE70298B0F1804F48D0FFE7C1
:104A2000029840F20041C4F20001884240D0FFE702
:104A3000029840F60001C4F20001884238D0FFE736
:104A4000029840F60041C4F20001884230D0FFE7EE
:104A5000029840F20041C4F20101884228D0FFE7E9
:104A6000029844F20001C4F20101884220D0FFE71D
:104A7000029844F20041C4F20101884218D0FFE7D5
:104A8000029844F60001C4F20101884210D0FFE709
:104A900002984EF20001C4F20001884208D0FFE7FC
:104AA00002984EF20041C4F2000188420AD1FFE7A9
:104AB000009820F4407000900198C1680098084365
:104AC0000090FFE7009820F08000019949690843B1
:104AD0000090019880680299C86201980068029964
:104AE000886202980021C4F20101884220D0FFE7C9
:104AF000029840F20041C4F20101884218D0FFE759
:104B0000029844F20001C4F20101884210D0FFE78C
:104B1000029844F20041C4F20101884208D0FFE744
:104B2000029844F60001C4F20101884205D1FFE772
:104B30000198006902990863FFE70299086840F04C
:104B400004000860029901204861009802990860F9
:104B500003B070470000000084B0039002910192FE
:104B6000029800F01F01012088400090009A0399EC
:104B7000086A904308620198029901F01F0100FA47
:104B800001F20399086A1043086204B070470000FC
:104B900080B582B001900198806B009001980099D7
:104BA000496A88420DD1FFE70099012008770198F2
:104BB000C06928B9FFE70099012081F83E00FFE7AE
:104BC0003CE001980099896A88420DD1FFE700997D
:104BD000022008770198C06928B9FFE700990120F1
:104BE00081F83F00FFE728E001980099C96A8842F0
:104BF0000DD1FFE70099042008770198C06928B912
:104C0000FFE70099012081F84000FFE714E00198D8
:104C10000099096B88420DD1FFE7009908200877B9
:104C20000198C06928B9FFE70099012081F8410087
:104C3000FFE700E0FFE7FFE7FFE7FFE70098F9F78E
:104C4000AFFA00990020087702B080BD0000000094
:104C500080B582B001900198806B00900198009916
:104C6000496A884204D1FFE700990120087721E0D2
:104C700001980099896A884204D1FFE700990220CF
:104C8000087716E001980099C96A884204D1FFE7C5
:104C90000099042008770BE001980099096B88427D
:104CA00004D1FFE700990820087700E0FFE7FFE75D
:104CB000FFE7FFE70098F9F78FFA009900200877DF
:104CC00002B080BD0000000080B582B00190019864
:104CD000806B009001980099496A884207D1FFE7EC
:104CE000009901200877009981F83E0031E0019891
:104CF0000099896A884208D1FFE700990220087765
:104D00000099012081F83F0022E001980099C96ACA
:104D1000884208D1FFE70099042008770099012014
:104D200081F8400013E001980099096B884208D18E
:104D3000FFE70099082008770099012081F84100D9
:104D400004E00099012081F83D00FFE7FFE7FFE75D
:104D5000FFE70098F8F73CFF00990020087702B0C1
:104D600080BD00000000000085B004900391029215
:104D70000193049880680090009820F47F40009090
:104D800003980299019A41EA0221014300980843DD
:104D9000009000980499886005B0704700000000FA
:104DA00083B00290019102988068009000984FF6BD
:104DB0008F71CFF6CF710840009001980099084399
:104DC00040F00700009000980299886003B0704797
:104DD00085B0049003910498006A01900499086AD0
:104DE00020F00100086204984068009004988069EF
:104DF000029002984FF68F71CFF6FE710840029034
:104E0000029820F00300029003980168029808437A
:104E10000290019820F002000190039881680198A7
:104E20000843019004980021C4F20101884220D077
:104E3000FFE7049840F20041C4F20101884218D013
:104E4000FFE7049844F20001C4F20101884210D047
:104E5000FFE7049844F20041C4F20101884208D0FF
:104E6000FFE7049844F60001C4F2010188420ED124
:104E7000FFE7019820F0080001900398C1680198AD
:104E800008430190019820F004000190FFE7049886
:104E90000021C4F20101884220D0FFE7049840F2CB
:104EA0000041C4F20101884218D0FFE7049844F29F
:104EB0000001C4F20101884210D0FFE7049844F2D7
:104EC0000041C4F20101884208D0FFE7049844F68B
:104ED0000001C4F20101884213D1FFE7009820F4D9
:104EE00080700090009820F4007000900398416951
:104EF0000098084300900398816900980843009047
:104F0000FFE7009804994860029804998861039823
:104F100040680499486301980499086205B0704795
:104F200085B0049003910498006A01900499086A7E
:104F300020F010000862049840680090049880698E
:104F40000290029848F6FF71CFF6FF610840029088
:104F5000029820F44070029003980168029840EA99
:104F600001200290019820F02000019003988168B0
:104F7000019840EA0110019004980021C4F2010157
:104F8000884229D0FFE7049840F20041C4F20101B1
:104F9000884221D0FFE7049844F20001C4F20101E5
:104FA000884203D1FFE70020B0B9FFE7049844F23C
:104FB0000041C4F20101884203D1FFE7002058B943
:104FC000FFE7049844F60001C4F20101884212D1BF
:104FD000FFE7012078B9FFE7019820F080000190F9
:104FE0000398C168019840EA01100190019820F0EF
:104FF00040000190FFE704980021C4F201018842BB
:1050000020D0FFE7049840F20041C4F20101884239
:1050100018D0FFE7049844F20001C4F2010188426D
:1050200010D0FFE7049844F20041C4F20101884225
:1050300008D0FFE7049844F60001C4F20101884259
:1050400015D1FFE7009820F480600090009820F4CC
:105050000060009003984169009840EA8100009048
:1050600003988169009840EA81000090FFE700986A
:1050700004994860029804998861039840680499EB
:10508000886301980499086205B070470000000029
:1050900085B0049003910498006A01900499086A0D
:1050A00020F4807008620498406800900498C069F9
:1050B000029002984FF68F71CFF6FE710840029071
:1050C000029820F0030002900398016802980843B8
:1050D0000290019820F40070019003988168019873
:1050E00040EA0120019004980021C4F201018842A5
:1050F00029D0FFE7049840F20041C4F20101884240
:1051000021D0FFE7049844F20001C4F20101884273
:1051100003D1FFE70020B0B9FFE7049844F2004153
:10512000C4F20101884203D1FFE7002058B9FFE72C
:10513000049844F60001C4F20101884212D1FFE74D
:10514000012078B9FFE7019820F4006001900398EE
:10515000C168019840EA01200190019820F4806024
:105160000190FFE704980021C4F20101884220D099
:10517000FFE7049840F20041C4F20101884218D0D0
:10518000FFE7049844F20001C4F20101884210D004
:10519000FFE7049844F20041C4F20101884208D0BC
:1051A000FFE7049844F60001C4F20101884215D1DA
:1051B000FFE7009820F480500090009820F4005001
:1051C000009003984169009840EA0110009003980C
:1051D0008169009840EA01100090FFE70098049967
:1051E000486002980499C861039840680499C863AC
:1051F00001980499086205B07047000000000000A3
:1052000085B0049003910498006A01900499086A9B
:1052100020F4805008620498406800900498C069A7
:105220000290029848F6FF71CFF6FF6108400290A5
:10523000029820F44070029003980168029840EAB6
:1052400001200290019820F4005001900398816899
:10525000019840EA0130019004980021C4F2010154
:10526000884220D0FFE7049840F20041C4F20101D7
:10527000884218D0FFE7049844F20001C4F201010B
:10528000884210D0FFE7049844F20041C4F20101C3
:10529000884208D0FFE7049844F60001C4F20101F7
:1052A00088420BD1FFE7009820F4804000900398DB
:1052B0004169009840EA81100090FFE70098049946
:1052C000486002980499C86103984068049908648A
:1052D00001980499086205B07047000000000000C2
:1052E00085B0049003910498006A01900499086ABB
:1052F00020F4803008620498406800900498406D63
:10530000029002984FF68F71CFF6FE71084002901E
:1053100003980168029808430290019820F4003035
:10532000019003988168019840EA01400190049837
:105330000021C4F20101884220D0FFE7049840F226
:105340000041C4F20101884218D0FFE7049844F2FA
:105350000001C4F20101884210D0FFE7049844F232
:105360000041C4F20101884208D0FFE7049844F6E6
:105370000001C4F2010188420BD1FFE7009820F43C
:105380008030009003984169009840EA0120009025
:10539000FFE70098049948600298049948650398CB
:1053A00040680499886501980499086205B07047BF
:1053B00085B0049003910498006A01900499086AEA
:1053C00020F4801008620498406800900498406DB2
:1053D0000290029848F6FF71CFF6FF6108400290F4
:1053E00003980168029840EA01200290019820F495
:1053F0000010019003988168019840EA01500190E3
:1054000004980021C4F20101884220D0FFE70498EB
:1054100040F20041C4F20101884218D0FFE704982D
:1054200044F20001C4F20101884210D0FFE7049861
:1054300044F20041C4F20101884208D0FFE7049819
:1054400044F60001C4F2010188420BD1FFE7009845
:1054500020F48020009003984169009840EA812060
:105460000090FFE700980499486002980499486505
:10547000039840680499C86501980499086205B0CA
:10548000704700000000000085B004900391029274
:105490000498006A00900499086A20F001000862EC
:1054A000049880690190019820F0F0000190029921
:1054B000019840EA01100190009820F00A00009045
:1054C0000399009808430090019804998861009816
:1054D0000499086205B0704785B004900391029268
:1054E0000498006A00900499086A20F0100008628D
:1054F000049880690190019820F47040019002990D
:10550000019840EA01300190009820F0A00000903E
:105510000399009840EA011000900198049988616D
:1055200000980499086205B0704700000000000070
:1055300080B586B045F6E040C2F201400290B0F975
:10554000CE10B0F9D62000EE102AB8EEC00A01EE57
:10555000101AF8EEC10AE430FEF7A6F90298B0F985
:105560009211B0F99A2100EE102AB8EEC00A01EEAD
:10557000101AF8EEC10A00F5D470FEF795F90298FA
:105580000830FDF7C9FB029890ED050A90ED061A68
:10559000B8EEC00AF8EEC10AB0F90A1001EE101A0E
:1055A000B8EEC11A4830FEF723F944F63820C2F2AB
:1055B00001400390D0ED750A90ED842A45F26840D1
:1055C000C2F20140049001219FED1E1AF7EE081A65
:1055D000B0EE410A0DF0D0FE029890ED320A90ED47
:1055E000402A90ED711ABDEEC22A12EE102ABDEECD
:1055F000C11A11EE103ABDEEC00A10EE100A69464B
:105600004FF0000CCDF814C0C1F804C0086045F29A
:10561000C830C2F201404FF4007106F029F9039935
:105620000498059B91ED510ABDEEC00A10EE102AB8
:1056300069464B600B6040F2FF1106F019F906B0A5
:1056400080BD00BF0000000080B5BEB09FEDED0A38
:10565000DFEDED0AFDF748FB44F2F470C2F20140C1
:10566000269080ED4F0A44F63821C2F20141D1F86C
:105670005812C0F8441190ED4F1A90ED510A30EED7
:10568000410A80ED4D0AECF7F3F9269890F84C01A9
:10569000012840F09C80FFE740F26470C2F20000F5
:1056A00090ED000AB7EE081A8DED1C1A20EE010AE3
:1056B00044F2F470C2F201402590BC302190FEF714
:1056C000ABFF9DED1C1A25984EF61451C2F2024113
:1056D00091ED000A20EE010ACC302290FEF79CFFEB
:1056E000259890ED4D0A9FEDC91A8DED1D1A20EEFB
:1056F000410A9FEDC71A8DED1E1A80EE010AB7EE22
:10570000C00A10F0A5F89DED1D2A9DED1E1A2598E2
:10571000B7EEC00B8DED3D0A90ED4D0A20EE420A2A
:1057200080EE010AB7EEC00A0FF05AFF2198B7EEDB
:10573000C00B8DED3C0AFEF7F7FE22988DED200A96
:105740009DED3C0A8DED1F0AFEF7EEFE9DED1F2A32
:105750009DED201A219825999DED3D3A20EE030AF2
:1057600091EE420A81ED250AFEF7DEFE22988DEDCC
:10577000240A9DED3D0A8DED230AFEF7D5FE9DED31
:10578000232A9DED241A25989DED3C3A20EE030A2C
:10579000A1EE420A80ED260AECF7E2F940F2D06071
:1057A000C2F2000090F8510040B9FFE744F2F471F2
:1057B000C2F20141002081F8480107E044F2F4718F
:1057C000C2F20141012081F84801FFE790E040F278
:1057D0001860C2F200001190B0F9040000EE100A47
:1057E000B8EEC00A44F2F470C2F201401B9090ED92
:1057F000281A20EE410A9FED871A8DED121A80EECD
:10580000010ABC301790FEF707FF11999DED121A9F
:105810001B98B1F9061000EE101AB8EEC00A90ED10
:10582000292A20EE020A80EE010ACC301890FEF7F9
:10583000F3FE1B9890ED4D0A9FED741A8DED131A2F
:1058400020EE410A9FED721A8DED141A80EE010AC6
:10585000B7EEC00A0FF0FCFF9DED132A9DED141A60
:105860001B98B7EEC00B8DED3B0A90ED4D0A20EE74
:10587000420A80EE010AB7EEC00A0FF0B1FE179897
:10588000B7EEC00B8DED3A0AFEF74EFE18988DED7F
:10589000160A9DED3A0A8DED150AFEF745FE9DEDBF
:1058A000152A9DED161A17981B999DED3B3A20EE8F
:1058B000030A91EE420A81ED250AFEF735FE18989B
:1058C0008DED1A0A9DED3B0A8DED190AFEF72CFEAF
:1058D0009DED192A9DED1A1A1B989DED3A3A20EE7E
:1058E000030AA1EE420A80ED260AECF739F9FFE738
:1058F00044F2F470C2F2014090F84801002840F0F0
:105900006081FFE744F2F470C2F201401090FC3075
:105910009FED3D0A8DED0F0AFEF77EFEDDED0F0ACD
:10592000109890ED4D0AFDF7DFF9109880ED4D0AC3
:1059300090F84C0100287CD1FFE744F2F471C2F2E8
:1059400001410E9101F5867091ED4D0AF1EE400A8C
:105950009FED2D0AFDF7A8FF0E9890ED411A90EDEE
:105960004A0A30EE010A80ED270A90ED270A90EDF1
:105970002A1AB1EE411AB4EE410AF1EE10FA0BDC2C
:10598000FFE744F2F470C2F2014090ED2A0AB1EE52
:10599000400A8DED0D0A24E044F2F470C2F2014099
:1059A00090ED270A90ED2A1AB4EE410AF1EE10FAB2
:1059B00009DBFFE744F2F470C2F2014090ED2A0ADD
:1059C0008DED0C0A08E044F2F470C2F2014090ED53
:1059D000270A8DED0C0AFFE79DED0C0A8DED0D0AEF
:1059E000FFE79DED0D0A44F2F470C2F2014080ED34
:1059F000270A90F84C01012812D0FFE7EDF7DCFFF1
:105A0000B0B10DE00000AAC200000000DB0F494069
:105A10000000344300002544CDCC4C3DF4FDB43FA0
:105A200044F2F471C2F201410020C1F89C00FFE78A
:105A3000C6E040F2D060C2F2000090F854000128A5
:105A40006DD1FFE744F2F470C2F201400B9000F513
:105A500086710A9190ED4E0AB1EE400A8DED390A39
:105A600090ED4D0AB1EE400ADDED390AFDF73CF943
:105A70000A988DED380A9DED390ADDED380AFDF7FB
:105A800013FF0B9890ED411A90ED4A0A30EE010A8F
:105A900080ED270A90ED270A90ED2A1AB1EE411AFF
:105AA000B4EE410AF1EE10FA0BDCFFE744F2F470B9
:105AB000C2F2014090ED2A0AB1EE400A8DED090ACA
:105AC00024E044F2F470C2F2014090ED270A90ED18
:105AD0002A1AB4EE410AF1EE10FA09DBFFE744F2AC
:105AE000F470C2F2014090ED2A0A8DED080A08E038
:105AF00044F2F470C2F2014090ED270A8DED080ADD
:105B0000FFE79DED080A8DED090AFFE79DED090A03
:105B100044F2F470C2F2014080ED270A4FE040F2F7
:105B20006070C2F20000016844F2F470C2F20140F9
:105B3000C0F89C1090ED270A90ED2A1AB1EE411A98
:105B4000B4EE410AF1EE10FA0BDCFFE744F2F47018
:105B5000C2F2014090ED2A0AB1EE400A8DED070A2B
:105B600024E044F2F470C2F2014090ED270A90ED77
:105B70002A1AB4EE410AF1EE10FA09DBFFE744F20B
:105B8000F470C2F2014090ED2A0A8DED060A08E099
:105B900044F2F470C2F2014090ED270A8DED060A3E
:105BA000FFE79DED060A8DED070AFFE79DED070A69
:105BB00044F2F470C2F2014080ED270AFFE7FFE7EC
:105BC00069E044F2F470C2F2014090F84801012803
:105BD00060D1FFE744F2F470C2F20140D0F8041142
:105BE000C0F89C1090F84C01002841D1FFE744F226
:105BF000F470C2F201400490BC30FEF795FC0498AA
:105C0000B0EEC00A90ED281A80EE010A8DED050A6B
:105C1000CC30FEF789FC0498B0EE401A9DED050AE1
:105C2000B0EEC11A90ED292A81EE021A30EE010A77
:105C30001FED871AB4EE410AF1EE10FA06DDFFE718
:105C400049F69A10C3F61970379003E04FF07E5072
:105C50003790FFE744F2F470C2F2014090ED2A0A57
:105C60009DED371A20EE010AFC30FEF7D5FC03E06B
:105C70004FF07C503790FFE744F2F470C2F20140DD
:105C800090ED2A0A9DED371A20EE010AFC30FEF74E
:105C9000C3FCFFE7FFE700208DF8DB00FFE79DF87E
:105CA000DB00032822DCFFE79DF8DB1044F2F470F0
:105CB000C2F201401430039000EB411090ED001A45
:105CC00090ED020A30EE410A5FEDB10AFDF70CF8E3
:105CD00003989DF8DB1000EB411080ED010AFFE70F
:105CE0009DF8DB0001308DF8DB00D8E744F2F4705A
:105CF000C2F20140019090ED000A90ED012A90ED72
:105D0000031A90ED043A30EE020A1FEDBC2A8DED25
:105D1000022A20EE020AB5EE004A20EE040AB7EE8F
:105D2000C00AB7EEC33A90ED415AB7EEC55AB0EE8D
:105D3000C55B23EE056B90ED2A3AB7EEC33A86EECB
:105D4000036B30EE460BB7EEC11A21EE051B81EE58
:105D5000031B30EE010BB7EEC00B8DED320A90ED58
:105D6000000A90ED015A90ED031A90ED043A30EEDE
:105D7000050A20EE020A20EE040AB7EEC00AB7EECA
:105D8000C33A90ED415AB7EEC55AB0EEC55B23EE6B
:105D9000056B90ED2A3AB7EEC33A86EE036B30EE10
:105DA000460BB7EEC11A21EE051B81EE031B30EE48
:105DB000410BB7EEC00B8DED330A90ED000A90ED6C
:105DC000015A90ED031A90ED043A30EE050A20EEE8
:105DD000020A20EE040AB7EEC00AB7EEC33A90ED0D
:105DE000415AB7EEC55AB0EEC55B23EE056B90ED98
:105DF0002A3AB7EEC33A86EE036B30EE060BB7EEE7
:105E0000C11A21EE051B81EE031B30EE010BB7EE2C
:105E1000C00B8DED340A90ED000A90ED015A90ED23
:105E2000031A90ED043A30EE050A20EE020A20EE45
:105E3000040AB7EEC00AB7EEC33A90ED414AB7EE96
:105E4000C44AB0EEC44B23EE045B90ED2A3AB7EEA1
:105E5000C33A85EE035B30EE050BB7EEC11A21EEB7
:105E6000041B81EE031B30EE410BB7EEC00B8DED32
:105E7000350A90ED250A90ED271A9DED333A21EE73
:105E8000031A81EE021A30EE010A8DED2E0A90ED12
:105E9000260A90ED271A9DED333A21EE031A81EE82
:105EA000021A30EE010A8DED2A0A90ED250A90EDD6
:105EB000271A9DED343A21EE031A81EE021A30EED4
:105EC000010A8DED2F0A90ED260A90ED271A9DED1F
:105ED000343A21EE031A81EE021A30EE410A8DEDBA
:105EE0002B0A90ED250A90ED271A9DED323A21EE0E
:105EF000031A81EE021A30EE410A8DED300A90ED60
:105F0000260A90ED271A9DED323A21EE031A81EE12
:105F1000021A30EE010A8DED2C0A90ED250A90ED63
:105F2000271A9DED353A21EE031A81EE021A30EE62
:105F3000410A8DED310A90ED260A90ED271A9DED6C
:105F4000353A21EE031A81EE021A30EE410A8DED48
:105F50002D0A00208DF8A700FFE79DF8A700032871
:105F600000F3CD80FFE79DF8A7102EA800EB81007D
:105F700090ED000A2AA800EB8100D0ED000A0FF096
:105F800087FB9FED621A20EE010A44F2F470C2F220
:105F9000014090ED021A9FED5E2A21EE021A80EE7A
:105FA000010A9FED5C1A20EE010ABDEEC00A8DEDDC
:105FB000270A2798D8B1FFE79DF8A7102AA800EB79
:105FC000810090ED000AB1EE400A2EA800EB81009E
:105FD000D0ED000A0FF0ACF99FED4A1A80EE010AED
:105FE0009FED491A20EE010A8DED280A09E09DF87F
:105FF000A71046F2AC50C0F6020050F821002890DD
:10600000FFE79DED280A9DF8A71044F2F470C2F254
:1060100001401430009000EB4110D0ED010AFCF774
:1060200063FE00988DED280A9DED280A9DF8A710C3
:1060300000EB411090ED011A30EE410A9FED361A47
:10604000B4EE410AF1EE10FA15DBFFE79DED280AE8
:106050009FED341A30EE010A8DED280A9DED270AD6
:10606000B8EEC01A9FED2E0A30EE410ABDEEC00A0E
:106070008DED270A2BE09DED280A9DF8A71044F22C
:10608000F470C2F2014000EB411090ED061A30EEC0
:10609000410A9FED221AB4EE410AF1EE10FA15DA28
:1060A000FFE79DED280A9FED181A30EE010A8DEDED
:1060B000280A9DED270AB8EEC01A9FED190A30EEA6
:1060C000410ABDEEC00A8DED270AFFE7FFE72898D9
:1060D0009DF8A72044F2F471C2F20141143101EBA2
:1060E0004212506127989DF8A72001EB4211886168
:1060F000FFE79DF8A70001308DF8A7002DE73EB01F
:1061000080BD00BFDB0F49400000344300007042F7
:10611000DB0FC9403C3C7CC10000B4420000B4C26B
:1061200000000080000034C380B544F63820C2F27D
:10613000014090F8D82345F26840C2F201400121A5
:10614000FCF702FE80BD000080B582B0F2F7B0FA25
:10615000019000208DF80300FFE79DF803000B2855
:1061600000F38580FFE701989DF8031001EB8102A1
:1061700044F64811C2F2014101EB82035B68C01A88
:1061800051F8221088422CD9FFE79DF8030000EB5C
:10619000800144F64810C2F2014000EB8100C06863
:1061A00028B9FFE79DF80300ECF762FD0CE09DF8CD
:1061B000030000EB800144F64810C2F2014000EBFE
:1061C0008100C0688047FFE79DF8030000EB800175
:1061D00044F64810C2F2014000EB81010120087230
:1061E0003EE001989DF8031001EB810244F648114E
:1061F000C2F2014101EB82035B68C01A51F8221020
:1062000088422CD8FFE79DF8030000EB800144F69C
:106210004810C2F2014000EB8100006928B9FFE795
:106220009DF80300ECF75CFD0CE09DF8030000EB2B
:10623000800144F64810C2F2014000EB8100006981
:106240008047FFE79DF8030000EB800144F648100B
:10625000C2F2014000EB810100200872FFE7FFE776
:10626000FFE79DF8030001308DF8030075E702B0E9
:1062700080BD00000000000080B584B044F2F470DE
:10628000C2F2014090F84C01A8B9FFE7EDF794FB8A
:1062900058B1FFE74EF60450C2F202400078C00742
:1062A00018B1FFE7EDF7D8FA02E0EDF7FDF8FFE7E8
:1062B000FEF7F2F832E044F2F470C2F2014090F8D6
:1062C0004C01012829D1FFE740F21860C2F200001A
:1062D000407A01281DD1FFE74EF60450C2F2024079
:1062E0000078C00750B1FFE745F6E041C2F2014136
:1062F000012081F85402EDF7AFFA09E045F6E041DC
:10630000C2F20141002081F85402EDF759F9FFE78C
:1063100002E0EDF7C9F8FFE7FFE7FFE744F2F470AA
:10632000C2F2014090F8480101280DD1FFE744F680
:106330003821C2F2014148F20000C4F2BB500866A5
:106340004FF07C50C8640DE044F63821C2F20141A0
:106350000020C4F27A4008664CF6CD40C3F6CC501B
:10636000C864FFE7EDF7DCF944F63820C2F20140DB
:106370000290D0ED2C0A90ED2E1A90ED2F0AC43029
:10638000EBF74AFC0298D0ED030A90ED060A48307C
:10639000FDF78AFA029890ED190AB1EE400A9FEDD6
:1063A000191A8DED011A80EE010A80ED190AD0ED5F
:1063B000530A90ED560A00F5DC70FDF775FA9DED75
:1063C000012A029890ED530A90ED841A81EE021A88
:1063D0008DED031A9FED0C1A20EE010A9FED0B1AAA
:1063E00080EE010A0CF0D4F90298B0EE401A9DED4F
:1063F000030A9FED072A91EE420A80ED840A04B059
:1064000080BD00BF00007A44DB0F494000003443E8
:1064100056E76D3F0000000080B588B040F218607C
:10642000C2F20000807A022847D1FFE745F26840B7
:10643000C2F20140049001210791002206920CF063
:106440004BFE0A200390F0F7EBFB069B6846436087
:10645000036045F2C830C2F20140029040F2FF11E1
:1064600005911A4605F004FA0398F0F7D9FB029853
:10647000069B69464B600B604FF400711A4605F0AD
:10648000F7F90398F0F7CCFB04980599069B6A4648
:10649000536013601A4605F0EBF9079840F2EC01DF
:1064A000C2F200010870EAF73BFD40F24450C2F22C
:1064B000004000680DF060F8FFE708B080BD000004
:1064C00080B588B040F60040C2F20040D0F8190014
:1064D00000EE100AB2EE041AB4EE410AF1EE10FA20
:1064E0000DDDFFE740F60040C2F20040D0F8190091
:1064F00045F6E041C2F20141C1F85C02FFE745F612
:10650000E040C2F2014090ED970A90ED991AB4EE86
:10651000410AF1EE10FA5BD0FFE745F6E040C2F227
:10652000014090ED970A9FEDB71AB4EE410AF1EEE3
:1065300010FA21DDFFE740F2ED00C2F20000017821
:10654000013101700078022815DBFFE740F2ED0110
:10655000C2F200010020087045F6E042C2F201429A
:10656000B2F856123C39A2F8561240F2DC71C2F26F
:1065700000410870FFE72AE045F6E040C2F2014022
:1065800090ED970A9FEDA01AB4EE410AF1EE10FAD1
:106590001CDAFFE740F2DC70C2F200400178013102
:1065A00001700078042810DBFFE740F2DC71C2F2D2
:1065B00000410020087045F6E041C2F20141B1F807
:1065C00056023230A1F85602FFE7FFE7FFE7FFE788
:1065D00045F6E040C2F20140D0F85C12C0F8641207
:1065E00090F85402C00770B1FFE745F6E041C2F2EF
:1065F0000141B1F856024042A1F8D600B1F8560266
:10660000A1F89A0109E045F6E041C2F201410020FB
:10661000A1F8D600A1F89A01FFE745F6E040C2F2E2
:10662000014041698069401A03900028049002D516
:10663000039840420490049841F21211884221DBF1
:10664000FFE745F6E040C2F201400079022819D088
:10665000FFE745F6E040C2F20140B0F86A120131AE
:10666000A0F86A12B0F86A0265280ADBFFE745F66F
:10667000E041C2F201410020A1F86A020220087143
:10668000FFE707E045F6E041C2F201410020A1F832
:106690006A02FFE7F9F728FC45F6E040C2F2014044
:1066A000007901460291012808D0FFE702980228EC
:1066B0007AD0FFE7029803283CD09FE045F6E040FF
:1066C000C2F2014090F85402C00758B3FFE7FAF74E
:1066D0004FFE20B1FFE7F9F707FC18B3FFE745F6D7
:1066E000E041C2F2014148698969401A40F65B7194
:1066F000884216DCFFE745F6E041C2F201414869F5
:1067000044F2454210444861002008710868013095
:10671000086040F26060C2F2000000680CF0B8FE51
:10672000FFE706E045F6E041C2F2014100200871B2
:10673000FFE764E045F6E040C2F2014090F8540201
:10674000C00748B3FFE7FAF713FE20B1FFE7F9F7F8
:10675000CBFB08B3FFE745F6E041C2F201414869CF
:106760008969401A40F65B71884214DCFFE745F600
:10677000E041C2F20141486948F68A02104448618A
:1067800008680130086040F26060C2F200000068F2
:106790000CF07EFEFFE706E045F6E041C2F2014163
:1067A00000200871FFE72AE040F27771ADF814107D
:1067B0009620ADF81600ADF81810ADF81A00ADF837
:1067C0001C10ADF81E0005A80321EAF7ADFE45F642
:1067D000E041C2F20141019148694CF6CF42801A72
:1067E00048614FF4FA700CF053FE0199486944F285
:1067F0004542104448610020087100E0FFE708B0FE
:1068000080BD00BF0000B4410000AC4100000000AA
:1068100080B540F2D440C2F20000F8F70DFC80BD14
:1068200082B001900198406E40B9FFE701990120C4
:10683000A1F86A000199A1F8680032E010208DF8F3
:1068400003008DF80200019800688068C0F3426080
:106850008DF80100019800688068400F8DF80000F5
:106860009DF802009DF8002046F2C453C0F60203D2
:10687000995C484346F2BC51C0F602018A5CB0FB09
:10688000F2F0019AA2F86A009DF803009DF8012039
:106890009B5C5843895CB0FBF1F00199A1F868005A
:1068A000FFE702B07047000081B00090009890F8B8
:1068B0002800000700280BD5FFE700980068406813
:1068C00020F40040009A1168926B10434860FFE783
:1068D000009890F82800C00758B1FFE700980068BA
:1068E000406820F40030009A1168D26A1043486072
:1068F000FFE7009890F82800800700280BD5FFE7F5
:1069000000980068406820F48030009A1168126B8B
:1069100010434860FFE7009890F8280040070028DF
:106920000BD5FFE700980068406820F48020009AAB
:106930001168526B10434860FFE7009890F82800F8
:10694000C00600280BD5FFE700980068806820F497
:106950008050009A1168D26B10438860FFE700985E
:1069600090F82800800600280BD5FFE70098006803
:10697000806820F40050009A1168126C10438860FF
:10698000FFE7009890F82800400600281CD5FFE794
:1069900000980068406820F48010009A1168526CDA
:1069A000104348600098406CB0F5801F0BD1FFE7A2
:1069B00000980068406820F4C000009A1168926C4A
:1069C00010434860FFE7FFE7009890F828000006B2
:1069D00000280BD5FFE700980068406820F40020ED
:1069E000009A1168D26C10434860FFE701B070470D
:1069F00080B588B0069006990020C1F89000F1F7A4
:106A000057FE0590069800680068000700282FD5FB
:106A1000FFE70698059B6A466FF07E4111604FF4D0
:106A20000011002201F020F808B3FFE7FFE7FFE7BD
:106A30000698006850E8000F20F080000490FFE7FF
:106A400004990698026842E800100028F0D1FFE798
:106A5000FFE706992020C1F88800FFE7069900208B
:106A600081F88400FFE703208DF81F005FE0FFE757
:106A70000698006800684007002842D5FFE706989E
:106A8000059B6A466FF07E4111604FF48001002241
:106A900000F0EAFFA0B3FFE7FFE7FFE70698006812
:106AA00050E8000F20F490700390FFE703990698D8
:106AB000026842E800100028F0D1FFE7FFE7FFE797
:106AC000FFE70698006850E8020F20F001000290EE
:106AD000FFE702990698026842E802100028F0D108
:106AE000FFE7FFE706992020C1F88C00FFE7069931
:106AF000002081F88400FFE703208DF81F0016E0D6
:106B0000FFE706992020C1F888000699C1F88C009B
:106B100006990020C86606990867FFE706990020D5
:106B200081F88400FFE700208DF81F00FFE79DF843
:106B30001F0008B080BD000080B582B001900198B0
:106B4000806B009000990020A1F85E000098F8F793
:106B50006FFA02B080BD000080B584B00390039846
:106B6000806B02900298D0F8880001900298D0F8CB
:106B70008C000090029800688068000600280CD500
:106B8000FFE70198212808D1FFE702990020A1F82A
:106B90005600029800F078F9FFE7029800688068D4
:106BA000400600280CD5FFE70098222808D1FFE70F
:106BB00002990020A1F85E00029800F0F1F8FFE7CA
:106BC0000299D1F8900040F01000C1F890000298AE
:106BD000F8F72EFA04B080BD80B586B00590059810
:106BE000806B04900598C069B0F5807F5BD0FFE7AB
:106BF00004990020A1F85E00FFE7FFE70498006811
:106C000050E8000F20F480700390FFE70399049888
:106C1000026842E800100028F0D1FFE7FFE7FFE735
:106C2000FFE70498006850E8020F20F0010002908E
:106C3000FFE702990498026842E802100028F0D1A8
:106C4000FFE7FFE7FFE7FFE70498006850E8020F5F
:106C500020F040000190FFE701990498026842E8A3
:106C600002100028F0D1FFE7FFE704992020C1F8C7
:106C70008C000498C06E012814D1FFE7FFE7FFE7FE
:106C80000498006850E8000F20F010000090FFE723
:106C900000990498026842E800100028F0D1FFE74C
:106CA000FFE7FFE7FFE70499002008670498C06E3C
:106CB000012806D1FFE70498B0F85C10F8F70CF84B
:106CC00003E00498F8F7B0FFFFE706B080BD0000CE
:106CD00080B582B001900198806B009000990120EE
:106CE00008670098C06E012807D1FFE70098B0F848
:106CF0005C104908F7F7F0FF03E00098F8F798FFF9
:106D0000FFE702B080BD000080B584B00390039817
:106D1000806B02900398C069B0F5807F2BD0FFE7AD
:106D200002990020A1F85600FFE7FFE702980068EB
:106D300050E8020F20F080000190FFE701990298CF
:106D4000026842E802100028F0D1FFE7FFE7FFE702
:106D5000FFE70298006850E8000F40F04000009004
:106D6000FFE700990298026842E800100028F0D17D
:106D7000FFE7FFE703E00298F8F7E2FFFFE704B060
:106D800080BD00000000000080B582B00190019835
:106D9000806B00900098F8F7D7FF02B080BD00002C
:106DA00084B00390FFE7FFE70398006850E8000F06
:106DB00020F490700290FFE702990398026842E87D
:106DC00000100028F0D1FFE7FFE7FFE7FFE7039897
:106DD000006850E8020F4FF6FE71CEF6FF710840D2
:106DE0000190FFE701990398026842E80210002829
:106DF000EDD1FFE7FFE70398C06E012814D1FFE74C
:106E0000FFE7FFE70398006850E8000F20F010004C
:106E10000090FFE700990398026842E800100028FC
:106E2000F0D1FFE7FFE7FFE703992020C1F88C00CE
:106E300003990020C8660399486704B070470000B2
:106E400080B582B00190FFE7FFE70198006850E845
:106E5000000F20F040000090FFE7009901980268C1
:106E600042E800100028F0D1FFE7FFE70199202059
:106E7000C1F888000199002088670198F8F760FF41
:106E800002B080BD0000000083B00290FFE7FFE782
:106E90000298006850E8000F20F0C0000190FFE762
:106EA00001990298026842E800100028F0D1FFE73B
:106EB000FFE7FFE7FFE70298006850E8020F20F4C1
:106EC00000000090FFE700990298026842E8021073
:106ED0000028F0D1FFE7FFE702992020C1F88800E1
:106EE00003B070470000000080B59EB01D900020E8
:106EF0008DF867001D98006840F60041C5F6000156
:106F0000884201D1FFE700E0FFE71D9988680B691F
:106F10004A69C9691843104308431C901D980068CA
:106F2000006846F6F311CCF6FF7108401C9908433F
:106F30001D99096808601D980068406820F4405059
:106F40001D9A1168D268104348601D9880691C9092
:106F50001D98006840F60041C5F60001884206D041
:106F6000FFE71D98016A1C9808431C90FFE71D98D5
:106F7000006880684FF2FF41C1F2FF1108401C9980
:106F800008431D99096888601D980068C06A20F050
:106F90000F001D9A1168526A1043C862FFE71D98DE
:106FA000006841F20001C4F20101884240F04180D2
:106FB000FFE744F25440C5F60200006800F03800D4
:106FC0000146109128282FD81099DFE801F0152DDF
:106FD0002D2D2D2D2D2D192D2D2D2D2D2D2D1D2D05
:106FE0002D2D2D2D2D2D212D2D2D2D2D2D2D252DE5
:106FF0002D2D2D2D2D2D290001208DF86D0017E050
:1070000004208DF86D0013E008208DF86D000FE06E
:1070100010208DF86D000BE020208DF86D0007E04A
:1070200040208DF86D0003E080208DF86D00FFE7B3
:107030006CE21D98006844F20041C4F200018842ED
:107040002ED1FFE744F25440C5F60200006800F07C
:10705000070001460F9105281DD80F99DFE801F0C0
:1070600003070B0F131700208DF86D0017E00420A5
:107070008DF86D0013E008208DF86D000FE01020F2
:107080008DF86D000BE020208DF86D0007E04020AA
:107090008DF86D0003E080208DF86D00FFE734E28D
:1070A0001D98006844F60001C4F2000188422ED108
:1070B000FFE744F25440C5F60200006800F0070004
:1070C00001460E9105281DD80E99DFE801F003074F
:1070D0000B0F131700208DF86D0017E004208DF8BA
:1070E0006D0013E008208DF86D000FE010208DF882
:1070F0006D000BE020208DF86D0007E040208DF83A
:107100006D0003E080208DF86D00FFE7FCE11D9825
:10711000006844F60041C4F2000188422ED1FFE726
:1071200044F25440C5F60200006800F00700014632
:107130000D9105281DD80D99DFE801F003070B0F0D
:10714000131700208DF86D0017E004208DF86D00F6
:1071500013E008208DF86D000FE010208DF86D0011
:107160000BE020208DF86D0007E040208DF86D00C9
:1071700003E080208DF86D00FFE7C4E11D980068F2
:1071800045F20001C4F2000188422ED1FFE744F22B
:107190005440C5F60200006800F0070001460C915B
:1071A00005281DD80C99DFE801F003070B0F131712
:1071B00000208DF86D0017E004208DF86D0013E0BD
:1071C00008208DF86D000FE010208DF86D000BE0A9
:1071D00020208DF86D0007E040208DF86D0003E061
:1071E00080208DF86D00FFE78CE11D98006841F26A
:1071F0000041C4F20101884240F04180FFE744F2BF
:107200005440C5F60200006800F0380001460B91BA
:1072100028282FD80B99DFE801F0152D2D2D2D2DC5
:107220002D2D192D2D2D2D2D2D2D1D2D2D2D2D2DB2
:107230002D2D212D2D2D2D2D2D2D252D2D2D2D2D92
:107240002D2D290001208DF86D0017E004208DF808
:107250006D0013E008208DF86D000FE010208DF810
:107260006D000BE020208DF86D0007E040208DF8C8
:107270006D0003E080208DF86D00FFE741E11D986F
:10728000006847F60001C4F2000188422ED1FFE7F2
:1072900044F25440C5F60200006800F007000146C1
:1072A0000A9105281DD80A99DFE801F003070B0FA2
:1072B000131700208DF86D0017E004208DF86D0085
:1072C00013E008208DF86D000FE010208DF86D00A0
:1072D0000BE020208DF86D0007E040208DF86D0058
:1072E00003E080208DF86D00FFE709E11D9800683C
:1072F00047F60041C4F2000188422ED1FFE744F274
:107300005440C5F60200006800F0070001460991EC
:1073100005281DD80999DFE801F003070B0F1317A3
:1073200000208DF86D0017E004208DF86D0013E04B
:1073300008208DF86D000FE010208DF86D000BE037
:1073400020208DF86D0007E040208DF86D0003E0EF
:1073500080208DF86D00FFE7D1E01D98006841F6B0
:107360000001C4F20101884240F04180FFE744F28D
:107370005440C5F60200006800F03800014608914C
:1073800028282FD80899DFE801F0152D2D2D2D2D57
:107390002D2D192D2D2D2D2D2D2D1D2D2D2D2D2D41
:1073A0002D2D212D2D2D2D2D2D2D252D2D2D2D2D21
:1073B0002D2D290001208DF86D0017E004208DF897
:1073C0006D0013E008208DF86D000FE010208DF89F
:1073D0006D000BE020208DF86D0007E040208DF857
:1073E0006D0003E080208DF86D00FFE786E01D98BA
:1073F000006841F60041C4F20101884240F041803A
:10740000FFE744F25440C5F60200006800F038007F
:107410000146079128282FD80799DFE801F0152D9C
:107420002D2D2D2D2D2D192D2D2D2D2D2D2D1D2DB0
:107430002D2D2D2D2D2D212D2D2D2D2D2D2D252D90
:107440002D2D2D2D2D2D290001208DF86D0017E0FB
:1074500004208DF86D0013E008208DF86D000FE01A
:1074600010208DF86D000BE020208DF86D0007E0F6
:1074700040208DF86D0003E080208DF86D00FFE75F
:107480003BE01D98006840F60041C5F600018842C7
:107490002ED1FFE744F25840C5F60200006800F024
:1074A00007000146069105281DD80699DFE801F07E
:1074B00003070B0F131702208DF86D0017E004204F
:1074C0008DF86D0013E008208DF86D000FE010209E
:1074D0008DF86D000BE020208DF86D0007E0402056
:1074E0008DF86D0003E080208DF86D00FFE703E06C
:1074F00080208DF86D00FFE7FFE7FFE7FFE7FFE77C
:10750000FFE7FFE7FFE7FFE7FFE7FFE7FFE71D987C
:10751000006840F60041C5F60001884240F0B480A2
:10752000FFE79DF86D0001460591022814D0FFE7A2
:107530000598042814D0FFE70598082816D0FFE71F
:107540000598102818D0FFE70598202835D0FFE7C8
:107550000598402837D03AE0F2F73EFC11903CE025
:1075600015A8F2F74DFC1698119036E012A8F2F724
:1075700093FD1398119030E044F20040C5F60200EC
:10758000006800F020010020B0EB511F0ED0FFE793
:1075900044F20040C5F602000068C0F3C10149F2A0
:1075A0000000C0F2D030C840119005E049F2000060
:1075B000C0F2D0301190FFE70FE040F60010C0F2AB
:1075C0003D00119009E04FF40040119005E00020CB
:1075D000119001208DF86700FFE71198002852D024
:1075E000FFE711981D994A6A46F2CC51C0F6020194
:1075F00031F81210B0FBF1F0189018981D994968F5
:1076000001EB4101884207D3FFE718981D994968AB
:10761000B0EB013F04D9FFE701208DF8670031E0AE
:1076200011981D994A6803924A6A46F2CC51C0F6F5
:10763000020131F81220002304931946E8F75EFF97
:10764000039A049B090241EA1061000210EB520008
:1076500041F10001E8F752FF1A901A98B0F5407F07
:107660000BD3FFE71A990020B0EB115F05D1FFE7BC
:107670001A981D990968C86003E001208DF8670019
:10768000FFE7FFE7FFE746E11D98C069B0F5004F4F
:1076900040F0A880FFE79DF86D0001460291402868
:1076A00000F263800299DFE801F021256060296023
:1076B00060602F6060606060606035606060606026
:1076C00060606060606060606060566060606060C4
:1076D00060606060606060606060606060606060AA
:1076E000606060606060606060605C00F4F7D4F8C7
:1076F000119040E0F4F7E4F811903CE015A8F2F79F
:107700007FFB1698119036E012A8F2F7C5FC13988B
:10771000119030E044F20040C5F60200006800F02D
:1077200020010020B0EB511F0ED0FFE744F20040D3
:10773000C5F602000068C0F3C10149F20000C0F2C2
:10774000D030C840119005E049F20000C0F2D030BE
:107750001190FFE70FE040F60010C0F23D001190DD
:1077600009E04FF40040119005E000201190012045
:107770008DF86700FFE7119898B3FFE711981D9AFD
:107780005168536A46F2CC52C0F6020232F8132016
:10779000B0FBF2F0400000EB5100B0FBF1F01A90AA
:1077A0001A98102818D3FFE7BDF86A00A0B9FFE7C0
:1077B0001A9820F00F00ADF86E001A9800F00E0134
:1077C000BDF86E0040EA5100ADF86E00BDF86E00E5
:1077D0001D990968C86003E001208DF86700FFE784
:1077E000FFE797E09DF86D0001460191402800F207
:1077F00063800199DFE801F0212560602960606005
:107800002F606060606060603560606060606060D4
:107810006060606060606060566060606060606072
:107820006060606060606060606060606060606058
:1078300060606060606060605C00F4F72DF811903B
:1078400040E0F4F73DF811903CE015A8F2F7D8FAC3
:107850001698119036E012A8F2F71EFC13981190BA
:1078600030E044F20040C5F60200006800F020015C
:107870000020B0EB511F0ED0FFE744F20040C5F6E8
:1078800002000068C0F3C10149F20000C0F2D0302C
:10789000C840119005E049F20000C0F2D0301190CC
:1078A000FFE70FE040F60010C0F23D00119009E044
:1078B0004FF40040119005E00020119001208DF858
:1078C0006700FFE7119820B3FFE711981D9A5168F0
:1078D000536A46F2CC52C0F6020232F81320B0FBD3
:1078E000F2F000EB5100B0FBF1F01A901A9810285A
:1078F0000AD3FFE7BDF86A0030B9FFE7BDF86800BA
:107900001D990968C86003E001208DF86700FFE752
:10791000FFE7FFE7FFE71D990120A1F86A001D9925
:10792000A1F868001D99002048671D9988679DF897
:1079300067001EB080BD000080B588B0069005913C
:10794000ADF81220059806998865BDF812000699D1
:10795000A1F85C0006990020C1F890000699222049
:10796000C1F88C000698D0F88000B0B3FFE7069805
:10797000D0F8801046F6D930C0F60100C8630698EA
:10798000D0F8801046F6D140C0F601000864069891
:10799000D0F8801046F65930C0F60100C864069849
:1079A000D0F880100020086506980168826DD0F834
:1079B00080002431BDF81230EEF7AEFD60B1FFE774
:1079C00006991020C1F8900006992020C1F88C007B
:1079D00001208DF81F0042E0FFE706980069A0B182
:1079E000FFE7FFE7FFE70698006850E8000F40F464
:1079F00080700390FFE703990698026842E8001040
:107A00000028F0D1FFE7FFE7FFE7FFE7FFE7069871
:107A1000006850E8020F40F001000290FFE7029971
:107A20000698026842E802100028F0D1FFE7FFE75D
:107A3000FFE7FFE70698006850E8020F40F04000BB
:107A40000190FFE701990698026842E802100028B9
:107A5000F0D1FFE7FFE700208DF81F00FFE79DF85A
:107A60001F0008B080BD000080B586B0DDF820C0E2
:107A7000049003918DF80B200193FFE704980068B0
:107A8000C06903990840401AB0FA80F040099DF897
:107A90000B10884266D1FFE708980130002860D0BB
:107AA000FFE7F0F705FE0199401A0899884203D8CC
:107AB000FFE7089820B9FFE703208DF8170055E08D
:107AC0000498006800684007002849D5FFE703983C
:107AD000802845D0FFE70398402841D0FFE704986D
:107AE0000068C06900F008010120B0EBD10F16D189
:107AF000FFE7049801680820009008620498FFF7E7
:107B00004FF900980499C1F89000FFE7049900200C
:107B100081F88400FFE701208DF8170026E0049823
:107B20000068C06900F400610120B0EBD12F16D1CC
:107B3000FFE7049801684FF4006008620498FFF7BB
:107B40002FF904992020C1F89000FFE70499002044
:107B500081F88400FFE703208DF8170006E0FFE7B7
:107B6000FFE78BE700208DF81700FFE79DF817006F
:107B700006B080BD0000000080B545F66030C2F25E
:107B80000140F7F759FA80BD80B582B040F240401D
:107B9000C2F200000190F7F74FFA01984EF6F73164
:107BA000C2F202414FF48072F7F73EF845F25030CE
:107BB000C2F2014000681021C4F20201884200F0C4
:107BC000B280FFE745F25030C2F201400068282140
:107BD000C4F20201884200F0A680FFE745F250306F
:107BE000C2F2014000684021C4F20201884200F064
:107BF0009A80FFE745F25030C2F2014000685821F8
:107C0000C4F20201884200F08E80FFE745F2503056
:107C1000C2F2014000687021C4F20201884200F003
:107C20008280FFE745F25030C2F2014000688821AF
:107C3000C4F20201884276D0FFE745F25030C2F22A
:107C400001400068A021C4F2020188426BD0FFE726
:107C500045F25030C2F201400068B821C4F202017E
:107C6000884260D0FFE745F25030C2F20140006820
:107C700040F21041C4F20201884254D0FFE745F2BD
:107C80005030C2F20140006840F22841C4F20201C3
:107C9000884248D0FFE745F25030C2F20140006808
:107CA00040F24041C4F2020188423CD0FFE745F275
:107CB0005030C2F20140006840F25841C4F2020163
:107CC000884230D0FFE745F25030C2F201400068F0
:107CD00040F27041C4F20201884224D0FFE745F22D
:107CE0005030C2F20140006840F28841C4F2020103
:107CF000884218D0FFE745F25030C2F201400068D8
:107D000040F2A041C4F2020188420CD0FFE745F2E4
:107D10005030C2F20140006840F2B841C4F20201A2
:107D200088420AD1FFE745F25030C2F201400168B3
:107D3000086820F00800086009E045F25030C2F2FF
:107D400001400168086820F004000860FFE702B005
:107D500080BD00000000000080B586B004908DF862
:107D60000F100498D0F8C80201900498D0F8D412EB
:107D700000EB8100D0F8C00220B9FFE703208DF8A6
:107D800017005FE00498D0F8D41200EB8100D0F81F
:107D9000C002029004989DF80F1001F00F0101EB52
:107DA000810100EB8100806940B3FFE704989DF8F2
:107DB0000F1001F00F0101EB810200EB82008269DC
:107DC000019801EBC10100EB8100C169B2FBF1F048
:107DD00000FB112090B9FFE704989DF80F1001F007
:107DE0000F0101EB810100EB810000238361049806
:107DF0009DF80F101A4601F003FE1FE002990020C3
:107E0000C1F814020498D0F8D41200EB8100D0F825
:107E1000C402006988B1FFE70498D0F8D41200EBDF
:107E20008100D0F8C40203690299D1F8080201F573
:107E300004719DF80F209847FFE7FFE700208DF8B9
:107E40001700FFE79DF8170006B080BD0000000096
:107E500080B584B002908DF807100298D0F8D41243
:107E600000EB8100D0F8C00200900298D0F8D41244
:107E700000EB8100D0F8C00220B9FFE703208DF8A5
:107E80000F0019E002989DF8071001F029FB0099F6
:107E9000C1F80C020298D0F8D41200EB8100D0F89F
:107EA000C402C2680099D1F8040201F50371904739
:107EB00000208DF80F00FFE79DF80F0004B080BD93
:107EC00080B586B005908DF81310059840F2A90191
:107ED000C2F200410091097801F016F90099059865
:107EE000097801F00F0101EB810100EB8101002015
:107EF00003908884059840F20801C2F200010191C4
:107F0000097801F001F9019A03980599127802F0B5
:107F10000F0202EB820201EB8201A1F864010598D5
:107F200040F2A801C2F200410291097801F0ECF898
:107F3000029A03980599137803F00F0303EB830368
:107F400001EB830188840599127802F00F0202EB9D
:107F5000820201EB8201C8840598D0F8D41200EBAC
:107F60008100D0F8C002F0B1FFE70598D0F8D41234
:107F700000EB8100D0F8C402406880470598D0F833
:107F8000D41200EB8100D0F8C00202F0E5F90598A8
:107F9000D0F8D41200EB81010020C1F8C00205998D
:107FA000C1F8BC02FFE7002006B080BD0000000061
:107FB00080B584B002900298D0F8D41200EB810012
:107FC000D0F8C0020190019820B9FFE703208DF896
:107FD0000F0025E00298D0F8D41200EB8100D0F811
:107FE000C402C8B1FFE7019890F80002FF2813D03F
:107FF000FFE70298D0F8D41200EB8100D0F8C40259
:108000008368019991F8000291F80122984701993B
:10801000FF2081F80002FFE700208DF80F00FFE746
:108020009DF80F0004B080BD81B0009000990A2037
:10803000088040F21000C2F2000001B0704700005A
:1080400080B586B0059040F29810C2F200400190D1
:10805000822100F019FE014601980491012100F0EF
:1080600013FE014601980391812100F00DFE02905C
:10807000049820B1FFE7049910208871FFE7039866
:1080800020B1FFE7039940208880FFE7029820B1E4
:10809000FFE7029940208880FFE705994320088088
:1080A00040F29810C2F2004006B080BD000000000F
:1080B00080B586B0059040F29810C2F20040019061
:1080C000822100F0E1FD014601980491012100F0B8
:1080D000DBFD014601980391812100F0D5FD02905E
:1080E000049820B1FFE7049910208871FFE70398F6
:1080F00028B1FFE703994FF400708880FFE70298EA
:1081000028B1FFE702994FF400708880FFE70599D6
:108110004320088040F29810C2F2004006B080BDB3
:1081200080B586B0059040F29810C2F200400190F0
:10813000822100F0A9FD014601980491012100F07F
:10814000A3FD014601980391812100F09DFD02905D
:10815000049820B1FFE7049910208871FFE7039885
:1081600020B1FFE7039940208880FFE7029820B103
:10817000FFE7029940208880FFE7059943200880A7
:1081800040F29810C2F2004006B080BD000000002E
:1081900080B590B00E908DF837104FF4077002F054
:1081A000DFF80C900C9860B9FFE70E98D0F8D41265
:1081B00000EB81010020C1F8C00202208DF83F00D1
:1081C000F0E00C984FF40771E8F7E8FA0C980E9974
:1081D000D1F8D42201EB8201C1F8C0020E99D1F886
:1081E000D40201EB8000D0F8C002C1F8BC020E98A6
:1081F000007C002840D1FFE70E9840F2A901C2F2AE
:10820000004107910978022208924FF40073099304
:1082100001F05AFA0799089A099B0E98097801F01B
:108220000F0101EB810100EB810101200B9088849B
:108230000E9840F20801C2F200010A91097801F09B
:1082400043FA0A9A0B980E99127802F00F0202EB89
:10825000820201EB8201A1F864010E9840F2A801AC
:10826000C2F20041097801F00F0101EB810100EB3E
:1082700081011020C8843EE00E9840F2A901C2F2AC
:10828000004102910978022203924023049301F0F5
:108290001BFA0299039A049B0E98097801F00F01CA
:1082A00001EB810100EB81010120069088840E988A
:1082B00040F20801C2F200010591097801F004FAC8
:1082C000059A06980E99127802F00F0202EB8202CC
:1082D00001EB8201A1F864010E9840F2A801C2F2FC
:1082E0000041097801F00F0101EB810100EB8101F0
:1082F0001020C884FFE70E9840F2A801C2F20041A6
:10830000009109780322082301F0DEF900990E9804
:10831000097801F00F0101EB810100EB81010120DF
:1083200088840C9900200190C1F804020E98D0F8BE
:10833000D41200EB8100D0F8C40200688047019895
:108340000C99C1F814020C99C1F818020C98D0F8D5
:10835000040220B9FFE702208DF83F0022E00E98CA
:10836000007C70B9FFE70E9840F20801C2F20001EC
:1083700009780C9AD2F804224FF4007301F0CCF97A
:108380000CE00E9840F20801C2F2000109780C9A44
:10839000D2F80422402301F0BFF9FFE700208DF856
:1083A0003F00FFE79DF83F0010B080BD00000000D7
:1083B00080B584B002900298D0F8D41200EB81000E
:1083C000D0F8C00201900298D0F8D41200EB8100DE
:1083D000D0F8C00220B9FFE703208DF80F0022E09B
:1083E0000298007C70B9FFE7029840F20801C2F2DF
:1083F00000010978019AD2F804224FF4007301F0C9
:108400008BF90CE0029840F20801C2F200010978F1
:10841000019AD2F80422402301F07EF9FFE7002000
:108420008DF80F00FFE79DF80F0004B080BD00003D
:1084300083B001900091009820B9FFE703208DF8E8
:108440000B000BE000980199D1F8D42201EB8201D6
:10845000C1F8C40200208DF80B00FFE79DF80B0067
:1084600003B070470000000084B0029001910298B0
:10847000D0F8D41200EB8100D0F8C0020090009830
:1084800020B9FFE703208DF80F0007E0019800995D
:10849000C1F8040200208DF80F00FFE79DF80F00DF
:1084A00004B070470000000085B003900291019273
:1084B0000398D0F8D41200EB8100D0F8C0020090ED
:1084C000009820B9FFE703208DF813000BE0029815
:1084D0000099C1F8080201980099C1F81002002023
:1084E0008DF81300FFE79DF8130005B070470000FA
:1084F00080B58AB0089007910898D0F8D41200EBA4
:108500008100D0F8C002069000208DF81500ADF86B
:1085100012008DF81100069820B9FFE703208DF8AE
:108520002700C7E00798007800F06000014603913B
:1085300000285ED0FFE70398202840F0AE80FFE7D8
:108540000798C088002846D0FFE707980078000603
:10855000002823D5FFE70898D0F8D41200EB81005B
:10856000D0F8C4028368079A50780699D288984751
:108570000798C088082803D3FFE70720029003E08C
:108580000798C0880290FFE70298ADF81600089897
:108590000699BDF8162000F083F91BE00798407893
:1085A000069981F800020798C0883F2804D8FFE7A1
:1085B0000798C088019002E040200190FFE70198F1
:1085C000069981F801020898069991F8012200F0B5
:1085D00037F9FFE70CE00898D0F8D41200EB8100DF
:1085E000D0F8C40283680799487800229847FFE7CB
:1085F0005BE007984078014600910B2844D8009929
:10860000DFE801F0064142424242424242421C320D
:10861000089890F89C02032807D1FFE708980DF10D
:108620001201022200F03CF907E00898079900F0D7
:10863000F7F803208DF81100FFE72DE0089890F877
:108640009C02032807D1FFE708980DF115010122CC
:1086500000F026F907E00898079900F0E1F80320F8
:108660008DF81100FFE717E0089890F89C020328A6
:1086700008D0FFE70898079900F0D2F803208DF89A
:108680001100FFE708E007E00898079900F0C8F834
:1086900003208DF81100FFE707E00898079900F024
:1086A000BFF803208DF81100FFE79DF811008DF849
:1086B0002700FFE79DF827000AB080BD00000000FA
:1086C00080B584B002900298D0F8D41200EB8100FB
:1086D000D0F8C002019001208DF80300019820B964
:1086E000FFE703208DF80F002AE00198D0F814026C
:1086F00008BBFFE701990120C1F814020198D0F8E6
:108700001002029A40F2A901C2F200410B7803F074
:108710000F0303EB830302EB830290610298097855
:10872000019BD3F80822D3F8103201F069F9002038
:108730008DF80300FFE79DF803008DF80F00FFE7B9
:108740009DF80F0004B080BD80B582B001908DF817
:10875000031000208DF802000198D0F8B8124A6882
:108760009DF80310904720B1FFE703208DF8020029
:10877000FFE79DF8020002B080BD0000000000008D
:1087800080B582B001900091019890F89C02013868
:1087900002280ED8FFE700984088012808D1FFE79B
:1087A00001990020C1F8A402019800F095F8FFE7B4
:1087B00004E00198009900F033F8FFE702B080BDB3
:1087C00082B001908DF80310002002B070470000C5
:1087D00082B001908DF80310002002B070470000B5
:1087E00080B584B00390029101920398029A019B94
:1087F0000021009100F090FF009804B080BD0000BF
:1088000080B584B00390029101920398029A019B73
:108810000021009101F0F4F8009804B080BD000040
:1088200080B582B0019000910198802101F094F808
:108830000198002101F090F802B080BD0000000016
:1088400080B584B003900291019203990320C1F88E
:10885000940201980399C1F8580101980399C1F84D
:108860005C010398029A019B0021009100F054FFE3
:10887000009804B080BD000080B582B001900199DD
:108880000520C1F8940201980023009319461A4666
:1088900000F042FF009802B080BD00000000000020
:1088A00080B584B003900291019203990220C1F82F
:1088B000940201980399886101980399C86103980B
:1088C000029A019B0021009101F09AF8009804B0EF
:1088D00080BD00000000000080B582B001900199C9
:1088E0000420C1F8940201980023009319461A4607
:1088F00001F086F8009802B080BD00000000000082
:1089000080B584B0039002910298C088012805D0F8
:10891000FFE703980299FFF783FF21E0039890F89F
:108920009C12481E0191022804D3FFE701980328F6
:108930000AD00FE0039900208860039800F1080135
:108940000122FFF7ADFF0AE00398011D0122FFF7A6
:10895000A7FF04E003980299FFF762FFFFE7FFE734
:1089600004B080BD0000000080B588B0079006917B
:108970000020ADF8160004908DF80F000698C0781E
:108980000138014602910E2800F241810299DFE888
:1089900011F02A00340051003E013E010B01230179
:1089A0003E013E013E013E013E013E013E010F00FF
:1089B0000798D0F8B402C06950B1FFE70798D0F823
:1089C000B412CA69007C0DF116019047049009E0C9
:1089D00007980699FFF724FF9DF80F0001308DF8E6
:1089E0000F00FFE71DE10798D0F8B4120A68007C79
:1089F0000DF116019047049013E10798007C60B9CF
:108A0000FFE70798D0F8B802816A0DF11600884791
:108A100004900499022048700BE00798D0F8B8023F
:108A2000C16A0DF11600884704900499022048702D
:108A3000FFE7F6E00698807801460191052800F2EC
:108A4000A8800199DFE801F0031E39546F8A079866
:108A5000D0F8B402406850B1FFE70798D0F8B412DC
:108A60004A68007C0DF116019047049009E00798D0
:108A70000699FFF7D5FE9DF80F0001308DF80F0025
:108A8000FFE790E00798D0F8B402806850B1FFE7A4
:108A90000798D0F8B4128A68007C0DF1160190474F
:108AA000049009E007980699FFF7BAFE9DF80F00B9
:108AB00001308DF80F00FFE775E00798D0F8B40299
:108AC000C06850B1FFE70798D0F8B412CA68007CBC
:108AD0000DF116019047049009E007980699FFF7F9
:108AE0009FFE9DF80F0001308DF80F00FFE75AE060
:108AF0000798D0F8B402006950B1FFE70798D0F8A2
:108B0000B4120A69007C0DF116019047049009E047
:108B100007980699FFF784FE9DF80F0001308DF845
:108B20000F00FFE73FE00798D0F8B402406950B16A
:108B3000FFE70798D0F8B4124A69007C0DF11601DE
:108B40009047049009E007980699FFF769FE9DF8A1
:108B50000F0001308DF80F00FFE724E00798D0F8F0
:108B6000B402806950B1FFE70798D0F8B4128A695F
:108B7000007C0DF116019047049009E007980699D2
:108B8000FFF74EFE9DF80F0001308DF80F00FFE754
:108B900009E007980699FFF743FE9DF80F000130A2
:108BA0008DF80F00FFE73CE00798007C48B9FFE72D
:108BB0000798D0F8B802416B0DF116008847049071
:108BC00009E007980699FFF72BFE9DF80F0001308A
:108BD0008DF80F00FFE724E00798007C60B9FFE7FD
:108BE0000798D0F8B802016B0DF116008847049081
:108BF00004990720487009E007980699FFF710FECE
:108C00009DF80F0001308DF80F00FFE709E007988D
:108C10000699FFF705FE9DF80F0001308DF80F0053
:108C2000FFE79DF80F0008B1FFE72AE00698C0882B
:108C300018B3FFE7BDF81600C8B1FFE7BDF816008E
:108C40000699C988884204DAFFE7BDF8160000904B
:108C500003E00698C0880090FFE70098ADF8160082
:108C600007980499BDF81620FFF71AFE04E007984C
:108C70000699FFF7D5FDFFE703E00798FFF72CFE05
:108C8000FFE708B080BD000080B586B005908DF884
:108C90001310059803900598029000200190029906
:108CA00048880978884227DDFFE702980078ADF808
:108CB0000200FFE7BDF802000299498888421ADAEB
:108CC000FFE703980DF1020100F036F803900398D6
:108CD000407805280ED1FFE703980190019880782D
:108CE0009DF81310884201D1FFE704E000200190B5
:108CF000FFE7FFE7DEE7FFE7019806B080BD000071
:108D000083B0029000208DF8070002980090FFE7E2
:108D10000098007848B1FFE79DF8070001308DF812
:108D20000700009801300090F2E79DF8070003B0BB
:108D3000704700000000000083B00290019102988B
:108D400000900098027801990888104408800298E1
:108D50000099097808440090009803B0704700001B
:108D600080B582B001900091019890F89C02013882
:108D700002281FD8FFE70098C088022805D0FFE727
:108D800001980099FFF74CFD19E001990120C86096
:108D90000198D0F8A40230B1FFE70199C86840F00B
:108DA0000200C860FFE7019800F10C010222FFF702
:108DB00077FD04E001980099FFF732FDFFE702B06C
:108DC00080BD00000000000080B586B005900491D1
:108DD000039200208DF80B00059808B9FFE74FE0DB
:108DE000059801900198FFF78BFF0146022000EBE8
:108DF0004100B0F5007F04D9FFE74FF40070009008
:108E000008E00198FFF77CFF0146022000EB4100DB
:108E10000090FFE700980399088003980078049970
:108E20009DF80B2088549DF80B0001308DF80B0045
:108E300004999DF80B20032088549DF80B00013005
:108E40008DF80B00FFE701980078C8B1FFE70198A3
:108E5000007804999DF80B20885401980130019006
:108E60009DF80B0001308DF80B0004999DF80B2044
:108E7000002088549DF80B0001308DF80B00E2E7CC
:108E800006B080BD0000000082B08DF80700002011
:108E90008DF806009DF8070001460091032814D8BC
:108EA0000099DFE801F002060A0E00208DF80600A6
:108EB0000FE003208DF806000BE001208DF806007E
:108EC00007E003208DF8060003E003208DF806007C
:108ED000FFE79DF8060002B07047000000000000A8
:108EE00080B582B08DF8070000919DF8070060B949
:108EF000FFE7009A47F29330C0F6020040F2E071BB
:108F0000C2F20041FFF760FF0BE0009A47F2933096
:108F1000C0F6020040F2E071C2F20041FFF754FFD8
:108F2000FFE740F2E070C2F2004002B080BD0000F6
:108F300082B08DF80700009100991220088040F25D
:108F4000DC10C2F2004002B07047000000000000D8
:108F500080B582B08DF8070000919DF8070060B9D8
:108F6000FFE7009A47F28530C0F6020040F2E07158
:108F7000C2F20041FFF728FF0BE0009A47F285306C
:108F8000C0F6020040F2E071C2F20041FFF71CFFA0
:108F9000FFE740F2E070C2F2004002B080BD000086
:108FA00082B08DF80700009100990420088040F2FB
:108FB000F010C2F2004002B0704700000000000054
:108FC00080B584B08DF80F000291029A47F29E306E
:108FD000C0F6020040F2E071C2F200410191FFF7D9
:108FE000F3FE019804B080BD80B582B08DF8070013
:108FF00000919DF8070060B9FFE7009A47F2B13091
:10900000C0F6020040F2E071C2F20041FFF7DCFE60
:109010000BE0009A47F2B130C0F6020040F2E07176
:10902000C2F20041FFF7D0FEFFE740F2E070C2F26B
:10903000004002B080BD000080B582B08DF807000E
:10904000009100991A200880EAF7F2F840F2300007
:10905000C2F2000002B080BD80B584B002900191E0
:109060008DF80320029820B9FFE703208DF80F0048
:1090700023E002990020C1F8B8020299C1F8C402A5
:109080000299C1F8D002019828B1FFE7019802992E
:10909000C1F8B402FFE70299012081F89C029DF813
:1090A000030002990870029800F02AFA8DF8020075
:1090B0009DF802008DF80F00FFE79DF80F0004B047
:1090C00080BD00000000000080B582B001908DF8E6
:1090D000031000208DF802008DF801000198D0F8EF
:1090E000C8029DF80310EFF7A3FD8DF802009DF86C
:1090F0000200FFF7C9FE8DF801009DF8010002B0E3
:1091000080BD00000000000080B582B001908DF8A5
:10911000031000208DF802008DF801000198D0F8AE
:10912000C8029DF80310EFF72FFD8DF802009DF89F
:109130000200FFF7A9FE8DF801009DF8010002B0C2
:1091400080BD00000000000080B588B006908DF85A
:10915000171004929DF81700002874D1FFE70698B5
:10916000143003900698D0F8940202285DD1FFE7EE
:1091700003998868C968884212D9FFE7039988680B
:10918000CA68801A886006980499039A9268FFF763
:1091900037FB0698002319461A4600F0BDFA43E053
:1091A00003988168C06888421ED1FFE70399486828
:1091B000C968884218D3FFE7039840680699D1F838
:1091C0009812884210D2FFE70698002201921146B9
:1091D000FFF716FB019B0698C0F8983206981946CF
:1091E0001A4600F099FA1EE0069890F89C020328AF
:1091F00011D1FFE70698D0F8B802C06850B1FFE778
:1092000006990020C1F8D4020698D0F8B812C968AF
:109210008847FFE7FFE70698802100F09DFB06984E
:10922000FFF72AFBFFE7FFE7FFE7069890F8A002A9
:1092300040B1FFE7069800F077FC0699002081F81E
:10924000A002FFE740E006989DF8171041F080016A
:10925000FFF7B6FA8DF80A009DF80A00FF2832D011
:10926000FFE79DF80A0070BBFFE7069890F89C02A4
:10927000032827D1FFE706989DF80A1000EB81002C
:10928000D0F8B8024069E0B1FFE79DF80A000699FE
:10929000C1F8D40206989DF80A1000EB8101D1F8BC
:1092A000B8124A699DF8171090478DF80B009DF889
:1092B0000B0028B1FFE79DF80B008DF81F0007E0B9
:1092C000FFE7FFE7FFE7FFE700208DF81F00FFE75C
:1092D0009DF81F0008B080BD80B58AB008908DF859
:1092E0001F10069200208DF813009DF81F00002823
:1092F00040F08280FFE7089800F5AA700590089872
:10930000D0F89402032876D1FFE705998868C968E8
:1093100088421DD9FFE705998868CA68801A886065
:10932000089802900698039005998868C968884251
:1093300004D2FFE705988068019003E00598C068B3
:109340000190FFE703990298019AFFF749FA51E06B
:10935000089890F8AA0200F01F000146009140B161
:10936000FFE70098012808D0FFE7009802280CD0FA
:1093700013E000208DF8120013E0089890F8AE1268
:10938000FFF726FA8DF812000BE0089890F8AE125D
:10939000FFF716FA8DF8120003E000208DF8120096
:1093A000FFE79DF8120008BBFFE7089890F89C02C1
:1093B00003281AD1FFE708989DF8121000EB8100EE
:1093C000D0F8B802006978B1FFE79DF8120008995B
:1093D000C1F8D40208989DF8121000EB8101D1F871
:1093E000B81209698847FFE7FFE7FFE70898FFF72A
:1093F00073FAFFE7FFE740E008989DF81F1001F0BF
:109400007F01FFF7DDF98DF812009DF81200FF28AB
:1094100032D0FFE79DF8120070BBFFE7089890F884
:109420009C0203281ED1FFE708989DF8121000EB5C
:109430008100D0F8B802806998B1FFE79DF812006A
:109440000899C1F8D40208989DF8121000EB810128
:10945000D1F8B8128A699DF81F1090478DF8130053
:10946000FFE7FFE79DF8130028B1FFE79DF8130021
:109470008DF8270005E0FFE7FFE700208DF82700C3
:10948000FFE79DF827000AB080BD00000000000043
:1094900081B00090002001B0704700000000000083
:1094A00080B582B0019000208DF803000199012061
:1094B00081F89C020198D0F8B80268B1FFE70198E2
:1094C000D0F8B8124A680179904720B1FFE703202D
:1094D0008DF80300FFE7FFE79DF8030002B080BDB1
:1094E00080B582B001908DF803100198D0F8C802C1
:1094F0009DF80310EFF700FC02B080BD00000000F3
:1095000080B584B0039003980078012838D1FFE734
:10951000039945F2A850C2F201400290C0F8E0144D
:109520000399C1F8C8020021C4F2040101600921B5
:1095300001710222C2710021817142728172C17275
:1095400001738173C1730174F0F7AAF918B1FFE7D1
:10955000E9F752FCFFE745F2A850C2F20140019042
:109560004FF40071EFF744FA019800218022EFF7E1
:109570004BFA019801214FF4BA72EFF745FAFFE771
:10958000002004B080BD000084B002908DF8071068
:109590000298D0F8C80200909DF807000006002845
:1095A0000DD5FFE700989DF8071001F07F0101EB52
:1095B000C10100EB8100807D8DF80F000DE0009867
:1095C0009DF8071001F07F0101EBC10100EB810064
:1095D00090F856028DF80F00FFE79DF80F0004B0D9
:1095E000704700000000000080B584B002908DF844
:1095F00007100298D0F8D41200EB8100D0F8B8021E
:1096000020B9FFE703208DF80F0020E0029890F8C2
:109610009C02032817D1FFE70298D0F8D41200EB80
:109620008100D0F8B802006A60B1FFE70298D0F874
:10963000D41200EB8101D1F8B8120A6A9DF8071024
:109640009047FFE7FFE700208DF80F00FFE79DF848
:109650000F0004B080BD000080B584B002908DF88A
:1096600007100298D0F8D41200EB8100D0F8B802AD
:1096700020B9FFE703208DF80F0020E0029890F852
:109680009C02032817D1FFE70298D0F8D41200EB10
:109690008100D0F8B802406A60B1FFE70298D0F8C4
:1096A000D41200EB8101D1F8B8124A6A9DF8071074
:1096B0009047FFE7FFE700208DF80F00FFE79DF8D8
:1096C0000F0004B080BD000080B584B003908DF819
:1096D0000B108DF80A20ADF8083000208DF8070037
:1096E0008DF806000398D0F8C8029DF80B10BDF85D
:1096F00008209DF80A30EFF713FB8DF807009DF85E
:109700000700FFF7C1FB8DF806009DF8060004B0C6
:1097100080BD00000000000080B586B005908DF887
:1097200013100392029300208DF807008DF80600B5
:109730000598D0F8C8029DF81310039A029BEFF722
:1097400067FB8DF807009DF80700FFF79DFB8DF87C
:1097500006009DF8060006B080BD00000000000075
:1097600080B586B0059000208DF81300059A012180
:1097700082F89C120599C1F89402059948600599F0
:10978000C1F8A402059981F8A0020598D0F8B802A2
:10979000A0B1FFE70598D0F8B802406868B1FFE7CC
:1097A0000598D0F8B8124A680179904720B1FFE7D0
:1097B00003208DF81300FFE7FFE7FFE7059800227D
:1097C0000192402303931146FFF77EFF019A039B0A
:1097D000059901200290A1F864010598C0F8603154
:1097E00005988021FFF770FF02990398059A9184EC
:1097F000059908629DF8130006B080BD00000000C6
:1098000081B00090009890F89C02042807D1FFE7EF
:10981000009890F89D02009981F89C02FFE70020D3
:1098200001B070470000000080B582B0019001983F
:1098300090F89C02032813D1FFE70198D0F8B802F2
:1098400068B1FFE70198D0F8B802C06930B1FFE70E
:109850000198D0F8B812C9698847FFE7FFE7FFE72A
:10986000002002B080BD000082B001908DF803108E
:109870009DF8030001990874002002B070470000B1
:1098800080B582B001908DF8031000208DF80200A1
:109890008DF801000198D0F8C8029DF80310F0F788
:1098A0009FF98DF802009DF80200FFF7EDFA8DF8A0
:1098B00001009DF8010002B080BD00000000000022
:1098C00080B584B003900291039800F2AA20029917
:1098D00000F0BAF803990120C1F894020399B1F895
:1098E000B002C1F89802039890F8AA0200F01F0095
:1098F0000146009140B1FFE7009801280CD0FFE736
:109900000098022810D017E0039800F2AA2100F076
:1099100067FA8DF8070019E0039800F2AA2100F019
:109920009FFC8DF8070011E0039800F2AA2100F0D7
:10993000BFFA8DF8070009E0039890F8AA1201F029
:10994000800100F009F88DF80700FFE79DF8070097
:1099500004B080BD0000000080B582B001908DF899
:10996000031000208DF802008DF801000198D0F856
:10997000C8029DF80310EFF783FA8DF802009DF8F6
:109980000200FFF781FA8DF801009DF8010002B096
:1099900080BD00000000000080B582B00190002072
:1099A0008DF803008DF802000198D0F8C802F0F796
:1099B00053F98DF803009DF80300FFF765FA8DF861
:1099C00002009DF8020002B080BD0000000000000F
:1099D00081B00090009890F89C02042807D0FFE71F
:1099E000009890F89C02009981F89D02FFE7009989
:1099F000042081F89C02002001B0704700000000A4
:109A000080B586B005908DF8131003920293002064
:109A10008DF807008DF806000598D0F8C8029DF86B
:109A20001310039A029BEFF79BFA8DF807009DF83D
:109A30000700FFF729FA8DF806009DF8060006B02A
:109A400080BD00000000000080B584B0039002914A
:109A500002980190019800780399087001980130EC
:109A600001900198007803994870019801300190A5
:109A70000198FAF781FC0399488001980130019020
:109A80000198013001900198FAF776FC03998880DB
:109A90000198013001900198013001900198FAF786
:109AA0006BFC0399C88004B080BD0000000000007A
:109AB00080B584B0029001910020ADF802000198B9
:109AC00020B9FFE703208DF80F0026E001980299E6
:109AD000C1F8B8020298D0F8D41200EB8100D0F897
:109AE000B802C06A78B1FFE70298D0F8D41200EB50
:109AF0008100D0F8B802C16A0DF1020088470299CE
:109B0000C1F8D002FFE70299D1F8D8020130C1F8BC
:109B1000D80200208DF80F00FFE79DF80F0004B079
:109B200080BD00000000000081B00090002001B066
:109B3000704700000000000080B584B003900291DF
:109B400002988088B8BBFFE70298C08898BBFFE7FF
:109B5000029840887F282ED8FFE70298807800F08E
:109B60007F008DF80700039890F89C02032805D128
:109B7000FFE703980299FEF753FE1BE09DF80700EC
:109B8000039981F89E0203989DF80710FFF778FE6D
:109B90000398FEF7A1FE9DF8070028B1FFE703999F
:109BA000022081F89C0204E00399012081F89C02C4
:109BB000FFE7FFE704E003980299FEF731FEFFE7B5
:109BC00004B080BD0000000080B582B001908DF827
:109BD000031000208DF802000198D0F8B80250B1AF
:109BE000FFE70198D0F8B8120A689DF80310904773
:109BF0008DF80200FFE79DF8020002B080BD000072
:109C000080B586B00490039100208DF80B00039876
:109C1000817840F2EE00C2F2000001700078022864
:109C200008D3FFE704980399FEF7FAFD03208DF8A7
:109C30001700A0E0049890F89C02014601910228C8
:109C400004D0FFE7019803282FD07FE040F2EE0018
:109C5000C2F20000007818B3FFE740F2EE01C2F252
:109C600000010878049A506004980978FFF7ACFF67
:109C70008DF80B009DF80B0048B1FFE7049803999D
:109C8000FEF7CEFD0499022081F89C0207E00498BB
:109C9000FEF722FE0499032081F89C02FFE703E00F
:109CA0000498FEF719FEFFE760E040F2EE00C2F212
:109CB0000000007898B9FFE70499022081F89C021F
:109CC00040F2EE01C2F200010878049A5060049854
:109CD0000978FEF739FD0498FEF7FEFD35E040F205
:109CE000EE00C2F20000007804994968884227D04B
:109CF000FFE704980179FEF727FD40F2EE01C2F27A
:109D000000010878049A506004980978FFF75CFF16
:109D10008DF80B009DF80B0068B1FFE704980399DC
:109D2000FEF77EFD04980179FEF70EFD04990220EE
:109D300081F89C0203E00498FEF7CEFDFFE703E004
:109D40000498FEF7C9FDFFE7FFE70FE004980399C9
:109D5000FEF766FD049840F2EE01C2F200010978B8
:109D6000FEF7F2FC03208DF80B00FFE79DF80B00D7
:109D70008DF81700FFE79DF8170006B080BD0000C2
:109D800080B582B00190009100984088012808D1E8
:109D9000FFE701990120C1F8A4020198FEF79CFD9C
:109DA00013E000984088022809D1FFE70098407925
:109DB000019981F8A0020198FEF78EFD04E0019858
:109DC0000099FEF72DFDFFE7FFE702B080BD000020
:109DD00080B582B001900198FFF7DEFD02B080BD32
:109DE00080B586B00590049100208DF80F0004988E
:109DF000007800F0600001460291A8B1FFE70298E8
:109E0000202804D0FFE70298402846D1FFE70598B4
:109E1000D0F8D41200EB8101D1F8B8128A68049905
:109E200090478DF80F003DE004984078014601917D
:109E300009282CD80199DFE801F01B252A202A0ADD
:109E4000052A160F05980499FEF78EFD24E0059863
:109E50000499FFF771FE1FE005980499FFF7D0FE03
:109E60008DF80F0018E005980499FEF749FD13E0FE
:109E700005980499FEF774FF0EE005980499FFF722
:109E80007FFF09E005980499FEF77AFC04E0059845
:109E90000499FEF7C5FCFFE704E005980499FEF776
:109EA000BFFCFFE79DF80F0006B080BD000000007A
:109EB00080B58CB00B900A9100208DF821000A9893
:109EC00080888DF823000A98007800F06000014631
:109ED0000791B8B3FFE70798202805D0FFE7079858
:109EE000402840F0B281FFE70B989DF82310FEF761
:109EF00067FC8DF822009DF82200FF2821D0FFE7A3
:109F00009DF82200E8B9FFE79DF822000B99C1F8FF
:109F1000D4020B989DF8221000EB8100D0F8B80213
:109F2000806868B1FFE70B989DF8221000EB810173
:109F3000D1F8B8128A680A9990478DF82100FFE796
:109F4000FFE787E10A98407801460691002800F073
:109F5000BD80FFE7069801284CD0FFE7069803284C
:109F600040F06D81FFE70B9890F89C020146059147
:109F7000022804D0FFE70598032819D034E09DF8A3
:109F8000230078B1FFE79DF8230080280AD0FFE77F
:109F90000B989DF82310FFF7DFFC0B988021FFF74B
:109FA000DBFC04E00B980A99FEF73AFCFFE720E09F
:109FB0000A984088A0B9FFE79DF8230078B1FFE731
:109FC0009DF8230080280AD0FFE70A98C08830B99E
:109FD000FFE70B989DF82310FFF7BEFCFFE7FFE7B4
:109FE0000B98FEF779FC04E00B980A99FEF718FC31
:109FF000FFE729E10B9890F89C02014604910228A2
:10A0000004D0FFE70498032819D059E09DF82300F5
:10A0100078B1FFE79DF8230080280AD0FFE70B986E
:10A020009DF82310FFF798FC0B988021FFF794FC14
:10A0300004E00B980A99FEF7F3FBFFE745E00A9866
:10A040004088E0BBFFE79DF82300400630B1FFE702
:10A050000B989DF82310FFF737F8FFE70B98FEF7F2
:10A060003BFC0B989DF82310FEF7AAFB8DF822000D
:10A070009DF82200FF2821D0FFE79DF82200E8B9D3
:10A08000FFE79DF822000B99C1F8D4020B989DF8C8
:10A09000221000EB8100D0F8B802806868B1FFE7B9
:10A0A0000B989DF8221000EB8101D1F8B8128A6854
:10A0B0000A9990478DF82100FFE7FFE7FFE704E0EA
:10A0C0000B980A99FEF7ACFBFFE7BDE00B9890F800
:10A0D0009C0201460391022804D0FFE7039803285D
:10A0E00038D0A6E09DF8230050B1FFE79DF823008B
:10A0F000802805D0FFE70B980A99FEF791FB9DE0B9
:10A100009DF82300000600280CD5FFE70B989DF86A
:10A11000231001F07F0101EB810100EB810014307D
:10A1200002900CE00B989DF8231001F07F0101EBE9
:10A13000810100EB810000F5AA700290FFE7029810
:10A1400009900999002008600B9809990222FEF7EE
:10A15000A7FB73E09DF823000006002812D5FFE757
:10A160000B989DF8231001F00F0101EB810100EB2A
:10A170008100808C28B9FFE70B980A99FEF750FB05
:10A180005CE012E00B989DF8231001F00F0101EB49
:10A19000810100EB8100B0F8640128B9FFE70B985A
:10A1A0000A99FEF73DFB49E0FFE79DF82300000612
:10A1B00000280CD5FFE70B989DF8231001F07F01D4
:10A1C00001EB810100EB8100143001900CE00B9851
:10A1D0009DF8231001F07F0101EB810100EB81006C
:10A1E00000F5AA700190FFE7019809909DF82300FF
:10A1F00028B1FFE79DF82300802804D1FFE70999E3
:10A20000002008600FE00B989DF82310FFF7BCF9C1
:10A2100020B1FFE709990120086003E009990020B7
:10A220000860FFE7FFE70B9809990222FEF738FB69
:10A2300004E00B980A99FEF7F3FAFFE704E00B98A5
:10A240000A99FEF7EDFAFFE704E00B980A99FEF78A
:10A25000E7FAFFE79DF821000CB080BD0000000088
:10A2600080B584B00390029100208DF80700029819
:10A27000007800F060000146009140B1FFE70098CF
:10A28000202804D0FFE7009840285AD1FFE7039820
:10A2900090F89C02013802284DD8FFE70298007917
:10A2A000012842D8FFE7039802990979FEF790FA4E
:10A2B0008DF806009DF80600FF2825D0FFE79DF8E1
:10A2C000060008BBFFE703989DF8061000EB81002D
:10A2D000D0F8B802806890B1FFE79DF806000399B6
:10A2E000C1F8D40203989DF8061000EB8101D1F863
:10A2F000B8128A68029990478DF8070003E003209E
:10A300008DF80700FFE703E003208DF80700FFE763
:10A310000298C08840B9FFE79DF8070020B9FFE721
:10A320000398FEF7D9FAFFE704E003980299FEF7D5
:10A3300077FAFFE704E003980299FEF771FAFFE766
:10A3400004E003980299FEF76BFAFFE79DF8070017
:10A3500004B080BD0000000081B0009001B07047E3
:10A3600081B0009040F6E010C2F2004001B07047AA
:10A3700084B00390029103980190029800780090B5
:10A3800002984078012830D1FFE70298007800F069
:10A390000F01012000FA01F20199D1F81C081043C5
:10A3A000C1F81C080198009900EB4110D0F8000991
:10A3B0000004002818D4FFE7029988686FF3DF20B3
:10A3C000097940EA8140009A40EA8250019901EB04
:10A3D0004211D1F80029104348F20002C1F20002F4
:10A3E0001043C1F80009FFE72EE00298007800F062
:10A3F0000F01012000FA01F20199D1F81C0840EA8E
:10A400000240C1F81C080198009900EB4110D0F8F7
:10A41000000B0004002816D4FFE7029988686FF348
:10A42000DF20097940EA81400199009A01EB42114D
:10A43000D1F8002B104348F20002C1F20002104391
:10A44000C1F8000BFFE7FFE7002004B070470000F1
:10A4500082B00190019800900099D1F8000940F273
:10A46000FF729043C1F800090099D1F8040840F444
:10A470008070C1F80408002002B07047000000009E
:10A4800080B58AB0DDF830C0CDF814C004930392D3
:10A4900002919DF814108DF824100299039A049BE0
:10A4A00008930792069101909DF81D00012823D181
:10A4B000FFE70199886B20F4803088630199C868B0
:10A4C0004FF6BF72CFF6BD721040C8600199C868E0
:10A4D00020F44010C8609DF82400012806D1FFE751
:10A4E0000199C86840F48010C860FFE7019800F047
:10A4F0003FF88DF803001AE00199C86840F0400069
:10A50000C860019800F034F88DF803009DF8210030
:10A5100030B9FFE70199886B40F48030886305E02B
:10A520000199886B20F480308863FFE7FFE79DF88E
:10A530001A00012816D1FFE70199C86D80B2C865DD
:10A540000199C86D0022C0F2EE321043C86501992E
:10A55000886840F0060088600199886840F0200013
:10A560008860FFE79DF803000AB080BD000000008E
:10A5700083B0019000200090FFE700980130009028
:10A580000098B0F1706F04D9FFE703208DF80B003D
:10A5900026E0FFE701980069C00F0028EDD0FFE733
:10A5A000002000900199086940F001000861FFE770
:10A5B0000098013000900098B0F1706F04D9FFE767
:10A5C00003208DF80B000BE0FFE70198006900F015
:10A5D00001000128ECD0FFE700208DF80B00FFE719
:10A5E0009DF80B0003B0704784B00390029103986C
:10A5F000019002980078009002984078012845D197
:10A60000FFE70198009900EB4110D0F80009C00F56
:10A61000A8B1FFE70198009900EB4111D1F80009BA
:10A6200040F00060C1F800090198009900EB411169
:10A63000D1F8000940F08040C1F80009FFE7029816
:10A64000007800F00F01012000FA01F3019AD2F81E
:10A650003C189943C2F83C180299097801F00F019F
:10A6600000FA01F20199D1F81C089043C1F81C08C6
:10A670000198009900EB4111D1F8000947F600025A
:10A68000CEF633421040C1F8000946E00198009927
:10A6900000EB4110D0F8000BC00FA8B1FFE7019804
:10A6A000009900EB4111D1F8000B40F00060C1F8B7
:10A6B000000B0198009900EB4111D1F8000B40F01C
:10A6C0008040C1F8000BFFE70298007800F00F010E
:10A6D000012000FA01F3019AD2F83C1821EA034163
:10A6E000C2F83C180299097801F00F0100FA01F252
:10A6F0000199D1F81C0820EA0240C1F81C08019811
:10A70000009900EB4111D1F8000B47F60002CEF69C
:10A71000F3721040C1F8000BFFE7002004B070474F
:10A7200082B00190019800900099D1F8000E20F0BD
:10A730000300C1F8000E0099D1F8040820F00200CF
:10A74000C1F80408002002B07047000000000000BB
:10A7500082B00190019800900099D1F8000E20F08D
:10A760000300C1F8000E0099D1F8040840F002007F
:10A77000C1F80408002002B070470000000000008B
:10A7800080B58CB0DDF838C0CDF81CC006930592BA
:10A7900004919DF81C108DF82C100499059A069BC5
:10A7A0000A9309920891039000208DF80B000399F9
:10A7B00001910090FFE700980E280CD8FFE703985E
:10A7C000009900EB81010020C1F80401FFE7009827
:10A7D00001300090EFE79DF82A00B8B9FFE7019932
:10A7E000D1F8040840F00200C1F804080399886B0E
:10A7F00020F4001088630399086840F04000086066
:10A800000399086840F08000086005E00399886BB0
:10A8100040F400108863FFE701990020C1F8000EA2
:10A820009DF8250001280FD1FFE79DF8230028B9E6
:10A83000FFE70398002100F08FFE04E00398012158
:10A8400000F08AFEFFE704E00398032100F084FE95
:10A85000FFE70398102100F0AFFC20B1FFE70120D3
:10A860008DF80B00FFE7039800F06AFC20B1FFE7CA
:10A8700001208DF80B00FFE701990020C1F81008B6
:10A880000199C1F814080199C1F81C080090FFE76C
:10A8900000989DF8201088423BD2FFE7019800996C
:10A8A00000EB4110D0F80009C00FB0B1FFE70098ED
:10A8B00048B9FFE70198009900EB41114FF00060A3
:10A8C000C1F8000908E00198009900EB41114FF030
:10A8D0009040C1F80009FFE707E00198009900EBFC
:10A8E00041110020C1F80009FFE70198009900EB31
:10A8F00041110020C1F810090198009900EB4111A5
:10A900004FF67F30C1F80809FFE70098013000904A
:10A91000BEE700200090FFE700989DF820108842D5
:10A920003BD2FFE70198009900EB4110D0F8000BF3
:10A93000C00FB0B1FFE7009848B9FFE70198009950
:10A9400000EB41114FF00060C1F8000B08E00198E6
:10A95000009900EB41114FF09040C1F8000BFFE768
:10A9600007E00198009900EB41110020C1F8000BAD
:10A97000FFE70198009900EB41110020C1F8100B8E
:10A980000198009900EB41114FF67F30C1F8080B98
:10A99000FFE7009801300090BEE70199D1F8100858
:10A9A00020F48070C1F81008039900208861039991
:10A9B0006FF0804048619DF8220030B9FFE70399AD
:10A9C000886940F010008861FFE70399886943F6C1
:10A9D0000002C8F23C02104388619DF8260030B1A5
:10A9E000FFE70399886940F008008861FFE79DF858
:10A9F0002A00012808D1FFE7039988690422C4F2DC
:10AA0000000210438861FFE79DF80B000CB080BD89
:10AA100081B000900099886820F0010088600020D3
:10AA200001B070470000000086B004908DF80F1050
:10AA30000292049801900498006C0090009843F2F0
:10AA40000B01C4F6547188420BD3FFE70198D0F88C
:10AA5000000BC00F20B1FFE700208DF817002EE09B
:10AA6000FFE701990020C1F8100B0199D1F8100BF4
:10AA700040F40020C1F8100B0199D1F8100B40F000
:10AA80001800C1F8100B0199D1F8100B40F0C0402C
:10AA9000C1F8100B9DF80F0001280CD1FFE70298B8
:10AAA0000199C1F8140B0199D1F8000B40F08020F6
:10AAB000C1F8000BFFE700208DF81700FFE79DF8B5
:10AAC000170006B07047000084B00390029103980D
:10AAD000019002980078009002984078012820D1D7
:10AAE000FFE70198009900EB4111D1F8000920F42B
:10AAF0000010C1F8000902980079032805D0FFE78B
:10AB00000298007902280BD1FFE70198009900EB29
:10AB10004111D1F8000940F08050C1F80009FFE769
:10AB20001FE00198009900EB4111D1F8000B20F4CF
:10AB30000010C1F8000B02980079032805D0FFE748
:10AB40000298007902280BD1FFE70198009900EBE9
:10AB50004111D1F8000B40F08050C1F8000BFFE725
:10AB6000FFE7002004B0704784B00390029103987F
:10AB7000019002980078009002984078012822D134
:10AB8000FFE70198009900EB4110D0F80009C00FD1
:10AB900070B9FFE7009858B1FFE70198009900EB02
:10ABA0004111D1F8000920F08040C1F80009FFE709
:10ABB0000198009900EB4111D1F8000940F4001010
:10ABC000C1F8000921E00198009900EB4110D0F88C
:10ABD000000BC00F70B9FFE7009858B1FFE701986C
:10ABE000009900EB4111D1F8000B20F08040C1F832
:10ABF000000BFFE70198009900EB4111D1F8000B21
:10AC000040F40010C1F8000BFFE7002004B07047CB
:10AC100080B588B0079006918DF8172007980490AA
:10AC200006980078039006984078012840F0248127
:10AC3000FFE706980069F8B9FFE70498039900EB6D
:10AC40004111D1F810096FF3DC40C1F810090498E4
:10AC5000039900EB4111D1F8100940F40020C1F82C
:10AC600010090498039900EB4111D1F810096FF312
:10AC70001200C1F8100971E00498039900EB41112A
:10AC8000D1F810096FF31200C1F810090498039964
:10AC900000EB4111D1F810096FF3DC40C1F8100945
:10ACA0000398A8B9FFE7069881680069884204D92B
:10ACB000FFE7069988680861FFE70498039900EBAD
:10ACC0004111D1F8100940F40020C1F8100937E013
:10ACD00006988168006908440138B0FBF1F0ADF8CE
:10ACE0000A00BDF80A100020C1F6F87000EAC1425F
:10ACF0000498039900EB4111D1F810091043C1F8F1
:10AD0000100906980079012819D1FFE704980399E2
:10AD100000EB4111D1F8100920F0C040C1F8100932
:10AD2000BDF80A0000F003020498039900EB4111FA
:10AD3000D1F8100940EA4270C1F81009FFE7FFE7B7
:10AD4000069802696FF3DF420498039900EB411102
:10AD5000D1F810091043C1F81009FFE79DF817005A
:10AD600001283BD1FFE70698C06948B1FFE7069884
:10AD7000C0690499039A01EB4211C1F81409FFE775
:10AD80000698007901281ED1FFE70498D0F808083A
:10AD9000C00500280BD4FFE70498039900EB41118C
:10ADA000D1F8000940F00050C1F800090AE0049809
:10ADB000039900EB4111D1F8000940F08050C1F82F
:10ADC0000009FFE7FFE70498039900EB4111D1F870
:10ADD000000940F00440C1F800094CE004980399D0
:10ADE00000EB4111D1F8000940F00440C1F800091E
:10ADF00006980079012813D0FFE70698006970B122
:10AE0000FFE70698007800F00F01012000FA01F238
:10AE10000499D1F834081043C1F83408FFE729E059
:10AE20000498D0F80808C00500280BD4FFE7049860
:10AE3000039900EB4111D1F8000940F00050C1F82E
:10AE400000090AE00498039900EB4111D1F80009C8
:10AE500040F08050C1F80009FFE70798069BD968C9
:10AE60001A781B8A9DF817C0EE46CEF800C000F095
:10AE700067FCFFE7FFE7C4E00498039900EB41118A
:10AE8000D1F8100B6FF31200C1F8100B049803995E
:10AE900000EB4111D1F8100B6FF3DC40C1F8100B3F
:10AEA000039818BBFFE70698006920B1FFE70699F1
:10AEB00088680861FFE70699886808620698026A50
:10AEC0006FF3DF420498039900EB4111D1F8100BA6
:10AED0001043C1F8100B0498039900EB4111D1F80D
:10AEE000100B40F40020C1F8100B49E006980069EF
:10AEF000C0B9FFE7069882686FF3DF4204980399B0
:10AF000000EB4111D1F8100B1043C1F8100B04985D
:10AF1000039900EB4111D1F8100B40F40020C1F867
:10AF2000100B2CE006988168006908440138B0FBDA
:10AF3000F1F0ADF80A0006998868BDF80A20504380
:10AF40000862BDF80A100020C1F6F87000EAC1429C
:10AF50000498039900EB4111D1F8100B1043C1F88C
:10AF6000100B0698026A6FF3DF420498039900EB16
:10AF70004111D1F8100B1043C1F8100BFFE7FFE7A8
:10AF80009DF8170001280ED1FFE70698C06848B168
:10AF9000FFE70698C0680499039A01EB4211C1F8D3
:10AFA000140BFFE7FFE70698007901281ED1FFE7A1
:10AFB0000498D0F80808C00500280BD4FFE70498CF
:10AFC000039900EB4111D1F8000B40F00050C1F89B
:10AFD000000B0AE00498039900EB4111D1F8000B33
:10AFE00040F08050C1F8000BFFE7FFE70498039999
:10AFF00000EB4111D1F8000B40F00440C1F8000B08
:10B00000FFE7002008B080BD85B0049003910020C8
:10B0100002908DF80700049800900398407801286A
:10B020003ED1FFE700980399097800EB4110D0F872
:10B030000009C00F98B3FFE700980399097800EB67
:10B040004111D1F8000940F00060C1F800090098F2
:10B050000399097800EB4111D1F8000940F08040D4
:10B06000C1F80009FFE7029801300290029842F20D
:10B070001171884204D3FFE701208DF807000DE02D
:10B08000FFE700980399097800EB4110D0F8000918
:10B0900000F00040B0F1004FE5D0FFE7FFE73DE0F2
:10B0A00000980399097800EB4110D0F8000BC00F0D
:10B0B00098B3FFE700980399097800EB4111D1F8A4
:10B0C000000B40F00060C1F8000B0098039909786C
:10B0D00000EB4111D1F8000B40F08040C1F8000BAB
:10B0E000FFE7029801300290029842F21171884203
:10B0F00004D3FFE701208DF807000DE0FFE700987B
:10B100000399097800EB4110D0F8000B00F00040E3
:10B11000B0F1004FE5D0FFE7FFE7FFE79DF807003C
:10B1200005B070470000000081B000900099886869
:10B1300040F001008860002001B07047000000006E
:10B1400083B0019000200090FFE70098013000904C
:10B150000098B0F1706F04D9FFE703208DF80B0061
:10B1600024E0FFE701980069C00F0028EDD0FFE759
:10B1700000200090019910200861FFE7009801303D
:10B1800000900098B0F1706F04D9FFE703208DF8AC
:10B190000B000BE0FFE70198006900F01000102899
:10B1A000ECD0FFE700208DF80B00FFE79DF80B00C7
:10B1B00003B070470000000084B0029001910020AD
:10B1C0000090FFE70098013000900098B0F1706F98
:10B1D00004D9FFE703208DF80F0026E0FFE702986F
:10B1E0000069C00F0028EDD0FFE700200090019813
:10B1F0008001203002990861FFE70098013000903B
:10B200000098B0F1706F04D9FFE703208DF80F00AC
:10B210000BE0FFE70298006900F020002028ECD046
:10B22000FFE700208DF80F00FFE79DF80F0004B046
:10B23000704700000000000084B003900398029063
:10B240000298D0F8080800F006000090009820B995
:10B25000FFE700208DF8070010E00098022804D0D6
:10B26000FFE70098062804D1FFE702208DF80700C9
:10B2700003E00F208DF80700FFE7FFE79DF80700C8
:10B2800004B070470000000081B000900098406951
:10B2900000F0010001B0704783B002900298019065
:10B2A0000198D0F8180800900198D0F81C18009860
:10B2B00008400090BDF8000003B070470000000097
:10B2C00083B00290029801900198D0F8180800907D
:10B2D0000198D0F81C18009808400090BDF80200B2
:10B2E00003B070470000000086B005908DF8131081
:10B2F000059803900398D0F8100801900398D0F8AF
:10B300003408009000989DF8131001F00F01C84018
:10B3100000F00101019840EAC110019003989DF8E6
:10B32000131000EB4110D0F8080901990840029071
:10B33000029806B07047000084B003908DF80B109F
:10B340000398019001989DF80B1000EB4110D0F884
:10B35000080B00900198D0F814180098084000904D
:10B36000009804B07047000082B0019001984069D5
:10B37000009001988169009808400090009802B000
:10B38000704700000000000089B008900791ADF8F8
:10B390001A200898059007980490BDF81A008008B4
:10B3A0000190BDF81A0000F00300ADF80200002083
:10B3B0000290FFE702980199884217D2FFE70598AB
:10B3C0004FF480514058049908600498013004906B
:10B3D00004980130049004980130049004980130DE
:10B3E0000490FFE7029801300290E3E7BDF8020005
:10B3F00008B3FFE70020029005984FF480514058B1
:10B400000390FFE703989DF80810C900C84004990D
:10B410000870029801300290049801300490BDF841
:10B4200002000138ADF80200FFE7BDF80200002875
:10B43000E8D1FFE7FFE7049809B07047000000007B
:10B4400080B586B004908DF80F100020029004990A
:10B45000C86820F0C040C8609DF80F00012823D1C3
:10B46000FFE70499C86840F00050C860FFE70A2071
:10B47000EBF7D6FB02980A300290FFE70498FFF73B
:10B4800003FF014600200129019007D0FFE7029940
:10B490000020C82938BF01200190FFE70198C007AC
:10B4A0000028E4D1FFE72AE09DF80F0010BBFFE77A
:10B4B0000499C86840F08040C860FFE70A20EBF7B5
:10B4C000AFFB02980A300290FFE70498FFF7DCFE1A
:10B4D00001460020009039B1FFE702990020C829F9
:10B4E00038BF01200090FFE70098C0070028E5D191
:10B4F000FFE703E001208DF817000CE0FFE702985A
:10B50000C82804D1FFE701208DF8170003E00020D0
:10B510008DF81700FFE79DF8170006B080BD00000A
:10B5200083B002908DF80710029800900099D1F82E
:10B53000000820F4FE60C1F800089DF8070000F044
:10B540007F020099D1F8000840EA0210C1F8000813
:10B55000002003B07047000083B002908DF8071000
:10B56000029800909DF807200099D1F80008104338
:10B57000C1F80008002003B0704700000000000080
:10B5800084B0039002918DF807209DF807000228EF
:10B5900040F0B880FFE702984AF6C041C0F2D801F7
:10B5A00088420BD3FFE702984EF2BF11C0F2E401CC
:10B5B000884203D8FFE70F200090A2E002984EF2E5
:10B5C000C011C0F2E40188420BD3FFE7029842F2B7
:10B5D000FF31C0F2F401884203D8FFE70E2000904B
:10B5E0008EE0029842F20041C0F2F40188420BD38F
:10B5F000FFE7029847F27F31C0F20611884203D874
:10B60000FFE70D2000907AE0029847F28031C0F207
:10B61000061188420BD3FFE7029844F69F11C0F24F
:10B620001A11884203D8FFE70C20009066E00298C8
:10B6300044F6A011C0F21A1188420BD3FFE702981A
:10B6400042F6FF41C0F23111884203D8FFE70B20D8
:10B65000009052E0029842F60051C0F23111884247
:10B660000BD3FFE702984AF23F41C0F24C118842E7
:10B6700003D8FFE70A2000903EE002984AF24041DA
:10B68000C0F24C1188420BD3FFE7029843F2FF51FE
:10B69000C0F26E11884203D8FFE7092000902AE02B
:10B6A000029843F20061C0F26E1188420BD3FFE7AB
:10B6B00002984AF61F31C0F2A611884203D8FFE76C
:10B6C0000820009016E002984AF62031C0F2A61138
:10B6D00088420BD3FFE7029844F2FF71C0F2E811F1
:10B6E000884203D8FFE70720009002E00620009080
:10B6F000FFE7FFE7FFE7FFE7FFE7FFE7FFE7FFE71A
:10B70000FFE70AE09DF8070018B9FFE7092000905D
:10B7100002E009200090FFE7FFE70399C86820F4E2
:10B720007050C860009800F00F020399C86840EAA2
:10B730008220C860002004B07047000000000000B4
:10B7400080B588B084460A98CDF81CC006918DF863
:10B750001720ADF814308DF8130007980390069861
:10B7600002909DF8130048BBFFE7BDF814000330BA
:10B770008008019000200090FFE70098019988421E
:10B780001BD2FFE70298006803999DF8172001EB90
:10B7900002314FF480528850029801300290029892
:10B7A000013002900298013002900298013002901C
:10B7B000FFE7009801300090DFE7FFE7002008B0C6
:10B7C00080BD00000000000080B58CB00B90ADF88B
:10B7D0002A100992BDF92A000090002001900290E1
:10B7E000082103910490059006900790089009F0B5
:10B7F00043F80B98099A6946EBF7B6FA98B3FFE756
:10B800000B9845F2C831C2F20141884208D1FFE7E6
:10B8100040F21411C2F2000188880130888021E0D2
:10B820000B9845F26841C2F20141884208D1FFE716
:10B8300040F21411C2F20001C8880130C88010E043
:10B840000B9845F20851C2F20141884208D1FFE746
:10B8500040F21411C2F20001088901300881FFE7AB
:10B86000FFE7FFE7FFE709F073FB0CB080BD0000C6
:10B8700010B586B08C46864609980899CDF814E034
:10B88000ADF812C0ADF81020ADF80E30ADF80C10C8
:10B89000ADF80A000020019000909DF811008DF88D
:10B8A0000000BDF810008DF801009DF80F008DF824
:10B8B0000200BDF80E008DF803009DF80D008DF814
:10B8C0000400BDF80C008DF805009DF80B008DF804
:10B8D0000600BDF80A008DF807000598BDF91210A2
:10B8E0006A46FFF771FF06B010BD000000000000BF
:10B8F000FFE7FEE70000000080B586B005900491E8
:10B90000059808B9FFE771E0FFE7049800286DD0BB
:10B91000FFE740F2F410C2F200400068013060B965
:10B92000FFE705980078A52807D1FFE740F2F4115A
:10B93000C2F2004100200860FFE740F2F410C2F2BA
:10B9400000400068002849D4FFE740F2F410C2F23A
:10B9500000400068C0F15C0003900398049988429D
:10B9600003D2FFE70398019002E004980190FFE7FB
:10B970000198029040F2F410C2F200400090016879
:10B9800040F2D060C2F2000008440599029AE4F740
:10B990006CFE0098029A01681144016000685C28FE
:10B9A00013D1FFE740F2D060C2F2000090F85B00D4
:10B9B0005A280AD1FFE740F2F411C2F200414FF0D9
:10B9C000FF30086000F094F8FFE7029905980844FA
:10B9D000059002990498401A049006E005980130F9
:10B9E0000590049801380490FFE78EE706B080BD0B
:10B9F00080B500F009F840F22C70C2F2000031214D
:10BA0000E5F77AFF80BD000080B582B040F22C706F
:10BA1000C2F2000001905A21017040F60041C2F2CA
:10BA200000414A7FB2FA82F25209427000228270CB
:10BA300044F63822C2F20142D2F8B030C0F80B30DE
:10BA400040F29C53C2F20043D3F830C0C0F807C0A4
:10BA5000DB6AC0F80330B2F90C33A3F6962300EE8C
:10BA6000103AB8EEC00A9FED1A1A20EE010A9FEDB7
:10BA7000191A20EE010A10EE103AC0F80F3092EDBC
:10BA8000FC2A9FED150A30EE420A9FED142A80EE43
:10BA9000020A20EE010A10EE102AC0F81320D1F895
:10BAA0001920C0F81720FF22C2761C301322E4F7B9
:10BAB000DCFD01994EF60450C2F20240007800F01D
:10BAC000010081F82F00A52081F8300002B080BD70
:10BAD000000000390000B44319040640DB0FC940E0
:10BAE00040F22C71C2F200015A2008707047000029
:10BAF00080B5B0B040F2D060C2F200001890D0F82B
:10BB00003D1081F0004100EE101A9FEDDC1A20EE8E
:10BB1000010A40F26471C2F2000181ED000AD0F81E
:10BB2000391081F0004100EE101A20EE010A4EF6A5
:10BB30001451C2F2024181ED000AD0F8411040F2E6
:10BB40006072C2F200021160D0F8451044F2F47243
:10BB5000C2F20142C2F8381190F8521040F2EF02DE
:10BB6000C2F20002117090F855105170B0F85910DF
:10BB7000518090F85610117190F85810917190F80A
:10BB8000571051714078012840F09A80FFE74EF637
:10BB90000452C2F202420120107040F2D060C2F2A0
:10BBA000000050F8021F5160416891608168D160C7
:10BBB00040F29C51C2F2004191ED0D0A9FEDB02A76
:10BBC00080EE021A416800EE101A80EE020A9FED24
:10BBD000AD2A20EE020A91EE020A8DED2F0AC1680D
:10BBE0002E9101692D9140692C909DED2C0AB7EEA4
:10BBF000C00A8DED140B9DED2E0AB7EEC00A09F0B8
:10BC0000EFFCB0EE401B9DED140B20EE010BB7EEE8
:10BC1000C00B8DED2B0A9DED2C0AB7EEC00A8DED01
:10BC2000160B9DED2E0AB7EEC00A09F011FEB0EE1C
:10BC3000401B9DED160B20EE010BB7EEC00B8DEDFA
:10BC40002A0A9DED2F0AB7EEC00A09F079FEB7EE79
:10BC5000C00B8DED290A9DED290A9DED2B1A9DED56
:10BC60002D2A9DED2A3A32EE432A81EE021AB4EED5
:10BC7000410AF1EE10FA1BDAFFE79DED290A9DED6E
:10BC80002B1AB1EE411A9DED2D2A9DED2A3A32EE86
:10BC9000032A81EE021AB4EE410AF1EE10FA07DD32
:10BCA000FFE745F6E041C2F201410320087106E0DA
:10BCB00045F6E041C2F2014100200871FFE7DBE1F7
:10BCC00040F2D060C2F200004078022840F0C78104
:10BCD000FFE745F6E040C2F201400079012807D0B5
:10BCE000FFE745F6E041C2F2014100200871FFE79D
:10BCF000ECF7DEFC28904FF0FF30279000208DF805
:10BD00009B004FF6FF71C7F67F7125912490FFE7E6
:10BD10002498012800F38E80FFE7249940F2D06038
:10BD2000C2F20000084490F93600239023980130B5
:10BD300000287AD0FFE72898239A41F62041C2F2E2
:10BD4000004151F82210401A00EE100AB8EE400AE5
:10BD50009FEDCC1A20EE010A8DED220A9DED220AFC
:10BD6000249A40F2D060C2F20000811C01EB8201F3
:10BD7000C96A01EE101AD0F80A0002EE100A31EE7C
:10BD8000021A0020B4EE410AF1EE10FAA8BF012019
:10BD90008DF887009DF88700C00780B9FFE79DED0B
:10BDA000220A40F2D060C2F20000D0F80A0001EE90
:10BDB000100AB4EE410AF1EE10FA35DCFFE740F26A
:10BDC0009C50C2F2004090ED0C1A90ED0D0A24999F
:10BDD00040F2D060C2F2000000EB8100D0F80E10FB
:10BDE000D0F8160002EE101A30EE420A02EE100AE7
:10BDF00071EE420A09F04CFC8DED200A9DED200AFF
:10BE00009DED251AB4EE410AF1EE10FA0BDAFFE7C8
:10BE1000249827909DF8870000F001008DF89B0082
:10BE200020982590FFE7FFE7FFE7FFE72498013020
:10BE300024906DE727980130002800F00381FFE788
:10BE40004EF60451C2F202410120087040F2D06067
:10BE5000C2F2000050F8022F4A60279A00EB8202DB
:10BE6000D2688A60279A00EB82004069C8609DF81A
:10BE70009B00C007002800F0E48005E000007A4441
:10BE800000003443DB0F494040F29C50C2F20040B6
:10BE9000059090ED0D0A9FED792A8DED0A2A80EE2E
:10BEA000021A279A40F2D060C2F20000811C099168
:10BEB00001EB8202D26800EE102A80EE020A9FEDAA
:10BEC000702A8DED0B2A20EE020A91EE020A8DED0A
:10BED0001F0A279A01EB8202D2691E92279A01EB70
:10BEE0008201496A1D91D0F806001C909DED1D0A43
:10BEF000B7EEC00A8DED000B9DED1F0A9DED1E1AD9
:10BF000030EE410AB7EEC00A09F06AFBB0EE401B02
:10BF10009DED000B80EE010BB7EEC00B8DED1B0A03
:10BF20009DED1B0AB7EEC00A8DED020B9DED1F0AB9
:10BF3000B7EEC00A09F08CFCB0EE401B9DED020B81
:10BF400020EE010BB7EEC00B8DED1A0A9DED1B0A1A
:10BF5000B7EEC00A8DED060B9DED1E0AB7EEC00AC6
:10BF600009F03EFB05989DED0A2A9DED0B1AB0EEF7
:10BF7000403B9DED060B20EE030BB7EEC00B8DEDA5
:10BF8000190A9DED1A0A8DED130A9DED190AB7EEF7
:10BF9000C00A8DED100B90ED0C0A80EE020A20EE27
:10BFA000010AB7EEC00A09F0CBFC09989DED0A2AF8
:10BFB0009DED0B1A8DED0E0B9DED1D0AB7EEC00A1F
:10BFC0008DED0C0B279900EB8100406900EE100A03
:10BFD00080EE020A20EE010AB7EEC00A09F0B0FCBA
:10BFE0009DED0C1B9DED0E3B9DED102BB0EE404BDF
:10BFF0009DED130A21EE041B92EE031BF7EEC10B1D
:10C0000009F046FB9DED1C1AB4EE410AF1EE10FA60
:10C0100016DCFFE745F6E041C2F20141012008715C
:10C020002898279A40F2D061C2F20001114491F998
:10C03000362041F62041C2F2004141F82200FFE7DC
:10C04000FFE70BE04EF60451C2F2024100200870F7
:10C0500045F6E041C2F201410871FFE70BE04EF600
:10C060000451C2F202410020087045F6E041C2F2DC
:10C0700001410871FFE7FFE730B080BD00003443A5
:10C08000DB0F49406F12833A80B540F20000C2F2E4
:10C0900000409E21E4F782FB0023184619461A4609
:10C0A00000F002F880BD000080B584B0ADF80E004D
:10C0B0008DF80D108DF80C208DF80B30BDF80E00AA
:10C0C000012801DBFFE74BE000F072F8BDF80E003D
:10C0D00000EB4000C000019000208DF80300FFE756
:10C0E0009DF80300072838DCFFE79DF80C009DF859
:10C0F00003309840010621200029024648BF422211
:10C1000001990B4440F20001C2F2004121F81320D2
:10C110009DF80D209DF803C002FA0CF21206002AC9
:10C12000024648BF4222019B634401EB43031A824B
:10C130009DF80B209DF803309A401206002A48BF54
:10C140004220019A1A4401EB42010884FFE79DF85E
:10C15000030001308DF80300C2E700F005F8FFE7A7
:10C1600004B080BD0000000080B500F021F840F26E
:10C17000F430C2F2000002680021916340F268725C
:10C18000C2F200020121117040F20002C2F200422C
:10C1900004214F23F2F778F938B1FFE740F26871D4
:10C1A000C2F2000100200870FFE780BD000000001F
:10C1B00080B582B0ECF77CFA0190FFE740F268703E
:10C1C000C2F200000078B0B1FFE7ECF771FA019914
:10C1D000401A03280ED3FFE740F2F430C2F2000009
:10C1E0000421F2F7C5FB40F26871C2F200010020A1
:10C1F000087000E0E2E702B080BD0000000000002F
:10C2000080B506F0A1F980BD80B588B0069006988B
:10C21000049042F25001C0F20101405CC00720B11D
:10C22000FFE701208DF81F00FBE0049800218DF846
:10C230001710022103F044FF8DF817009DF8170036
:10C2400040B9FFE70498D0F8481B04F0C9F88DF80E
:10C250001700FFE79DF8170040B9FFE7049800F5C5
:10C26000356104F0BDF88DF81700FFE79DF8170061
:10C2700048B9FFE7049841F20871014404F0B0F8AE
:10C280008DF81700FFE79DF8170048B9FFE70498FD
:10C2900042F28821014404F0A3F88DF81700FFE76B
:10C2A0009DF8170048B9FFE7049842F61861014469
:10C2B00004F096F88DF81700FFE79DF81700E8B92D
:10C2C000FFE7049842F618610844039002F034FD39
:10C2D00001460498019142F288210844029005F039
:10C2E0008BFA0146019805F027F904980299039A00
:10C2F000002303F019FF8DF81700FFE79DF81700E2
:10C3000048B9FFE7049843F6B811014404F068F80F
:10C310008DF81700FFE79DF8170048B9FFE704986C
:10C320004AF2D001014404F05BF88DF81700FFE7F2
:10C330009DF8170048B9FFE704984CF2F821014432
:10C3400004F04EF88DF81700FFE79DF8170048B984
:10C35000FFE704984EF29051014404F041F88DF843
:10C360001700FFE79DF8170030B9FFE7049804F0C5
:10C3700047F98DF81700FFE79DF8170030B9FFE780
:10C38000049803F0C9FC8DF81700FFE79DF817002B
:10C3900030B9FFE7049804F0CBFA8DF81700FFE7F7
:10C3A000049805F0F5FD0146049840F2F812C2F237
:10C3B00000420092516105F0E3FD009A01460498A5
:10C3C00091619DF81710D16105F0EAFD009A0146D0
:10C3D0000498C2F8601105F02BFB009A0499C2F88A
:10C3E0006401012082F8D1019DF81700B0FA80F0B5
:10C3F000400982F824009DF81700B0FA80F0400947
:10C4000082F825009DF81700B0FA80F0400942F24A
:10C410005002C0F2010288549DF817008DF81F00E9
:10C42000FFE79DF81F0008B080BD0000000000007D
:10C4300080B592B010901098079042F25001C0F26F
:10C440000101405CC00720B9FFE704208DF84700D8
:10C45000ADE0079840F2F811C2F20041096D0F916A
:10C4600043F6B81108440F9900F0B2FF40B9FFE756
:10C4700040F2F811C2F20041086E01300866FFE791
:10C48000079840F2F811C2F20041D1F858110E910C
:10C490000E9903F01DFC50B9FFE740F2F811C2F20B
:10C4A0000041D1F870010130C1F87001FFE7079831
:10C4B0004CF2F821084440F2F811C2F20041069112
:10C4C00091F8D111002918BF012101F069F809A8DC
:10C4D000019002F065F807980199069AD2F8D831D0
:10C4E0000993D2F8DC310A9392F8E831002B18BF97
:10C4F00001238DF83430D2F8E0310B93D2F8E421E7
:10C500000C924EF29052104401F012F9079842F248
:10C510004002C0F201020292811805918158013156
:10C5200081504CF2F0210844039005F075F9029A0D
:10C53000059B8C460799C3F80CC0986042F2200016
:10C54000C0F201000844049089589A68DB6802F040
:10C550001FFD07980599049A03F036FC01460798D9
:10C560008DF8231000F01CFA079800F0ADF807983A
:10C5700000F05AF8079800F06FFA079800F0A8FA50
:10C58000039805F049F9024604980B460599CB60DB
:10C590008A608A68CB6802F04FFD06999DF82300F7
:10C5A00081F826009DF823008DF84700FFE79DF8ED
:10C5B000470012B080BD000082B0019000910020C1
:10C5C00002B070470000000080B582B00190019871
:10C5D0000090012102F088FF009846F2E451C0F675
:10C5E00002010831016002B080BD000000000000BF
:10C5F00080B582B001900198009000F009F8009891
:10C600004FF4366105F012FF02B080BD000000005B
:10C6100080B582B001900198009002F091FF0098DF
:10C6200002B080BD0000000080B586B0059005987E
:10C630000090049005F0F4F90146009840F2F812D9
:10C64000C2F200420292C2F85C1105F0A9FC029A03
:10C6500001460098C2F8601105F0EAF9029A014615
:10C660000098C2F8641105F073FA029A0146009826
:10C67000C2F8681105F064FA029A01460098C2F8FF
:10C680006C1142F24001C0F201014158C2F874112C
:10C690004AF2D0010844019005F042F8024602989F
:10C6A00000F5BC7104A8039005F012FE019805F096
:10C6B0003FF802990246039801F5CC7105F008FE97
:10C6C00006B080BD0000000080B598B017901798A4
:10C6D0000D90169043F6B81108440E9004F06CFFCC
:10C6E00001460E98159104F057FF05F0B1FC149027
:10C6F000149805F085F9014600200F9079B1FFE705
:10C70000149805F085F90D9942F24002C0F2010239
:10C710008958401AB0FA80F040090F90FFE70F984F
:10C7200000F001008DF84F00159805F071FC40F203
:10C73000F811C2F200410C914865159805F058FCBB
:10C740000C998865159805F06BFC0C9A01460D98BC
:10C75000D16542F24001C0F201014158516643F6F1
:10C76000B811084404F020FF04F02EFF05F048F94A
:10C7700078B1FFE70D9843F6B811084404F014FFB0
:10C7800004F022FF05F034F990ED000A8DED0B0A5C
:10C7900004E09FED820A8DED0B0AFFE79DED0B0A89
:10C7A00040F2F811C2F2004181ED1B0A9DF84F00E2
:10C7B00000F0010081F874009DF84F00C00740B1FF
:10C7C000FFE7149805F014F990ED000A8DED0A0AC0
:10C7D00004E09FED720A8DED0A0AFFE79DED0A0A5B
:10C7E00040F2F810C2F2004080ED1C0A9DF84F00A4
:10C7F000C00728B1FFE7149805F00AF9099002E094
:10C8000000200990FFE70D98099940F2F812C2F252
:10C8100000420792916643F6B8110844069004F06E
:10C82000C3FE0246079800F1780116A8089005F0AB
:10C8300087FD069804F0B0FE0799024608989831E3
:10C8400005F07EFD0020ADF84C00FFE7BDF84C0080
:10C85000012800F2A080FFE70D9843F6B8110844C4
:10C86000BDF84C1000F08CFC1290129800F0A8FB60
:10C8700004F08AFE1190119805F0C2F801460020DC
:10C88000059079B1FFE7119805F0C2F80D9942F2D1
:10C890004002C0F201028958401AB0FA80F0400903
:10C8A0000590FFE7059800F001008DF84300BDF802
:10C8B0004C1040F2F810C2F20040B830049001EB86
:10C8C000810100EB01100190129800F071FB0199B9
:10C8D000024616A8039005F033FD0498BDF84C10ED
:10C8E00001EB810100EB011020300290129800F062
:10C8F00067FB02990246039805F022FD129800F0AA
:10C9000057FB04F039FE0499BDF84C2002EB82027B
:10C9100001EB02110864129800F052FB04F02CFEA7
:10C920000499BDF84C2002EB820201EB0212506424
:10C930009DF8430000F00100BDF84C2002EB82029C
:10C9400001EB021181F84C009DF84300C00740B193
:10C95000FFE7119805F04CF890ED000A8DED000A04
:10C9600004E09FED0E0A8DED000AFFE79DED000A41
:10C97000BDF84C0000EB800140F2F810C2F200401C
:10C9800000EB011080ED400AFFE7BDF84C000130DC
:10C99000ADF84C005AE718B080BD00BF00000000A1
:10C9A00080B584B00390039842F61861084404F0FF
:10C9B0002BFF0290029805F00FF808B9FFE749E055
:10C9C000029805F001F8019000208DF80300FFE7C0
:10C9D0009DF8030003281CDCFFE701989DF8032065
:10C9E00050F8220040F2F811C2F20041283141F81B
:10C9F000220001989DF8032000EB4200008A01EB21
:10CA000042010882FFE79DF8030001308DF8030022
:10CA1000DEE70198806940F2F811C2F20041086433
:10CA20000198C0694864019890F8200000F0010066
:10CA300081F84C00019890F8280000F0010081F87E
:10CA40004D00019890F8210081F84E000198406A4D
:10CA50008864FFE704B080BD80B584B0039003987C
:10CA600042F24001C0F20101415840F2F812C2F214
:10CA700000420292C2F8B8114CF2F8210844019029
:10CA800004F0CEFD029A01460198C2F8BC1104F0F0
:10CA9000D3FD029A01460198C2F8C01104F0A8FD26
:10CAA000029B0246019800920A460099C3E972125D
:10CAB00004F0AAFD029A0146019882F8D01104F010
:10CAC0008BFD029981F8D10104B080BD0000000007
:10CAD00080B58AB00990099801904EF290510844AF
:10CAE000039004F0B5FD089040F2F810C2F2004047
:10CAF000049000F5EC710791089A00F5FC710DF1B6
:10CB00001B00029005F054FC02980499089A3032F8
:10CB100001F50A7105F04CFC0398049A0899D1F8C4
:10CB20008010C2F8F41104F0A7FD049A014603989E
:10CB3000C2F8EC1104F0ACFD0499C1F8F0010898BA
:10CB400090F8600081F85802089890F86010012071
:10CB50000429059009D0FFE7089890F8600005388F
:10CB6000B0FA80F040090590FFE7059800F0010059
:10CB700040F2F811C2F2004181F8590200208DF80C
:10CB80001A00FFE79DF81A00012816D8FFE7089859
:10CB90009DF81A1000EBC10090ED1A0B40F2F8104E
:10CBA000C2F2004000EBC10080ED980BFFE79DF85A
:10CBB0001A0001308DF81A00E4E70198089991ED08
:10CBC0001E0B40F2F812C2F20042009282ED9C0B62
:10CBD000089991ED260B82ED9E0B0899D1F88410EF
:10CBE000C2F880120899D1F88810C2F88412089906
:10CBF000D1F88C10C2F888120899D1F89010C2F8B8
:10CC00008C124EF29051084404F02EFD0099C1F8A8
:10CC100090020AB080BD000080B588B006900698EA
:10CC20000590079040F64831E3F7B8FD059803F00A
:10CC30003FFF059800210491C0F8481B00F53560BE
:10CC400001F0CEFF059841F2087108446421029179
:10CC500001F07EFE059A049902F50A5001904FF406
:10CC60000A53D15002F0A8FA0598019A42F288219D
:10CC700008441E2102F014F80598029A42F6186141
:10CC800008441F2102F0ECF8059843F6B811084457
:10CC900000F0AAFB05984AF2D001084401F03CFCE0
:10CCA000059A04994CF2F023D0180390D15002F069
:10CCB00043F9059803994CF2F822104400F0C8FC9F
:10CCC00005984EF29051084400F0AEFE0598039985
:10CCD00042F22002C0F20102104402F0E9F9049885
:10CCE000059942F24003C0F20103CA18C8504FF43C
:10CCF0007A735360D060906042F25002C0F2010239
:10CD0000885440F2FC00C2F200000078BFF35F8F4D
:10CD1000C00708BBFFE740F2FC00C2F2000007F0CA
:10CD20005CF9C8B1FFE743F69040C2F201400090C1
:10CD3000FFF74AFC00994CF21160C0F6010040F286
:10CD40000002C0F60002E3F78BFC40F2FC00C2F2E6
:10CD5000000007F058F9FFE7059943F69040C2F24A
:10CD60000140C1F8480B079808B080BD00000000E2
:10CD700080B582B001900198009042F22001C0F28B
:10CD80000101084402F0C0F900984EF290510844A5
:10CD900000F092FE00984CF2F821084400F0ACFC40
:10CDA00000984CF2F021084402F0E6F800984AF2AC
:10CDB000D001084401F0E0FB009843F6B8110844A4
:10CDC00000F05EFB009842F61861084402F090F80B
:10CDD000009842F28821084401F0A2FF009800F573
:10CDE0000A5002F009FA009841F20871084401F073
:10CDF000F3FD009800F5356001F02AFF009802B0BD
:10CE000080BD00000000000080B582B0019000915C
:10CE1000019800F66830009904F09EFB02B080BDD6
:10CE200080B582B001900091019800F66C3002F05C
:10CE300053FD02B080BD000082B0019000910199C5
:10CE40000020C1F8640B02B0704700000000000031
:10CE500080B586B00490039104980190D0F8641BCB
:10CE60000131C0F8641B00F66C3002F035FD01980A
:10CE700000F668300399096805F0CEF920B9FFE79C
:10CE800001208DF8170023E0019800F6683005F0C6
:10CE9000E3F90146019891ED001A00F65C3191ED3D
:10CEA000002A00F5366191ED000AA1EE020A8DED2F
:10CEB000020A00F678300399096802AA02F078FAAB
:10CEC00001460420002918BF00208DF81700FFE755
:10CED0009DF8170006B080BD80B582B0019000912A
:10CEE000019800F66C3002F0F7FC02B080BD000043
:10CEF00080B588B00790ADF81A108DED050ACDED1C
:10CF0000040A07980390BDF81A1002F0EDFA039A8C
:10CF100046F21860C0F60200083010600598C2F8AA
:10CF20005C0B0498C2F8600B00210091C2F8641BEE
:10CF300002F66830C2F8681B04F016FB0099039AE9
:10CF400002F66C300290C2F8741BC2F8701BC2F873
:10CF50006C1B02F0D9FC0099039A02F6783001901C
:10CF6000C2F8781B02F040FA0198029902F018FA10
:10CF7000039808B080BD000080B582B00190019890
:10CF8000009000F009F800984FF4386105F04EFA6F
:10CF900002B080BD0000000080B582B00190019811
:10CFA000009002F0CDFA009802B080BD00000000B1
:10CFB00081B00090009800F5366001B07047000025
:10CFC00081B00090009800F5B75001B070470000A4
:10CFD00080B586B005900598039002F069FA039930
:10CFE00001F5366103F0FCF98DF813009DF813008C
:10CFF00058B9FFE7039802F05BFA039901F5B751BE
:10D0000003F0EEF98DF81300FFE79DF81300C0B9A7
:10D01000FFE7039800F5B751029100F536600190E3
:10D0200004F0B2FA01460298FFF7EEFE039802F010
:10D030003FFA0199029A002303F076F88DF8130065
:10D04000FFE79DF8130006B080BD0000000000005F
:10D0500082B001900091002002B0704700000000F3
:10D0600080B586B00590ADF812108DED030ACDEDB8
:10D07000020A05980190BDF8121002F035FA0198E5
:10D0800046F24C61C0F602010831016000F53660DD
:10D09000BDF812100131DDED030A89B2B7EE000AC6
:10D0A000FFF726FF019800F5B750BDF812100231C6
:10D0B0009DED020A89B2DFED030AFFF719FF01981F
:10D0C00006B080BD0000000080B582B001900198DC
:10D0D000009000F009F8009842F2602105F0A6F9EE
:10D0E00002B080BD0000000080B582B001900198C0
:10D0F000009000F5B750FFF74FFF009800F536603D
:10D10000FFF74AFF009802F01BFA009802B080BDBA
:10D1100082B001900091002002B070470000000032
:10D1200080B584B00390ADF80A1003980190BDF863
:10D130000A1002F0D9F9019846F28061C0F60201A6
:10D140000831016004B080BD80B582B001900198C3
:10D15000009000F009F800984FF4366105F066F988
:10D1600002B080BD0000000080B582B0019001983F
:10D17000009002F0E5F9009802B080BD00000000C8
:10D1800084B00390ADF80A1003980190BDF80A002E
:10D1900028B9FFE7019800F5B750009004E0019826
:10D1A00000F565500090FFE7009804B0704700005C
:10D1B00080B592B0109010980D9002F079F90D9909
:10D1C0000F900F9801F5376103F00AF98DF83B00D5
:10D1D0009DF83B0048B9FFE70D990F9801F5B7514D
:10D1E00003F0FEF88DF83B00FFE79DF83B0048B9DF
:10D1F000FFE70D990F9801F5655103F0F1F88DF8EF
:10D200003B00FFE79DF83B0050B9FFE70D990F98F1
:10D2100045F6A032114403F0E3F88DF83B00FFE738
:10D220009DF83B0060B9FFE70D9A0F9802F5B751E2
:10D2300002F65C32002303F0F3FB8DF83B00FFE7BE
:10D240009DF83B0060B9FFE70D9A0F9802F5655114
:10D2500002F65C32012303F0E3FB8DF83B00FFE7AD
:10D260009DF83B0028B1FFE79DF83B008DF8470093
:10D27000A0E00D9800F5B7500B90FFF799FE01461E
:10D280000D98089100F53760099004F09DF901466A
:10D290000898FFF7B9FD0D9800F56550FFF788FE77
:10D2A000014609980A9104F08FF901460A98FFF7A0
:10D2B000ABFD0D990B9845F6A03211440C91FFF788
:10D2C0007FFE04F061F902460C98002103F0E0FEB5
:10D2D00090B1FFE70D9845F6A0310144079100F5A4
:10D2E0006550FFF76DFE04F04FF9024607980121E3
:10D2F00003F0CEFE20B9FFE708208DF8470059E083
:10D300000D980F99069100F53761059100F5B7501A
:10D31000FFF74EFE059902460698002302F004FF2F
:10D320008DF83B009DF83B0098B9FFE70D980F99E9
:10D33000049100F53761039100F56550FFF738FE61
:10D34000039902460498002302F0EEFE8DF83B009C
:10D35000FFE79DF83B0090B9FFE70D980F99029108
:10D3600000F5B750FFF72CFE0D9A0146029845F6DE
:10D37000A0331A4403F01CF88DF83B00FFE79DF83A
:10D380003B0090B9FFE70D980F99019100F56550AA
:10D39000FFF716FE0D9A0146019845F6A0331A4490
:10D3A00003F006F88DF83B00FFE79DF83B008DF891
:10D3B0004700FFE79DF8470012B080BD0000000065
:10D3C00082B001900091002002B070470000000080
:10D3D00080B582B001900091019800F65C30009910
:10D3E00003F05EFC02B080BD80B584B0039003986A
:10D3F0000290282102F078F8029846F2B461C0F653
:10D4000002010831016000F65C3001900221002227
:10D4100003F066FC029800F53760292100F074F8EB
:10D42000029800F5B7503221B7EE000AF0EE000A7C
:10D43000FFF716FE029800F565503C21BFEE000A8A
:10D44000F0EE080AFFF70CFE019A029845F6A031AB
:10D450000844462103F090FE029804B080BD00000D
:10D4600080B582B001900198009000F009F8009812
:10D4700046F2187104F0DAFF02B080BD000000002F
:10D4800080B582B001900198009045F6A031084423
:10D4900003F0CEFE009800F56550FFF725FE0098DA
:10D4A00000F5B750FFF720FE009800F5376000F058
:10D4B0006BF8009802F044F8009802B080BD0000BC
:10D4C00080B584B003900291039800F66830029909
:10D4D00009680022C4F22012019201AA01F068FF3B
:10D4E00001460420002918BF002004B080BD0000C0
:10D4F00080B582B001900091019800F65C3002F096
:10D50000EBF902B080BD000080B586B00590ADF8A3
:10D51000121005980390BDF8121001F0E5FF039A70
:10D5200046F2E860C0F602000830106002F65C3097
:10D53000029000210091C2F8641BC2F8601BC2F87F
:10D540005C1B02F0E1F90099039A02F66830019041
:10D55000C2F8681B01F048FF0198029901F020FF12
:10D56000039806B080BD000080B582B0019001989C
:10D57000009000F009F800984FF4376104F056FF6E
:10D5800002B080BD0000000080B582B0019001981B
:10D59000009001F0D5FF009802B080BD00000000AF
:10D5A00080B582B001908DF8031001989DF80310AA
:10D5B00001F0010142F29022815400F688309DF87A
:10D5C000031001F0010100F0C3FE02B080BD0000B5
:10D5D00080B584B003900398019001F069FF019930
:10D5E00001F6883102F0FCFE8DF80B009DF80B006F
:10D5F00060B9FFE7019801F05BFF019941F2F86221
:10D60000114402F0EDFE8DF80B00FFE79DF80B00D2
:10D6100078B9FFE7019801F04BFF019A02F68831D3
:10D6200041F2F8631A44002302F07EFD8DF80B00EE
:10D63000FFE79DF80B0004B080BD00000000000073
:10D6400082B001900091002002B0704700000000FD
:10D6500080B588B007900691079805905A2101F08F
:10D6600043FF059A46F21C70C0F6020008301060B5
:10D6700002F65C30029000210391C2F8601BC2F8F0
:10D680005C1B01F069FD0598029900F66830049072
:10D6900003F00AFF0598049B00F68830069A5B2188
:10D6A00000F0A6FE0399049B059841F2F86210442D
:10D6B000069AEC46CCF8041041F28831CCF8001000
:10D6C0005C2100F0EDFD059842F290220121815489
:10D6D00008B080BD0000000080B582B001900198C4
:10D6E000009000F009F8009842F2982104F09EFEA4
:10D6F00002B080BD0000000080B582B001900198AA
:10D70000009041F2F861084400F016FE009800F61F
:10D71000883000F0A1FE009800F65C3001F040FD7A
:10D72000009801F00DFF009802B080BD00000000DD
:10D7300080B586B005900491059801900498016821
:10D74000002011F57A7F029009DBFFE70498016859
:10D750000020B1F57A7FD8BF01200290FFE7029840
:10D7600000F001008DF80F0004984168002011F5C9
:10D770007A7F009009DBFFE7049841680020B1F54B
:10D780007A7FD8BF01200090FFE7009800F00100E9
:10D790008DF80E009DF80F00C00740B1FFE701981B
:10D7A00000F536600499096800F0C6F9FFE79DF8B6
:10D7B0000E00C00748B1FFE7019842F2A8210844D3
:10D7C0000499496800F0E8FFFFE79DF80F00C007E3
:10D7D00028B1FFE79DF80E00C00738B9FFE70199AF
:10D7E00043F68C22885801308850FFE7019842F2B6
:10D7F000A82108440499097C01F0010100F0FCFF14
:10D800000199049880684FF46A53CA58801A18BF67
:10D8100001208DF80D000498C06843F6842251F869
:10D8200002C0B0EB0C0018BF01208DF80C0004986A
:10D830008068C8500498C06888509DF80D00C007E3
:10D8400028B9FFE79DF80C00C00748B3FFE701982F
:10D8500043F68821425801324250405838B9FFE718
:10D86000019943F68822885801308850FFE79DF8D7
:10D870000D00C00750B1FFE7019941F2D86008449C
:10D8800043F68822895800F01FFFFFE7019942F212
:10D89000A820084443F68822895800F015FFFFE7C6
:10D8A00006B080BD0000000080B58AB008900898DE
:10D8B000059001F0FDFD05990790079801F5366187
:10D8C00002F08EFD8DF81B009DF81B0050B9FFE79C
:10D8D0000599079841F2D862114402F081FD8DF854
:10D8E0001B00FFE79DF81B0050B9FFE7059907985B
:10D8F00042F2A822114402F073FD8DF81B00FFE7ED
:10D900009DF81B0050B9FFE70599079842F6786229
:10D91000114402F065FD8DF81B00FFE79DF81B0028
:10D9200028B1FFE79DF81B008DF827006DE00598F2
:10D9300041F2D8610144049100F53660039003F090
:10D94000BBFE0146049800F0B3FE0599039842F22D
:10D95000A8221144009103F0AFFE0146009800F0A8
:10D96000A7FE0599049842F678621144029103F0EB
:10D970003BFF01460098019103F036FF01990246F2
:10D98000029800F035F90399049A0798002302F0F1
:10D99000CBFB8DF81B009DF81B0068B9FFE7059ACB
:10D9A000079802F5366142F2A8231A44002302F0D8
:10D9B000BBFB8DF81B00FFE79DF81B0070B9FFE76C
:10D9C000059A079841F2D861114442F678631A44E7
:10D9D000002302F0A9FB8DF81B00FFE79DF81B0058
:10D9E00070B9FFE7059A079842F2A821114442F660
:10D9F00078631A44002302F097FB8DF81B00FFE7C1
:10DA00009DF81B008DF82700FFE79DF827000AB05E
:10DA100080BD00000000000082B001900091002055
:10DA200002B070470000000080B582B001900198FC
:10DA30000090642101F058FD009846F25071C0F644
:10DA400002010831016000F5366000F08DF80098A1
:10DA500041F2D8610844662100F0DEFE009842F2EF
:10DA6000A8210844672100F0D7FE009842F67861AB
:10DA7000084400F029FB00984FF46A5200218150BD
:10DA800043F68422815043F688230122C25043F694
:10DA90008C22815002B080BD80B582B00190019887
:10DAA000009000F009F8009843F6902104F0BEFCC5
:10DAB00002B080BD0000000080B582B001900198E6
:10DAC000009042F67861084400F0A6FB009842F20C
:10DAD000A821084400F0E8FE009841F2D86108440B
:10DAE00000F0E2FE009800F5366000F075F800984E
:10DAF00001F026FD009802B080BD0000000000008B
:10DB000080B586B005900491059A02F536600499B7
:10DB10000968D2F85C2B0092049A12680192049B67
:10DB20009A68DB68039302926A4601F07DFD00204B
:10DB300006B080BD0000000082B001900091019904
:10DB40000098C1F85C0B02B07047000000000000B4
:10DB500080B582B001900091019800F5366001F027
:10DB60005BFD02B080BD000080B582B001900198DD
:10DB70000090652101F0B8FC009A46F28470C0F66E
:10DB80000200083010600720C2F85C0B02F5366016
:10DB90000021C2F8741BC2F8701BC2F86C1BC2F8DB
:10DBA000681BC2F8641BC2F8601B01F059FD0098A5
:10DBB00002B080BD0000000080B582B001900198E5
:10DBC000009000F009F8009840F6783104F02EFC3F
:10DBD00002B080BD0000000080B582B001900198C5
:10DBE000009001F0ADFC009802B080BD0000000084
:10DBF00080B584B00390029101920398009000F6E2
:10DC00005C30029903F078FC009800F536600199C9
:10DC100003F072FC04B080BD70B5B2B031903091A9
:10DC200031980B9030990968C0F8E81B00F65C3019
:10DC300004F046FA28B3FFE70B9800F65C3004F0D6
:10DC400033FA0A90016842688368D0F80CC0D0F8B3
:10DC500010E044692994CDF8A0E0CDF89CC026934B
:10DC6000259224918169C269036AD0F824C0CDF855
:10DC7000B4C02C932B922A9190F828008DF8B8000C
:10DC80001CE000202590249026902790289024A91D
:10DC900001F11800283108910990FFE70998089AC6
:10DCA00000214160016000F108010846914209909D
:10DCB000F4D1FFE700208DF8B800FFE70B98249916
:10DCC000259A269BDDF89CC0DDF8A0E0299CC0F8D1
:10DCD0007C4BC0F878EBC0F874CBC0F8703BC0F850
:10DCE0006C2BC0F8681B2A992B9A2C9BDDF8B4C0CA
:10DCF000C0F88CCBC0F8883BC0F8842BC0F8801BE0
:10DD00009DF8B81080F8901B00F5366004F0D8F943
:10DD100028B3FFE70B9800F5366004F0C5F90790CB
:10DD2000016842688368D0F80CC0D0F810E04469FC
:10DD30001D94CDF870E0CDF86CC01A93199218912B
:10DD40008169C269036AD0F824C0CDF884C02093E9
:10DD50001F921E9190F828008DF888001CE000208A
:10DD6000199018901A901B901C9018A901F1180096
:10DD7000283105910690FFE70698059A0021416039
:10DD8000016000F10801084691420690F4D1FFE7D6
:10DD900000208DF88800FFE70B9B03F6683103F63F
:10DDA0009830189ADDF864C0DDF868E01B9C1C9D73
:10DDB0001D9EC3F8AC6BC3F8A85BC3F8A44BC3F8B3
:10DDC000A0EBC3F89CCBC3F8982B1E9ADDF87CC05F
:10DDD000DDF880E0219CC3F8BC4BC3F8B8EBC3F876
:10DDE000B4CBC3F8B02B9DF8882083F8C02B0191E9
:10DDF00002900CA90846103103910490FFE70498A3
:10DE0000039A00214160016000F108010846914237
:10DE10000490F4D1FFE7029A019910A80CAB02F02C
:10DE200077FF0B981099119A129BDDF84CC0DDF822
:10DE300050E0159CC0F8DC4BC0F8D8EBC0F8D4CB50
:10DE4000C0F8D03BC0F8CC2BC0F8C81B1699179A65
:10DE5000C0F8E42BC0F8E01B90F8C80B0146009115
:10DE6000012818D0FFE70098C0B2042805D0FFE7CA
:10DE70000098C0B2052807D014E00B99D1F8EC0B3C
:10DE80000130C1F8EC0B14E00B99D1F8F00B013024
:10DE9000C1F8F00B0DE00B99D1F8F40B0130C1F88B
:10DEA000F40B06E00B99D1F8F80B0130C1F8F80B30
:10DEB000FFE70B9890F8C80B042806D0FFE70B98F3
:10DEC00090F8C80B052815D1FFE70B9800F66830CD
:10DED00090ED1E0B90ED261BB4EEC10BF1EE10FA87
:10DEE00008DDFFE70B9800F6683090ED1E0B80ED23
:10DEF000260BFFE7002032B070BD000000000000DC
:10DF000080B584B003900398029000F65C3004F072
:10DF1000EFF860B1FFE7029800F5366004F0E8F82A
:10DF200028B1FFE7029801F0CBFA019002E0082047
:10DF30000190FFE70198C0B204B080BD000000006E
:10DF4000B0B5AAB029902891299905912898006820
:10DF5000C1F8E80B00201D901C901E901F9020908F
:10DF60001CA901F11800283106910790FFE70798D6
:10DF7000069A00214160016000F1080108469142C3
:10DF80000790F4D1FFE7059A00208DF898001C99BE
:10DF90001D9BDDF878C0DDF87CE0209C219DC2F857
:10DFA0007C5BC2F8784BC2F874EBC2F870CBC2F855
:10DFB0006C3BC2F8681B2299239BDDF890C0DDF80A
:10DFC00094E0C2F88CEBC2F888CBC2F8843BC2F86C
:10DFD000801B9DF8981082F8901B11901090129061
:10DFE0001390149010A901F11800283103910490A6
:10DFF000FFE70498039A00214160016000F10801E5
:10E00000084691420490F4D1FFE7059A00208DF86C
:10E0100068001099119BDDF848C0DDF84CE0149CB5
:10E02000159DC2F8AC5BC2F8A84BC2F8A4EBC2F8CD
:10E03000A0CBC2F89C3BC2F8981B1699179BDDF841
:10E0400060C0DDF864E0C2F8BCEBC2F8B8CBC2F83F
:10E05000B43BC2F8B01B9DF8681082F8C01B8DF865
:10E06000200008A901F10800183101910290FFE792
:10E070000298019A00214160016000F10801084600
:10E0800091420290F4D1FFE7059900200F900E9085
:10E090000898099A0A9BDDF82CC0DDF830E00D9C49
:10E0A000C1F8DC4BC1F8D8EBC1F8D4CBC1F8D03BF8
:10E0B000C1F8CC2BC1F8C80B0E980F9AC1F8E42B0D
:10E0C000C1F8E00B2AB0B0BD80B590B00E900E98AC
:10E0D00009900F90682101F007FA099A46F2B8708A
:10E0E000C0F602000830106002F65C300021089192
:10E0F000C2F85C1B03F008FA0899099A02F5366029
:10E10000C2F8601B03F000FA0898099901F668321A
:10E1100013460A930B92C1F86C0BC1F8680BC1F857
:10E12000700BC1F8740BC1F8780B01F5386001F57C
:10E1300039610C910D90FFE70D980C9A0021416018
:10E14000016000F10801084691420D90F4D1FFE70B
:10E150000A990B9A002082F8280041F8300F0491A8
:10E160000A46059248608860C860086101F118009D
:10E17000283106910790FFE70798069A0021416031
:10E18000016000F10801084691420790F4D1FFE7D1
:10E190000A99059A002082F8280001F8600F0846C5
:10E1A000019001F10800183102910390FFE70398F4
:10E1B000029A00214160016000F108010846914285
:10E1C0000390F4D1FFE70A99019A0020D061906191
:10E1D000C1F88000C1F88400C1F88800C1F88C0043
:10E1E000C1F89000C1F89C00C1F898000F9810B0D9
:10E1F00080BD00000000000080B582B00190019851
:10E20000009000F009F8009840F6084104F00EF97B
:10E2100002B080BD0000000080B582B0019001987E
:10E22000009001F08DF9009802B080BD0000000060
:10E2300080B58AB00990089109990391D1F8600BD3
:10E2400001F53761029103F00BFF0398D0F8941B9E
:10E250000131C0F8941BD0F85C0B016889688847CD
:10E26000DDF80CC002460B460299DCF8680BDCF8BE
:10E270006CEBEC46CCF804E0CCF8000004A802F00B
:10E28000E3FF03999DF8100081F8900B0698079A18
:10E29000C1F88C2BC1F8880B00200AB080BD0000AB
:10E2A00010B588B08C4686460B990A98CDF81CE0CC
:10E2B000ADF81AC00592049303910290079801905B
:10E2C000BDF81A1001F010F9019846F2EC71C0F691
:10E2D0000201083101600599C0F85C1B0499C0F87F
:10E2E000601B0299039AC0F86C2BC0F8681B0021D0
:10E2F000C0F8701BC0F87C1BC0F8781BC0F8801BEE
:10E3000080F8841BC0F88C1BC0F8881B80F8901B19
:10E31000C0F8941B08B010BD80B582B00190019880
:10E32000009000F009F8009840F6983104F07EF86B
:10E3300002B080BD0000000080B582B0019001985D
:10E34000009001F0FDF8009802B080BD00000000D0
:10E3500082B001908DF8031001999DF8030000F040
:10E36000010081F8680B02B0704700000000000057
:10E3700080B586B0049003910498029003980068D9
:10E380004CF6CD41CCF6CC4148434FEA700049F6FB
:10E390009911C1F69911884206D8FFE7029890F8C2
:10E3A000680BC00720B9FFE702208DF817001AE0BC
:10E3B0000299D1F85C0BD1F8601B0091039901918F
:10E3C000016889688847024600980B46019903F066
:10E3D00043F80299D1F8640B0130C1F8640B0020B6
:10E3E0008DF81700FFE79DF8170006B080BD00000C
:10E3F00080B586B00590ADF812100392029305988F
:10E400000190BDF8121001F06FF8019846F6200156
:10E41000C0F60201083101600399C0F85C1B029943
:10E42000C0F8601B0021C0F8641B012180F8681B44
:10E4300006B080BD0000000080B582B00190019858
:10E44000009000F009F800984FF4376103F0EEFFF8
:10E4500002B080BD0000000080B582B0019001983C
:10E46000009001F06DF8009802B080BD000000003F
:10E4700080B584B003900398019001F019F80199D8
:10E4800001F5366101F0ACFF8DF80B009DF80B0033
:10E4900058B9FFE7019801F00BF8019901F5B65161
:10E4A00001F09EFF8DF80B00FFE79DF80B0088B987
:10E4B000FFE7019800F0FCFF019A02F5366102F5D2
:10E4C000B652EC460023CCF8003001F049FE8DF83E
:10E4D0000B00FFE79DF80B0090B9FFE7019800F0F3
:10E4E000E7FF019A02F5B65102F53662EC460023C9
:10E4F000CCF80030012301F033FE8DF80B00FFE76C
:10E500009DF80B0004B080BD82B001900091002006
:10E5100002B070470000000080B582B00190019801
:10E520000090502100F0E0FF009846F65401C0F63C
:10E5300002010831016000F536605121FEF7F0FD5F
:10E54000009800F5B6505221FEF7EAFD009802B09F
:10E5500080BD00000000000080B582B001900198ED
:10E56000009000F009F8009842F2202103F05EFFCD
:10E5700002B080BD0000000080B582B0019001981B
:10E58000009000F5B650FEF7EFFD009800F53660FC
:10E59000FEF7EAFD009800F0D3FF009802B080BDBE
:10E5A00081B00090009807210160002141608160E6
:10E5B000C160017401B0704710B588B00790069132
:10E5C0000799002008600190009002900390049049
:10E5D000009A019BDDF808C0DDF80CE0049C8C611A
:10E5E000C1F814E0C1F810C0CB608A60069A4A6195
:10E5F00081F8200008B010BD80B588B00690059164
:10E600000698019090F82000C007B0B1FFE701988C
:10E6100000690599496888420FD1FFE70199886828
:10E62000C968059B9A68DB6859405040084320B987
:10E63000FFE700208DF81F0025E001980168C8174A
:10E64000059A1268891840EBE270029103900298D3
:10E65000039944F24022C0F20F020023E1F7C6FF03
:10E6600001990A60059840680861059A9068D26827
:10E67000CA608860886901308861012081F82000C3
:10E680008DF81F00FFE79DF81F0008B080BD000057
:10E6900081B00090009800210160C160816001613B
:10E6A00001224261816180F8201001B070470000B2
:10E6B00080B582B001900091019800F688300099F1
:10E6C00002F02AFF02B080BD80B584B003900291B1
:10E6D0000398019000F536600299FFF76DFF0198ED
:10E6E00000F5396000F034FF04B080BD0000000088
:10E6F00080B596B0149013911498059090F8CC0BB7
:10E70000C00720B1FFE702208DF857003DE00598D3
:10E7100000F688301399096803F0F6FC48B9FFE762
:10E72000059800F5396000F013FF01208DF85700BF
:10E730002BE0059800F53661019100F6883003F072
:10E7400003FD01460198FFF757FF0199024605981E
:10E750008DF84B2000F539620292139A12680392E9
:10E76000D0F8C82B06A8049002F0EAFF029803999B
:10E77000049A00F0F5FE9DF84B00C1070220002925
:10E7800018BF00208DF85700FFE79DF8570016B01E
:10E7900080BD00000000000082B00190009101994E
:10E7A0000098C1F8C80B02B07047000000000000DC
:10E7B00080B584B003900398029000F6883003F08F
:10E7C000E7FC28B1FFE7029800F07AFE019002E032
:10E7D00008200190FFE70198C0B204B080BD00009E
:10E7E00080B582B001900091019800F5396000F089
:10E7F000AFFE02B080BD000082B001908DF8031022
:10E8000001999DF8030000F0010081F8CC0B02B0E3
:10E81000704700000000000080B586B00590ADF89C
:10E82000121005980290BDF8121000F05DFE0298DB
:10E8300046F68801C0F602010831016000F5366035
:10E8400000902821E1F7AAFF0098FFF721FF029A24
:10E8500002F6883000210391C2F8881B02F064FEA2
:10E86000029800F5396001903821E1F797FF01988F
:10E8700000F0A6FE02980399C0F8C81B80F8CC1BD4
:10E8800006B080BD0000000080B582B00190019804
:10E89000009000F009F800984FF43D6103F0C6FDC8
:10E8A00002B080BD0000000080B582B001900198E8
:10E8B000009000F045FE009802B080BD000000000E
:10E8C00080B58AB0089007910898019005A908467C
:10E8D000083102910390FFE70399029A002001F8A2
:10E8E000010B084691420390F6D1FFE700208DF816
:10E8F0001300FFE79DF81300072812DCFFE70199DA
:10E900009DF81300D1F85C1BE2F7AAFD9DF81320D7
:10E9100005A98854FFE79DF8130001308DF8130016
:10E92000E8E7019800F537600799096805AA00F043
:10E930008FFC20B9FFE704208DF8270003E00020BA
:10E940008DF82700FFE79DF827000AB080BD000082
:10E9500080B586B00590049105980390152100F0CC
:10E96000C3FD039A46F6BC00C0F6020008301060F2
:10E970000498C2F85C0B02F5366002900021009109
:10E98000C2F86C1BC2F8681BC2F8641BC2F8601B9B
:10E9900000F082FE0099039A02F537600190C2F8F8
:10E9A000701B00F071FC0198029900F049FC03987B
:10E9B00006B080BD0000000080B582B001900198D3
:10E9C000009000F009F8009840F6783103F02EFD31
:10E9D00002B080BD0000000080B582B001900198B7
:10E9E000009000F0ADFD009802B080BD0000000076
:10E9F00080B584B00091014600980191ADF80E00F9
:10EA00008DF80D2002930020088048808880C880FF
:10EA100008724872BDF80E0008800298008848808D
:10EA200002984088888002988088C88002988079FF
:10EA300008729DF80D006421E2F712FD01994872F9
:10EA400004B080BD0000000080B5AAB028902791D6
:10EA50002898039013A90846503104910590FFE7C8
:10EA60000598049A0021018041808180C180017253
:10EA7000417200F10A01084691420590F0D1FFE78A
:10EA800045F6E040C2F20140009000F1CC030DF1E8
:10EA9000420040F201210022FFF7AAFF0098BDF8D2
:10EAA0004A10ADF85410DDF84210DDF846201492FB
:10EAB000139100F5C8730EA840F2022101220292C0
:10EAC000FFF796FF0098BDF84010ADF85E100E9964
:10EAD0000F9ACDF85A20CDF8561000F108030DF129
:10EAE0002E0040F203210222FFF782FFBDF836001C
:10EAF000ADF86800DDF82E00DDF83210199118909D
:10EB000044F63820C2F20140019000F5437309A891
:10EB100040F205210322FFF76BFF01980299BDF82F
:10EB20002C20ADF87220099A0A9BCDF86E30CDF8F2
:10EB30006A2000F574730DF11A00042200F020F829
:10EB40000398BDF82210ADF87C10DDF81A10DDF83E
:10EB50001E201E921D9100F6B4302799096813AA51
:10EB600000F0A2FB20B9FFE704208DF8A70003E026
:10EB700000208DF8A700FFE79DF8A7002AB080BD10
:10EB800080B584B00091014600980191ADF80E0067
:10EB90008DF80D2002930020088048808880C8806E
:10EBA00008724872BDF80E0008800298C06848805C
:10EBB00002980069888002984069C880029890EDA8
:10EBC0000D0ABDEEC00A10EE100A08729DF80D0085
:10EBD0006421E2F745FC0199487204B080BD000051
:10EBE00080B584B0039003980290142100F07CFC5F
:10EBF000029846F6F001C0F602010831016000F605
:10EC00005C3001905821E1F7C9FD019800F074FDD6
:10EC1000029A02F6B43000900021C2F8B41B00F052
:10EC20005FFB0098019900F037FB029804B080BDAB
:10EC300080B582B001900198009000F009F800982A
:10EC400040F6B83103F0F2FB02B080BD00000000D6
:10EC500080B582B001900198009000F071FC00989E
:10EC600002B080BD0000000080B58EB00D900C9108
:10EC70000D980190D0F85C1B0868826803A8029088
:10EC800090470198029A00F68C300C99096800F0C0
:10EC900037FB01460420002918BF00200EB080BDBC
:10ECA00080B586B00590ADF81210039205980290D9
:10ECB000BDF8121000F018FC029846F62411C0F6B8
:10ECC0000201083101600399C0F85C1B00F5366051
:10ECD00001902C21E1F762FD019800F055FD029AA8
:10ECE00002F68C3000900021C2F88C1B00F024FB4F
:10ECF0000098019900F0FCFA029806B080BD00006F
:10ED000080B582B001900198009000F009F8009859
:10ED10004FF4396103F08AFB02B080BD00000000AF
:10ED200080B582B001900198009000F009FC009835
:10ED300002B080BD0000000081B00090009800F596
:10ED4000366001B07047000010B596B01590149170
:10ED50001598059009A908460690084610310791B4
:10ED60000890FFE70899079A002041F8040B08462D
:10ED700091420890F6D1FFE7069901F11000183191
:10ED800003910490FFE70499039A002021F8020BF5
:10ED9000084691420490F6D1FFE70598069A0021B3
:10EDA0009161D16182F8201082F8211012918DF8C2
:10EDB0004C1014990968129100F5366003F000FABE
:10EDC00000283ED0FFE7059800F5366003F010FA02
:10EDD00014990968884234D1FFE7059800F5366038
:10EDE00003F0E2F90190016842688368D0F80CC032
:10EDF000D0F810E044690E94CDF834E0CDF830C07E
:10EE00000B930A9209918169C26910920F91008C4B
:10EE1000ADF844009DF844100020C907029051B19C
:10EE2000FFE705981099D0F85C2B0020914298BF1D
:10EE300001200290FFE7029800F001008DF84C00DD
:10EE4000FFE7059800F698301499096809AA00F0C0
:10EE500083FA01460420002918BF002016B010BD17
:10EE600080B588B00790ADF81A1005920798049005
:10EE7000BDF81A1000F038FB049A46F65810C0F698
:10EE80000200083010600598C2F85C0B02F536608D
:10EE900000210191C2F8601B02F056FB049800F6B5
:10EEA000643003903421E1F779FC039800F0D4FC3E
:10EEB0000199049A02F698300290C2F8981B00F06B
:10EEC00067FA0298039900F03FFA049808B080BDF1
:10EED00080B582B001900198009000F009F8009888
:10EEE0004FF43A6103F0A2FA02B080BD00000000C6
:10EEF00080B582B001900198009000F021FB00984D
:10EF000002B080BD0000000081B00090009846F67D
:10EF10008C11C0F602010831016001B07047000099
:10EF200081B00090FEDE000081B00090009801B03A
:10EF3000704700000000000080B582B00190019889
:10EF4000009000F065F9009846F6A011C0F60201A5
:10EF50000831016002B080BD80B582B00190019897
:10EF6000009000F009F80098042103F05FFA02B065
:10EF700080BD00000000000080B582B001900198C3
:10EF8000009000F055F9009802B080BD000000002C
:10EF900084B0039002910193009203990098019A22
:10EFA000CA608860029840F2F811C2F2004108601D
:10EFB00004B070470000000080B588B00790079843
:10EFC000019040680168896888470246019802926A
:10EFD0000A46029905920491008B4FF6FF71884210
:10EFE00009D0FFE70199049A05980B694969D21A7B
:10EFF000884101D2FFE71BE0019904980969401A92
:10F000000390039840F2F811C2F20041C8600398DF
:10F010000969884207D9FFE7039840F2F811C2F264
:10F0200000410861FFE701994FF6FF700883FFE791
:10F0300008B080BD0000000086B0059003930292E6
:10F0400005990091029A03988B68C968D21A884181
:10F0500001D2FFE716E0009902988968401A0190F2
:10F06000019840F2F811C2F20041486001988968A5
:10F07000884207D9FFE7019840F2F811C2F2004137
:10F080008860FFE706B0704780B584B00390ADF8A4
:10F090000A1003980190BDF80A10018340680168C6
:10F0A000896888470A4601994A61086104B080BDB1
:10F0B00080B584B0039002910398019002F004FAA5
:10F0C000019846F6B411C0F60201083101600299B8
:10F0D00041600021C1608160416101614FF6FF71B3
:10F0E000018304B080BD000080B582B0019001981A
:10F0F000009000F009F80098202103F097F902B081
:10F1000080BD00000000000080B582B00190019831
:10F11000009002F0E9F9009802B080BD0000000004
:10F1200083B000900099EFF310800190019848603F
:10F13000EFF3108072B60290BFF35F8F03B0704799
:10F1400082B000900098BFF35F8F406801900198F3
:10F1500080F3108802B0704780B582B001900198AA
:10F16000009001F06DFD009846F6D411C0F6020142
:10F17000083101600021416002B080BD0000000044
:10F1800080B582B001900198009000F009F80098D5
:10F19000082103F04BF902B080BD00000000000020
:10F1A00080B582B001900198009001F059FD00985F
:10F1B00002B080BD0000000080B582B001900198CF
:10F1C0000090FFF7A1FE009846F6EC11C0F6020190
:10F1D0000831016002B080BD80B582B00190019815
:10F1E000009000F009F80098042103F01FF902B024
:10F1F00080BD00000000000080B582B00190019841
:10F200000090FFF791FE009802B080BD0000000062
:10F2100081B00090009846F60021C0F60201083146
:10F22000016001B07047000081B00090FEDE000078
:10F2300081B00090009801B070470000000000000D
:10F2400082B00190009101990098086002B0704767
:10F2500080B586B0049003910292049801900068F2
:10F2600020B9FFE700208DF8170009E00198006839
:10F270000399029A00F000FA01208DF81700FFE7C9
:10F280009DF8170006B080BD81B000900098002165
:10F29000016001B07047000082B0019000910199B7
:10F2A0000098086002B0704780B586B00490039162
:10F2B000029204980190006820B9FFE700208DF8C1
:10F2C000170009E0019800680399029A00F000FA1B
:10F2D00001208DF81700FFE79DF8170006B080BDEC
:10F2E00081B0009000980021016001B070470000DB
:10F2F00082B00190009101990098086002B07047B7
:10F3000080B586B004900391029204980190006841
:10F3100020B9FFE700208DF8170009E00198006888
:10F320000399029A00F00CFA01208DF81700FFE70C
:10F330009DF8170006B080BD81B0009000980021B4
:10F34000016001B07047000082B001900091019906
:10F350000098086002B0704780B586B004900391B1
:10F36000029204980190006820B9FFE700208DF810
:10F37000170009E0019800680399029A00F03CFA2E
:10F3800001208DF81700FFE79DF8170006B080BD3B
:10F3900081B0009000980021016001B0704700002A
:10F3A00082B00190009101990098086002B0704706
:10F3B00080B586B004900391029204980190006891
:10F3C00020B9FFE700208DF8170009E001980068D8
:10F3D0000399029A00F088FA01208DF81700FFE7E0
:10F3E0009DF8170006B080BD81B000900098002104
:10F3F000016001B07047000082B00190009102B03E
:10F40000704700000000000083B002908DF80710E4
:10F41000029900919DF8070081F8520B9DF80700B2
:10F42000042808D1FFE70099052081F8500B03203C
:10F4300081F8510B0DE09DF80700032808D1FFE784
:10F440000099042081F8500B022081F8510BFFE74E
:10F45000FFE703B07047000081B0009000990620DC
:10F4600081F8500B01B0704781B0009000990220E4
:10F4700081F8500B012081F8510B002001B070473A
:10F4800082B00190009102B07047000000000000BF
:10F4900081B00090002001B0704700000000000023
:10F4A00082B00190009102B070470000000000009F
:10F4B00081B000900098083001B070470000000053
:10F4C00081B000900099012081F8500B81F8510B18
:10F4D000002001B07047000082B00190009102B09E
:10F4E000704700000000000080B584B00390ADF8C4
:10F4F0000A100398019046F61421C0F60201083163
:10F500000160BDF80A1081800830009040F6483153
:10F51000E1F744F9009801F0CBFA0198002180F856
:10F52000501B80F8511B012280F8522BC0F8541B4D
:10F5300080F8581B04B080BD81B00090FEDE000052
:10F5400081B00090009801B07047000000000000FA
:10F5500081B000900099002081F8340001B070471C
:10F56000B0B583B0029001910092029900980268B0
:10F570004368D0F808C0D0F80CE0046945694D61D3
:10F580000C61C1F80CE0C1F808C04B600A608269E8
:10F59000C369D0F820C0D0F824E0C1F824E0C1F855
:10F5A00020C0CB618A6190F8280081F8280001987A
:10F5B0000863012081F8340003B0B0BD00000000F2
:10F5C00086B00490049900910846019005910020AE
:10F5D000486008608860C860086101F1180028313F
:10F5E00002910390FFE70398029A002141600160B5
:10F5F00000F10801084691420390F4D1FFE7019918
:10F60000009A002082F82800086381F834000598E9
:10F6100006B070470000000081B000900099002003
:10F62000087501B07047000083B00290019100920C
:10F630000299DDF800C0DCF80000DCF80420DCF8FA
:10F640000830DCF80CC0C1F80CC08B604A60086060
:10F65000019808610120087503B0704700000000A0
:10F6600081B000900098002101604160C16081601C
:10F670000161017501B0704783B002900191009261
:10F680000299009A106852684A6008600198886080
:10F690000120087303B0704785B0039003980146BA
:10F6A0000091049000F1080101910290FFE7029996
:10F6B000019A002001F8010B084691420290F6D110
:10F6C000FFE70099002088600873049805B0704730
:10F6D00080B584B003900291019203980090019943
:10F6E0005022E0F7C2FF009902980865012081F8D6
:10F6F000540004B080BD000085B00390039801461B
:10F700000091049000F1500101910290FFE70298EE
:10F71000019A0021018041808180C1800172417283
:10F7200000F10A01084691420290F0D1FFE70099EA
:10F730000020086581F85400049805B07047000067
:10F74000B0B583B0029001910092029900980268CE
:10F750004368D0F808C0D0F80CE0046945694D61F1
:10F760000C61C1F80CE0C1F808C04B600A60826906
:10F77000C369CB618A61008C0884019848620120CA
:10F7800081F8280003B0B0BD88B006900698014605
:10F79000029107900146039100F110010491059038
:10F7A000FFE70599049A002041F8040B08469142AE
:10F7B0000590F6D1FFE7039901F11000183100918F
:10F7C0000190FFE70199009A002021F8020B0846FA
:10F7D00091420190F6D1FFE70299039A00209061CF
:10F7E000D06182F8200082F82100486281F8280068
:10F7F000079808B070470000B0B583B0029001913F
:10F8000000920299009802684368D0F808C0D0F8C6
:10F810000CE0046945694D610C61C1F80CE0C1F868
:10F8200008C04B600A608269C369D0F820C0D0F874
:10F8300024E0C1F824E0C1F820C0CB618A6190F8CF
:10F84000280081F828000198C862012081F8300062
:10F8500003B0B0BD0000000089B0079007980146D2
:10F8600002910890014603910146049100F11001B4
:10F8700005910690FFE70699059A002041F8040BD0
:10F88000084691420690F6D1FFE7049901F1100075
:10F89000183100910190FFE70199009A002021F8AA
:10F8A000020B084691420190F6D1FFE70299039AB4
:10F8B000049B00209861D86183F8200083F8210020
:10F8C000506282F82800C86281F83000089809B0B8
:10F8D000704700000000000081B0009000990020F7
:10F8E000087201B07047000083B00290019100924D
:10F8F0000299009800680860019848600120087229
:10F9000003B070470000000081B000900098002113
:10F9100001604160017201B070470000000000000A
:10F9200080B5A2B02090ADF87E10209800900DF127
:10F930003E004021E0F710FF002001900E900D9056
:10F940000C900B900A90099008900790ADF81A005F
:10F95000ADF81800FFE70099BDF81800B1F8041BD6
:10F96000884224DAFFE70098BDF8181000EB011078
:10F97000803005900598007AC00788B9FFE70598A0
:10F98000BDF87E1000F088F950B1FFE70598828934
:10F990000DF13E0131F81200013021F81200FFE7AD
:10F9A000FFE7BDF818000130ADF81800D3E7FFE716
:10F9B0000099BDF81A00B1F8021B88427CDAFFE713
:10F9C0004FF0FF3004900020ADF80E00FFE70099E3
:10F9D000BDF80E00B1F8021B88421ADAFFE7BDF845
:10F9E0000E1007A8405CC00760B9FFE7BDF80E1015
:10F9F0000DF13E0030F8110020B9FFE7BDF80E0010
:10FA0000049006E0FFE7BDF80E000130ADF80E00EF
:10FA1000DDE70498B0F1FF3F04DCFFE706208DF836
:10FA200087004DE00099049B07AA0120D054049858
:10FA3000BDF87E2001EB8211BDF81A2001EB4201D6
:10FA40000132ADF81A20A1F880040020ADF80C00B6
:10FA5000FFE70099BDF80C00B1F8041B88422ADAD0
:10FA6000FFE70098BDF80C1000EB01108030029009
:10FA70000298007AC007B8B9FFE70298BDF87E1077
:10FA800000F00AF980B1FFE70298408904998842A2
:10FA90000AD1FFE7029882890DF13E0131F8120088
:10FAA000013821F81200FFE7FFE7BDF80C00013034
:10FAB000ADF80C00CDE77BE700208DF88700FFE76D
:10FAC0009DF8870022B080BD10B58EB00C900B91D0
:10FAD0000C9803900B9890F8580BC00720B1FFE7E3
:10FAE00000208DF83700D0E00B99012081F8580BE9
:10FAF0000B980168896888478DF82B009DF82B00CA
:10FB000028B1FFE79DF82B008DF83700BDE00B987A
:10FB1000FFF7CEFC0990099802F03AFAADF82200FE
:10FB20000020ADF82000FFE7BDF82000BDF822104E
:10FB3000884256DAFFE70998BDF8201002F054F920
:10FB40000790079820B9FFE708208DF837009CE060
:10FB50000398079900F044FC8DF82B009DF82B00CA
:10FB600028B1FFE79DF82B008DF837008DE0039852
:10FB7000B0F8021B0139ADF81A100999BDF8202020
:10FB800001EBC20100F5B06CCDF808C0BDF81AE079
:10FB90000CEBCE02D1F88035D1F884154CF83E300C
:10FBA00051600B9901F080FF029A01460398BDF85D
:10FBB0001A3002EBC302D1800799FFF785FF8DF859
:10FBC0002B009DF82B0028B1FFE79DF82B008DF846
:10FBD00037005AE0FFE7BDF820000130ADF8200003
:10FBE000A2E7099802F0CCF9ADF818000020ADF8B2
:10FBF0001600FFE7BDF81600BDF8181088423CDA81
:10FC0000FFE70998BDF8161002F0D2F804900498A6
:10FC100020B9FFE708208DF8370036E00398DDF8BB
:10FC200010C0DCF80010DCF80420BCF80E409CF892
:10FC300008309CF809C0EE46CEF804400CF0010CE8
:10FC4000CEF800C003F0010300F02AFC8DF82B0071
:10FC50009DF82B0050B1FFE79DF82B00032805D03D
:10FC6000FFE79DF82B008DF837000EE0FFE7BDF8A9
:10FC700016000130ADF81600BCE70999012081F8A3
:10FC8000400B00208DF83700FFE79DF837000EB0DD
:10FC900010BD00000000000083B00290ADF8061017
:10FCA0000298C18901204FF6FF72914200900AD05C
:10FCB000FFE70298C089BDF80610401AB0FA80F03C
:10FCC00040090090FFE7009800F0010003B0704782
:10FCD00084B0029001910298009090F81B0BC0072D
:10FCE00038B1FFE700990198B1F8081B884204D3A6
:10FCF000FFE700208DF80F0007E000990198A1F8B8
:10FD00000A0B01208DF80F00FFE79DF80F0004B0EB
:10FD1000704700000000000080B584B00290029897
:10FD2000009090F81B0BC00760B1FFE7009890F8B7
:10FD30001C0BC00730B9FFE7009890F81D0BC007F7
:10FD400020B1FFE701208DF80F0038E00099012075
:10FD500081F81D0B0020ADF80600FFE70099BDF803
:10FD60000600B1F8061B884222DAFFE70098BDF8CA
:10FD7000061000EB4101B1F8801450F82100016831
:10FD8000C96888478DF805009DF8050048B1FFE770
:10FD90000099002081F81D0B9DF805008DF80F00DB
:10FDA0000DE0FFE7BDF806000130ADF80600D5E72D
:10FDB0000099002081F81D0B8DF80F00FFE79DF8DA
:10FDC0000F0004B080BD000080B58EB00C900B9188
:10FDD0000A920C98029090F81B0BC00760B1FFE7E5
:10FDE000029890F81C0BC00730B9FFE7029890F812
:10FDF0001D0BC00720B1FFE704208DF8370058E144
:10FE00000298012180F81C1BB0F80C1BADF82610DD
:10FE100000F0E6FD0020ADF82400FFE70299BDF8F0
:10FE20002400B1F8001B884210DAFFE70298BDF801
:10FE3000241000EB8100D0F8800A00F019FFFFE7E2
:10FE4000BDF824000130ADF82400E7E70020ADF84C
:10FE50002200FFE70299BDF82200B1F8021B884298
:10FE600017DAFFE7029800F5D060BDF8221000EB2A
:10FE7000411200211173BDF8221000EB41114FF621
:10FE8000FF70C881FFE7BDF822000130ADF8220005
:10FE9000E0E702980B99BDF8262000F091F90020C8
:10FEA0008DF82100ADF81E00ADF81C00FFE70299A7
:10FEB000BDF81C00B1F8061B884280F2F180FFE714
:10FEC0000298B0F80C1B00EB8111BDF81C2001EB6F
:10FED0004201B1F88014ADF81A10BDF81A1050F8AC
:10FEE00021100591BDF81A1000EB411101F5D06108
:10FEF0000491BDF81A1001F0A3FD68B9FFE7049959
:10FF000002200873049948680130486005980B99ED
:10FF10000268526A9047BDE00498007FC00738B17C
:10FF2000FFE70298BDF81A1001F09AFE00BBFFE748
:10FF30000499032008730499886801308860059843
:10FF40000B990268526A9047059801F0EDFC05286C
:10FF500004D1FFE704208DF8210008E09DF821007E
:10FF600020B9FFE702208DF82100FFE7FFE791E0CD
:10FF70000298BDF81A1001F0F3FDA8B9FFE7049943
:10FF800004200873049988680130886005980B99EB
:10FF90000268526A90479DF8210020B9FFE70220CD
:10FFA0008DF82100FFE775E0BDF81E00411CADF89B
:10FFB0001E100499C8810A9858B1FFE70A98019069
:10FFC000059801F0A9FC014601980268D2689047A3
:10FFD000FFE705980B990268126A90478DF80F00A9
:10FFE0000A9828B1FFE70A98016809698847FFE77E
:10FFF000049908680130086005989DF80F10FFF714
:020000040802F0
:1000000003FA0499012008739DF80F0004280CD10D
:10001000FFE704990620087305980B990268526A55
:10002000904704208DF8210033E09DF80F0001284F
:1000300011D1FFE704990520087305980B99026810
:10004000526A90479DF8210020B9FFE702208DF801
:100050002100FFE71CE09DF80F00032809D1FFE70E
:100060009DF82100042804D0FFE703208DF821002B
:100070000DE09DF80F00022808D1FFE79DF8210050
:1000800020B9FFE702208DF82100FFE7FFE7FFE737
:10009000FFE7FFE7BDF81C000130ADF81C0006E7E4
:1000A0000299002081F81C0B9DF821008DF8370083
:1000B000FFE79DF837000EB080BD00000000000093
:1000C00084B00290ADF806100298009090F8400BB2
:1000D000C00720B1FFE707208DF80F001FE0009850
:1000E00090F8180BC00720B1FFE701208DF80F0032
:1000F00015E0BDF8060028B1FFE7BDF806000528A9
:1001000004D3FFE708208DF80F0008E00099BDF840
:100110000600A1F8080B00208DF80F00FFE79DF8FE
:100120000F0004B07047000080B586B005900491C0
:1001300003928DF80B3005980499039A9DF80B30C3
:10014000EE464FF6FF7CCEF804C04FF0000CCEF820
:1001500000C003F0010300F0A3F906B080BD000069
:1001600080B588B084460A98CDF818C005910492ED
:10017000ADF80E308DF80D0006980290BDF80E0017
:10018000042804D3FFE708208DF81F0014E002982C
:100190000599049ABDF80EC09DF80D30EE46CEF8D4
:1001A00004C04FF0000CCEF800C003F0010300F0D3
:1001B00077F98DF81F00FFE79DF81F0008B080BD9C
:1001C00080B594B013901291ADF846201399029126
:1001D0000020039010900F900E900D900C900B90BB
:1001E0000A900990129A1268C1F8202B129B9A6803
:1001F000DB68C1F82C3BC1F8282BBDF84620A1F8DC
:10020000302BB1F80C2BA1F8322BD1F8142BC1F8FC
:10021000342B81F8380BADF82200FFE70299BDF8C6
:100220002200B1F8021B88421FDAFFE70298BDF8EE
:10023000221001F005FC01460020019039B1FFE7D2
:100240000298BDF8221001F00BFD0190FFE7019824
:10025000BDF8222000F0010009A98854FFE7BDF88D
:1002600022000130ADF82200D8E70298B0F8060B62
:10027000ADF82000FFE7BDF82000C8B3FFE7029803
:10028000BDF8461000EB8111BDF8202001EB4201C2
:10029000B1F87E14ADF81E10BDF81E1000EB411031
:1002A00000F5D06006900698007FC007C8B1FFE750
:1002B000BDF81E1009A8405CC00790B9FFE702997D
:1002C000069A00201077069A506901305061BDF8F7
:1002D0001E0051F8200001F53261026892699047D2
:1002E000FFE7FFE7BDF820000138ADF82000C2E7C6
:1002F0000020ADF81600FFE70299BDF81600B1F82E
:10030000061B884252DAFFE70298B0F80C1B00EB9C
:100310008111BDF8162001EB4201B1F88014ADF84F
:100320001410BDF8141000EB411000F5D0600490DB
:10033000BDF8141009A8405CC00708B9FFE72FE01A
:100340000498007FC00790B9FFE70299049A012042
:100350001077049A106901301061BDF8140051F84B
:10036000200001F5326102685269904717E0029956
:10037000BDF84600B1F80C1B88420FD0FFE7029988
:10038000049A906901309061BDF8140051F8200082
:1003900001F532610268D2699047FFE7FFE7FFE7A6
:1003A000BDF816000130ADF81600A5E714B080BD09
:1003B00080B586B005900491039205980499039A3C
:1003C000EC464FF6FF73CCF804300123CCF8003034
:1003D000002300F065F806B080BD000000000000BA
:1003E00080B586B0049003910498019090F8400B7A
:1003F000C00720B1FFE707208DF817004AE00198F9
:10040000039901F051FB002804D4FFE702208DF886
:1004100017003FE00020ADF80A00FFE70199BDF8A2
:100420000A00B1F8021B88421BDAFFE70198BDF809
:100430000A1050F8210001F06FFA0090039801F0C3
:100440006BFA01460098884204D1FFE702208DF83C
:1004500017001FE0FFE7BDF80A000130ADF80A0001
:10046000DCE70198B0F8020B202804D3FFE7042052
:100470008DF817000EE001990398B1F8022B41F8AE
:100480002200B1F8020B0130A1F8020B00208DF818
:100490001700FFE79DF8170006B080BD00000000C0
:1004A00070B58EB08C46864613981299CDF830E020
:1004B000CDF82CC00A928DF827308DF82610ADF8B3
:1004C00024000C98029090F8400BC00720B1FFE781
:1004D00007208DF837008CE00B980A99884209D1E3
:1004E000FFE79DF82700C00720B9FFE706208DF839
:1004F00037007EE002980B990A9ABDF824C09DF857
:100500002730EE46CEF800C003F0010301F0E0FB17
:1005100008900898002826D4FFE70298089900EB75
:100520000110803007900798C189BDF82420002071
:10053000914201900ED1FFE70798407A00F0010048
:100540009DF8261001F00101401AB0FA80F0400930
:100550000190FFE70198C1070820002918BF032078
:100560008DF8370045E00298B0F8040B402804D31A
:10057000FFE704208DF837003BE0029A0B980390C8
:100580000A9804909DF8270000F001008DF81400EF
:100590009DF8260000F001008DF815000020ADF850
:1005A0001600ADF818004FF6FF71ADF81A1002F101
:1005B0008003B2F8041B03EB011C0E01039D049998
:1005C000DDF814E0069C9D51CCF80C40CCF808E016
:1005D000CCF80410BDF82410B2F804CB03EB0C13D4
:1005E000D981B2F8041B0131A2F8041B8DF8370041
:1005F000FFE79DF837000EB070BD0000000000005E
:1006000080B58AB008900898029090F8400BC00717
:1006100020B1FFE707208DF8270037E1029890F816
:10062000180BC00730B1FFE7029890F8190B8DF84E
:1006300027002BE10298012180F8181B00F02CF90B
:100640000146029880F8191B90F8190B30B1FFE7AA
:10065000029890F8190B8DF8270017E1029801F025
:10066000DFFB0146029880F8191B90F8190B30B196
:10067000FFE7029890F8190B8DF8270006E1029920
:100680000020A1F8000BADF81E00FFE70299BDF8AD
:100690001E00B1F8021B88426CDAFFE70298BDF831
:1006A0001E1000EBC10000F5B060069006980068CF
:1006B00008B9FFE758E00698006801F079FC38B106
:1006C000FFE706990868898801F0B2FC48B9FFE79E
:1006D0000298082180F8191B90F8190B8DF8270053
:1006E000D4E000208DF81700ADF81400FFE7029960
:1006F000BDF81400B1F8001B884222DAFFE79DF82C
:1007000017100120C907019079B9FFE70298BDF8D9
:10071000141000EB8100D0F8800A06990968401A8D
:10072000B0FA80F040090190FFE7019800F0010065
:100730008DF81700FFE7BDF814000130ADF8140084
:10074000D5E79DF81700C00768B9FFE7029B069838
:100750000068B3F8002B03EB82010132A3F8002BF1
:10076000C1F8800AFFE7FFE7BDF81E000130ADF8D1
:100770001E008BE70020ADF81200FFE70299BDF8DC
:100780001200B1F8041B884226DAFFE7029800F154
:1007900080010091BDF812201201895801F084F9FE
:1007A000009902460298BDF8123001EB03135A81FA
:1007B000BDF8122001EB0211496801F075F90099AA
:1007C000BDF8122001EB02118881FFE7BDF812008D
:1007D0000130ADF81200D1E70020ADF81000FFE7BE
:1007E0000299BDF81000B1F8081B884221DAFFE732
:1007F0000298BDF81010FFF793F80146029880F8B0
:10080000191B90F8190B68B1FFE70298BDF810109A
:10081000A0F80E1B0021A0F8061B90F8190B8DF80C
:10082000270033E0FFE7BDF810000130ADF81000FD
:10083000D6E70020ADF80E00FFE70299BDF80E00E4
:10084000B1F8021B884212DAFFE70298BDF80E10D9
:1008500050F82100FEF72CFE0146012081F8400BE4
:10086000FFE7BDF80E000130ADF80E00E5E7029895
:10087000B0F8021BA0F8061B012180F81B1B80F8B2
:10088000401B90F8190B8DF82700FFE79DF8270013
:100890000AB080BD0000000080B586B004900498C6
:1008A000019090F8400BC00720B1FFE707208DF8BA
:1008B000170039E0019890F81A0BC00720B1FFE744
:1008C00000208DF817002FE00198012180F81A1BF5
:1008D000B0F8020BADF80E000020ADF80C00FFE7F9
:1008E000BDF80C00BDF80E10884219DAFFE7019838
:1008F000BDF80C1050F82110FFF7E6F88DF80B004A
:100900009DF80B0028B1FFE79DF80B008DF817004C
:100910000AE0FFE7BDF80C000130ADF80C00DFE79E
:1009200000208DF81700FFE79DF8170006B080BD86
:1009300080B584B002900298009090F81B0BC0071D
:1009400060B1FFE7009890F81C0BC00730B9FFE7D3
:10095000009890F81D0BC00720B1FFE701208DF82B
:100960000F0038E00099012081F81D0B0020ADF840
:100970000600FFE70099BDF80600B1F8061B8842A3
:1009800022DAFFE70098BDF8061000EB4101B1F84C
:10099000801450F821000168096988478DF8050026
:1009A0009DF8050048B1FFE70099002081F81D0B74
:1009B0009DF805008DF80F000DE0FFE7BDF806007B
:1009C0000130ADF80600D5E70099002081F81D0B35
:1009D0008DF80F00FFE79DF80F0004B080BD000008
:1009E00082B0019001990091B1F80C0BB1F80A1B8B
:1009F000884210D0FFE70099B1F80A0BA1F80C0B60
:100A0000D1F8100B0130C1F8100BD1F8140B0130E4
:100A1000C1F8140BFFE702B07047000000000000AF
:100A200080B588B0069005910492ADF80E30069816
:100A3000019090F8400BC00720B1FFE707208DF828
:100A40001F002EE00198059901F02EF802900298FF
:100A5000B0F1FF3F04DCFFE705208DF81F0020E028
:100A6000049801F0A5FA38B1FFE70498BDF80E101C
:100A700001F0DEFA20B9FFE708208DF81F0010E032
:100A80000199049801F5B061029A41F83200BDF86D
:100A90000E00029A01EBC201888000208DF81F0031
:100AA000FFE79DF81F0008B080BD000000000000B7
:100AB00080B594B01290129801460F91139000F1F6
:100AC000800110911190FFE71199109A002041F8D0
:100AD000040B084691421190F6D1FFE70F9901F1FE
:100AE000800001F590610D910E90FFE70E980D9A30
:100AF0000C9000210160416001724172418181814D
:100B00004FF6FF71C18100F11001084691420E902D
:100B1000ECD1FFE70F9901F5906001F5B0610A9102
:100B20000B90FFE70B9809904021DFF737FE0998FB
:100B30000A9A00F14001084691420B90F2D1FFE77A
:100B40000F9901F5B06001F5D06107910890FFE7BA
:100B50000898079A0021016081804FF6FF71C180DB
:100B600000F10801084691420890F1D1FFE70F9982
:100B700001F5D06001F5286105910690FFE7069820
:100B8000059A039000210491016041608160017326
:100B90004FF6FF73C381016141618161017700F10B
:100BA0002001084691420690E9D1FFE70F9901F52F
:100BB000286001F5306101910290FFE70299019AE6
:100BC000002041F8040B084691420290F6D1FFE75D
:100BD0000F990020A1F8000BA1F8020BA1F8040B5B
:100BE000A1F8060B0122A1F8082BA1F80A0BA1F825
:100BF0000C0B4FF6FF73A1F80E3BC1F8100BC1F8B8
:100C0000140B81F8180B81F8192B81F81A0B81F855
:100C10001B0B81F81C0B81F81D0BC1F8200BC1F8D0
:100C20002C0BC1F8280BA1F8300BA1F8320BC1F83E
:100C3000340B81F8380B81F8400B139814B080BD49
:100C400081B00090009846F64821C0F602010831B4
:100C5000016001B07047000081B00090FEDE00002E
:100C600081B00090009801B07047000000000000C3
:100C700082B00190019900918888498888420AD001
:100C8000FFE7009948888880886801308860C868D4
:100C90000130C860FFE702B07047000000000000AC
:100CA00080B584B0029001910298009001F080F923
:100CB00030B1FFE7009901980988884204D3FFE723
:100CC00000208DF80F0006E000990198488001206F
:100CD0008DF80F00FFE79DF80F0004B080BD000005
:100CE00082B00190ADF80210ADF800200198BDF877
:100CF00002100180BDF800104180BDF80010818015
:100D000000218160C16002B0704700000000000057
:100D100010B5A2B00F90219120921F93219890F8C6
:100D20002800C00730B1FFE7209890F82800C007DE
:100D3000D0B9FFE70F980022014601F8182B0830C0
:100D40000D910E90FFE70E980D9A00214160016011
:100D500000F10801084691420E90F4D1FFE70F9987
:100D60000020C861886146E12198209900F040FB8D
:100D7000D0B9FFE70F980122014601F8182B08307F
:100D80000B910C90FFE70C980B9A002141600160D9
:100D900000F10801084691420C90F4D1FFE70F9949
:100DA0000020C861886126E100201E90FFE71E98A0
:100DB000012835D8FFE71F981E9900EBC10090ED80
:100DC000000B00F0E5FA60B1FFE71F981E9900EBF9
:100DD000C10090ED000BB5EEC00BF1EE10FA1AD584
:100DE000FFE70F980222014601F8182B08300991FD
:100DF0000A90FFE70A98099A00214160016000F11A
:100E00000801084691420A90F4D1FFE70F990020AB
:100E1000C8618861EFE0FFE71E9801301E90C6E7C9
:100E200000208DF8580016A901F10800183107912B
:100E30000890FFE70898079A00214160016000F1DF
:100E40000801084691420890F4D1FFE700201D9068
:100E50001C9004218DF858101590FFE71598012873
:100E600000F2B380FFE72198159900EBC10090EDE7
:100E7000060B00F08DFAC8B1FFE72098159900EB3A
:100E8000C10090ED060B00F083FA78B1FFE72098DF
:100E9000159900EBC10090ED060B219800EBC10005
:100EA00090ED061B00F034FAD0B9FFE70F9803224B
:100EB000014601F8182B083005910690FFE70698C7
:100EC000059A00214160016000F108010846914245
:100ED0000690F4D1FFE70F990020C86188618AE08D
:100EE0002098159900EBC10090ED060B219800EBBE
:100EF000C10090ED061B30EE410B8DED120B9DED08
:100F0000120B00F045FAD0B9FFE70F980322014613
:100F100001F8182B083003910490FFE70498039A16
:100F200000214160016000F10801084691420490EF
:100F3000F4D1FFE70F990020C86188615BE09DED67
:100F4000120BB5EEC00BF1EE10FA07D5FFE79DEDE1
:100F5000120BB1EE400B8DED000B04E09DED120B7A
:100F60008DED000BFFE79DED000B8DED100B9DED62
:100F7000120B159916A800EBC10080ED020B9DED38
:100F8000100B9DED1C1BB4EEC10BF1EE10FA05DD4C
:100F9000FFE79DED100B8DED1C0BFFE79DED100B9A
:100FA0001F98159900EBC10090ED001BB4EEC10B2A
:100FB000F1EE10FA04DDFFE705208DF85800FFE799
:100FC000FFE715980130159048E70F991698179A82
:100FD000189BDDF864C0DDF868E01B9C4C61C1F82B
:100FE00010E0C1F80CC08B604A6008601C981D9A24
:100FF000CA618861FFE722B010BD00000000000058
:1010000080B588B0069005910698039000F6683088
:10101000FEF762FC0398D0F85C0B00F0F9FFADF826
:101020001200BDF8120001280DDCFFE70398BDF89F
:10103000121000EB810000F536600599096801F097
:10104000EBF820B9FFE701208DF81F001BE00398A3
:1010500000F674310291059909680191BDF81210EA
:1010600000EB810000F5366001F0F6F801990246C8
:101070000298FEF79DF901460420002918BF0020C0
:101080008DF81F00FFE79DF81F0008B080BD00002D
:1010900080B586B00490ADF80E10029204980190CD
:1010A00000F042FC28B9FFE7BDF80E00022804DB7F
:1010B000FFE700208DF817000DE00198BDF80E1035
:1010C00000EB810000F53660029900F045FA01203E
:1010D0008DF81700FFE79DF8170006B080BD0000EF
:1010E00080B584B0029002980090D0F85C0B00F0BC
:1010F0005FFF40B1FFE70098D0F85C0B00F080FF85
:10110000022804D0FFE708208DF80F0024E000201B
:10111000ADF80600FFE7BDF80600012816DCFFE782
:101120000098BDF8061000EB810000F5366001F074
:10113000B7F820B9FFE708208DF80F000CE0FFE7B3
:10114000BDF806000130ADF80600E4E70098FEF7B0
:10115000B7F98DF80F00FFE79DF80F0004B080BDD0
:1011600080B582B001900091019800F66830FEF7DA
:10117000B3FB02B080BD000080B58CB00A90ADF822
:10118000261008920A9805900B90BDF82610FEF7DD
:10119000ABF9059946F66020C0F6020008300860F9
:1011A0000898C1F85C0B01F5366001F668310691CC
:1011B0000790FFE707980022014641F8042B0491AD
:1011C00000F0D2F9069A0499084691420790F1D1AD
:1011D000FFE7059A02F66830039000210191C2F8FA
:1011E000701BC2F86C1BC2F8681BFEF78DFB059ADA
:1011F000019902F674300290C2F8741BFEF7F4F8FD
:1012000002980399FEF7CCF80B980CB080BD000053
:1012100080B582B001900198009000F009F8009824
:1012200040F6783101F002F902B080BD0000000004
:1012300080B582B0019001980090FEF781F9009886
:1012400002B080BD0000000080B58AB08C460190DD
:101250000D990C98CDF824C007930692059104903F
:101260000998007DC00730B9FFE701990020087098
:10127000C86088602DE0069A079809998B68C9684C
:10128000D21A884107D2FFE7019903200870002095
:10129000C86088601DE00199069A0798099BD3F8F9
:1012A00008C0DB68B2EB0C02984102920390DDF8B3
:1012B00008C0039A049B0598B3EB0C0390414FF0D0
:1012C000020028BF012008700298039ACA60886053
:1012D000FFE70AB080BD000080B584B003900291A2
:1012E0000398019002990160006801688968884745
:1012F000019804B080BD000080B582B001900198D3
:10130000009000680168C9688847009802B080BDF5
:101310008AB08DED080B8DED061B4FF6FF70C7F6FA
:10132000DF7005904FF0FF3004909DED081B9DEDA0
:10133000060BB6EE002B20EE020B91EE020B8DEDAC
:10134000020B9DED020B00209FED0D1BB4EEC10BB7
:10135000F1EE10FA01900DDBFFE79DED020B9FED22
:101360000A1B0020B4EEC10BF1EE10FA98BF012069
:101370000190FFE7019800F001000AB0704700BF3C
:10138000FFFFFFFFFFFFDFFFFFFFFFFFFFFFDF7F2D
:1013900080B588B08DED060B9DED060B8DED020B33
:1013A00000F08AFFB0EE401B9DED020BB1EE411B39
:1013B0000020B4EEC10BF1EE10FA059013DBFFE74D
:1013C0009DED060B8DED000B00F076FFB0EE401B9F
:1013D0009DED000B0020B4EEC10BF1EE10FA98BFAA
:1013E00001200590FFE7059800F0010008B080BDDE
:1013F00083B002900191029908684968019B1A68BC
:101400005B6859405040014300200090E1B9FFE77C
:10141000029881680198826800209142009013D15F
:10142000FFE70298C1680198C268002091420090CD
:101430000AD1FFE70298006901990969401AB0FAD8
:1014400080F040090090FFE7009800F0010003B031
:10145000704700000000000080B586B00590049140
:101460000393029205980090016801A8FFF734FFEA
:1014700000980499096881600299039A42610161A8
:10148000816901318161806928B9FFE70099886924
:1014900001308861FFE700990120087701A8FFF774
:1014A0002BFF06B080BD000082B001900091019832
:1014B00000990160002181604161016181610177D2
:1014C00002B070470000000081B00090009846F61E
:1014D0009421C0F602010831016001B0704700009C
:1014E00081B00090FEDE000081B00090009801B055
:1014F000704700000000000082B001900091019947
:101500000098086002B0704781B0009000980021F8
:10151000016001B07047000082B001900091019914
:101520000098086002B0704781B0009000980021D8
:10153000016001B07047000082B0019000910199F4
:101540000098086002B0704781B0009000980021B8
:10155000016001B07047000082B0019000910199D4
:101560000098086002B0704781B000900098002198
:10157000016001B07047000081B000900098D0F881
:10158000640B01B07047000081B00090009800F635
:101590006C3001B07047000081B00090009845F6B3
:1015A000A031084401B0704781B00090009800F568
:1015B000376001B07047000081B00090009800F6DD
:1015C0005C3001B07047000081B00090009800F6D8
:1015D0005C3001B07047000081B00090009842F28A
:1015E0009021405C00F0010001B070470000000055
:1015F00080B582B00190019841F2F861084400F092
:101600006BF802B080BD000080B582B001900198F7
:1016100041F2F861084400F06BF802B080BD0000B0
:1016200080B582B00190019841F2F861084400F061
:1016300067F802B080BD000080B582B001900198CB
:1016400041F2F861084400F063F802B080BD000088
:1016500080B582B00190019842F67861084400F0AC
:1016600033F802B080BD000081B00090009843F6CE
:101670008C21405801B0704780B582B0019001982C
:1016800000F5366000F010F802B080BD00000000E8
:1016900080B582B00190019842F2A821084400F080
:1016A0009BF802B080BD000081B000900098D0F897
:1016B0005C0B01B07047000081B00090009800F50D
:1016C000366001B07047000081B00090009800F6CD
:1016D000683001B07047000081B000900099D1F8E7
:1016E000880BD1F88C1B01B070470000000000008F
:1016F00081B00090009890F8900B01B07047000006
:1017000081B000900098D0F8800B01B070470000C5
:1017100081B000900098D0F8940B01B070470000A1
:1017200081B00090009800F5366001B0704700006D
:1017300081B00090009800F5B65001B070470000ED
:1017400010B58AB001910146019809900892099854
:101750008268C368D0F810C0D0F814E084690C61C6
:10176000C1F80CE0C1F808C04B600A6002680023B1
:10177000C4F23033059382F0004204929DED040BD5
:101780009FED112B30EE420B089A039382F000423A
:1017900002929DED021B31EE421B30EE010B81EDFA
:1017A000060B8269079306929DED060B9FED081BC1
:1017B00030EE410B81ED080B90F8200000F00100A5
:1017C00081F828000AB010BD0000008000003043FE
:1017D000000000000000304381B000900098D0F875
:1017E000C80B01B07047000081B00090009800F570
:1017F000396001B07047000081B00090009800F59A
:10180000366001B07047000081B00090009800F68B
:10181000643001B07047000080B582B00190E1F7FC
:101820001BF902B080BD000080B594B00590139103
:1018300009A82821DEF7B2FF059908461031069164
:101840000790FFE70799069A002041F8040B084625
:1018500091420790F6D1FFE7059901F11000183188
:1018600003910490FFE70499039A002021F8020BEA
:10187000084691420490F6D1FFE7059900200290B6
:101880008861C86181F8200081F8210009A8F2F779
:101890001FFC02988DF82300FFE79DF82300032822
:1018A00017DCFFE705999DF8233009A850F823209D
:1018B00041F823209DF8232000EB4200008A01EB31
:1018C00042010882FFE79DF8230001308DF82300D4
:1018D000E3E70598119981619DF84810002918BF28
:1018E000012180F820109DF8491080F8211090F80F
:1018F0002000C00728B1FFE70F991098401A019007
:1019000002E000200190FFE705990198C86114B03A
:1019100080BD00000000000081B000900098808829
:1019200001B070470000000081B00090009890F86E
:10193000500B01B07047000081B00090009801B0DA
:10194000704700000000000081B00090009890F8FF
:10195000340000F0010001B07047000000000000FA
:1019600081B00090009801B07047000000000000B6
:1019700081B000900098007D00F0010001B0704738
:1019800081B000900098006901B07047000000002D
:1019900081B00090009801B0704700000000000086
:1019A00081B00090009890F8280000F0010001B08C
:1019B000704700000000000081B000900098406A6D
:1019C00001B070470000000081B00090009801B0A5
:1019D000704700000000000081B00090009890F86F
:1019E000300000F0010001B070470000000000006E
:1019F00081B00090009801B0704700000000000026
:101A000081B000900098007A00F0010001B07047AA
:101A100081B000900098406801B07047000000005D
:101A200081B000900098B0F80C0B01B07047000036
:101A300081B000900098B0F80E0B01B07047000024
:101A400080B586B00490ADF80E1004980090BDF8F3
:101A50000E000290FFE7029800281DD4FFE70098CF
:101A6000029900EBC10000F5B06001900198006898
:101A700068B1FFE70198006800F0CAFA0199898807
:101A8000884204D0FFE700208DF8170008E0019895
:101A9000B0F906000290DEE701208DF81700FFE79D
:101AA0009DF8170006B080BD85B0039002910398A1
:101AB00000900020ADF80600FFE70099BDF8060091
:101AC000B1F8021B884214DAFFE70098BDF806104F
:101AD00050F821000299884204D1FFE7BDF80600C2
:101AE00004900AE0FFE7BDF806000130ADF80600FB
:101AF000E3E74FF0FF300490FFE7049805B070472C
:101B000080B586B005900491059802900499FFF77E
:101B1000CBFF03900398B0F1FF3F03DCFFE7002009
:101B2000019007E00298039900EB411000F5D060A6
:101B30000190FFE7019806B080BD000000000000A2
:101B400081B000900098D0F8140B01B070470000ED
:101B500081B000900098D0F8100B01B070470000E1
:101B600080B588B00690ADF8161006980190002058
:101B70008DF815008DF81400ADF81200FFE70199FB
:101B8000BDF81200B1F8041B884251DAFFE7019852
:101B9000BDF8121000EB0110803003900398007A1A
:101BA000C00778B9FFE703988089BDF8161088420E
:101BB00008D1FFE701990398B1F80C1BFEF76CF808
:101BC00008B9FFE72EE001980399498900EB41101D
:101BD00090F88C068DF80B000398407AC007B0B1DE
:101BE000FFE701208DF815009DF80B00022801D1B8
:101BF000FFE717E09DF80B00012804D0FFE7002065
:101C00008DF81F0025E001208DF8140009E09DF8F3
:101C10000B00012804D0FFE700208DF81F0018E01A
:101C2000FFE7FFE7BDF812000130ADF81200A6E7AC
:101C30009DF815100120C907009021B1FFE79DF81C
:101C400014000090FFE7009800F001008DF81F00DD
:101C5000FFE79DF81F0008B080BD000000000000F5
:101C600080B586B00490ADF80E1004980090BDF8D1
:101C70000E000290FFE7029800281ED4FFE70098AC
:101C8000029950F82100FFF74FFE8DF807009DF8EC
:101C90000700022809D0FFE79DF80700042804D0B8
:101CA000FFE700208DF817000BE00098029900EB89
:101CB000C100B0F986050290DDE701208DF817001C
:101CC000FFE79DF8170006B080BD0000000000008F
:101CD00080B58AB084460C98CDF820C00791069252
:101CE0008DF81730ADF81400089801900020ADF879
:101CF0001200FFE70199BDF81200B1F8041B8842F9
:101D00004FDAFFE70198BDF8121000EB01108030A8
:101D100003900398C18901204FF6FF729142009011
:101D200013D0FFE7BDF8141001204FF6FF72914267
:101D300000900AD0FFE70398C089BDF81410401A3C
:101D4000B0FA80F040090090FFE7009800F0010031
:101D50008DF80B0003980068079988421AD1FFE7B5
:101D6000039840680699884214D1FFE70398007AE7
:101D700000F001009DF8171001F00101884209D11F
:101D8000FFE79DF80B00C00720B1FFE7BDF8120088
:101D900009900AE0FFE7BDF812000130ADF812002B
:101DA000A8E74FF0FF300990FFE709980AB080BD1F
:101DB00084B00390ADF80A1003990191BDF80A00B0
:101DC000B1F8041B884208DAFFE70198BDF80A1051
:101DD00000EB01108030009002E000200090FFE74F
:101DE000009804B07047000084B00390ADF80A106A
:101DF00003990191BDF80A00B1F8021B884207DA85
:101E0000FFE70198BDF80A1050F82100009002E0A9
:101E100000200090FFE7009804B070470000000029
:101E200080B588B00690069802900020ADF81600A4
:101E3000FFE70299BDF81600B1F8021B88424CDAA0
:101E4000FFE70298BDF8161050F8210060B1FFE7D7
:101E50000298BDF8161050F82100FFF75DFD4FF60F
:101E6000FF71884204D1FFE708208DF81F0082E04F
:101E7000BDF816000130ADF81400FFE70299BDF877
:101E80001400B1F8021B884220DAFFE70298BDF87F
:101E9000161050F82100FFF73FFD0146029801910E
:101EA000BDF8141050F82100FFF736FD01460198E7
:101EB000884204D1FFE702208DF81F005BE0FFE7B6
:101EC000BDF814000130ADF81400D7E7FFE7BDF806
:101ED00016000130ADF81600ABE70020ADF8120097
:101EE000FFE70299BDF81200B1F8041B88423EDA00
:101EF000FFE70298BDF8121000EB0110803003904C
:101F000003980068A8B1FFE70398406888B1FFE72D
:101F1000029803990968FFF7C7FD002809D4FFE775
:101F2000029803994968FFF7BFFDB0F1FF3F04DC59
:101F3000FFE705208DF81F001DE00398C0894FF6CC
:101F4000FF7188420CD0FFE702990398C089B1F86D
:101F5000081B884204DBFFE708208DF81F000AE019
:101F6000FFE7BDF812000130ADF81200B9E700201C
:101F70008DF81F00FFE79DF81F0008B080BD00002E
:101F800081B000900098B0F8040B01B070470000D9
:101F900081B000900098B0F8020B01B070470000CB
:101FA00081B000900098B0F8080B01B070470000B5
:101FB00083B002900298009001880020019089B1BE
:101FC000FFE700984188028800209142019009DAD9
:101FD000FFE700988188028800209142B8BF012065
:101FE0000190FFE7019800F0010003B07047000086
:101FF00081B000900098C06801B0704700000000F8
:1020000081B000900098008801B070470000000087
:1020100081B000900098808801B0704700000000F7
:1020200081B000900098806801B070470000000007
:1020300082B00190ADF802100198BDF8021002883C
:1020400000209142B8BF012002B07047000000009C
:1020500081B00090009800F6683001B07047000031
:10206000B0B586B00590049105980290016803A868
:102070000190FFF731F901980299049A8B68D1F821
:102080000CC0D1F810E04C698D691561D460C2F8BC
:1020900008E0C2F804C01360097F1175FFF72CF93E
:1020A00006B0B0BD0000000080B582B0019001987C
:1020B0000068FFF741FC02B080BD00000000000096
:1020C00080B584B0039003980190016800200290CD
:1020D00031B1FFE701980068FFF736FC0290FFE797
:1020E000029800F0010004B080BD00000000000074
:1020F00081B0009000980068002818BF012001B04E
:10210000704700000000000080B584B00390029189
:102110000398009000F024F801460020019059B186
:10212000FFE700980068FFF72BFC0299401AB0FA0D
:1021300080F040090190FFE7019800F0010004B031
:1021400080BD00000000000080B582B001900198C1
:102150000068FFF705FC02B080BD00000000000031
:1021600080B584B00390039801900168002002902C
:1021700031B1FFE701980068FFF7FAFB0290FFE733
:10218000029800F0010004B080BD000000000000D3
:1021900081B0009000980068002818BF012001B0AD
:1021A000704700000000000080B582B001900198E7
:1021B0000068FFF7EDFB02B080BD000000000000EA
:1021C00080B584B0039003980190016800200290CC
:1021D00031B1FFE701980068FFF7E2FB0290FFE7EB
:1021E000029800F0010004B080BD00000000000073
:1021F00080B584B0039003980290006818B9FFE797
:102200000020019005E002980068FFF7D5FB0190DF
:10221000FFE7019804B080BD80B584B003900291BF
:102220000398009000F024F801460020019059B175
:10223000FFE700980068FFF7EBFB0299401AB0FA3D
:1022400080F040090190FFE7019800F0010004B020
:1022500080BD00000000000080B582B001900198B0
:102260000068FFF7C5FB02B080BD00000000000061
:1022700080B584B00390039801900168002002901B
:1022800031B1FFE701980068FFF7BAFB0290FFE762
:10229000029800F0010004B080BD000000000000C2
:1022A00081B0009000980068002818BF012001B09C
:1022B000704700000000000080B500F001F880BD0C
:1022C0009FED010B704700BFFFFFFFFFFFFFEF7F98
:1022D00080B584B00390029101920398006801993F
:1022E000FFF70EFC0090009838B3FFE700980068F5
:1022F00002990860009840680299486000988068D8
:10230000029988600098007B029908730098C08940
:102310000299C88100980069029908610098406993
:102320000299486100988069029988610098007F4D
:1023300000F0010002990877FFE704B080BD0000BB
:1023400080B584B0039002910192039800680199CE
:10235000FFF7D6FB0090009838B3FFE700980068BD
:102360000299086000984068029948600098806867
:10237000029988600098007B029908730098C089D0
:102380000299C88100980069029908610098406923
:102390000299486100988069029988610098007FDD
:1023A00000F0010002990877FFE704B080BD00004B
:1023B00084B0039002910192019890F8280000F0F7
:1023C0000100029981F828000198806802998860CC
:1023D000019908684968029AC2E900010198C06839
:1023E0000299C860019800690299086100208DF87F
:1023F0000300FFE79DF80300012813D8FFE70198C9
:102400009DF8031000EBC10090ED060B029800EB65
:10241000C10080ED060BFFE79DF8030001308DF849
:102420000300E7E704B07047DEF741B8FFF7FCBFF1
:1024300081B0ADF80200BDF9020000280ED4FFE71C
:10244000BDF9021001F01F02012090404A094EF22E
:102450000011CEF2000141F82200FFE701B0704701
:102460004EF60C50CEF200000068C0F30220704718
:1024700082B0ADF806000091BDF9060000280AD42C
:10248000FFE700980001BDF906104EF20042CEF2BF
:10249000000288540BE000980001BDF8061001F01E
:1024A0000F014EF61452CEF200028854FFE702B03C
:1024B000704700000000000083B00290029800F016
:1024C000070000904EF60C51CEF200010868019012
:1024D00001984FF6FF02104001900198009A40EADF
:1024E00002200022C0F2FA521043019001980860C5
:1024F00003B0704700000000BFF34F8F4EF60C5141
:10250000CEF20001086800F4E0600422C0F2FA5242
:1025100010430860BFF34F8FFFE700BFFDE70000E7
:1025200001A001F074FD00BF5075726520766972DC
:102530007475616C2066756E6374696F6E2063617B
:102540006C6C65642100000080B582B041F63840B3
:10255000C2F200400190FAF75FFB01994CF671500E
:10256000C0F6010040F20002C0F60002DEF778F883
:1025700002B080BD00000000F5EE400AF1EE10FA56
:1025800023DD80EE200AB7EE002AB0EEC01AB4EECA
:10259000421AF1EE10FA46DD82EE012A46F6B42226
:1025A0009FED771A2021C0F6020200BF5318B0EE4B
:1025B000413A043993ED001A0B1DA2EE031AF5D12E
:1025C0009FED6D2A32EE412A3EE0F5EE400AF1EE33
:1025D00010FA46DAB5EE400AF1EE10FA4EDD80EE62
:1025E000200AB7EE002AB0EEC01AB4EE421AF1EE9D
:1025F00010FA77DD82EE012A46F6B4229FED601ACA
:102600002021C0F6020200BF5318B0EE413A04394F
:1026100093ED001A0B1DA2EE031AF5D19FED562A79
:1026200032EE412A70E046F6B4229FED553A202161
:10263000C0F602025318043993ED002A0B1DA1EED7
:10264000032AB0EE423AF5D1B1EE421AB5EE400A95
:10265000F1EE10FA22FE010A80ED000A002040B2DD
:102660007047F5EE400AF1EE10FA38D1B5EE400AA7
:10267000F1EE10FA2BDD9FED400AEDE7B5EE400AD2
:10268000F1EE10FA4DDA80EE200AB7EE002AB0EE35
:10269000C01AB4EE421AF1EE10FA4DDD82EE012AB4
:1026A00046F6B4229FED361A2021C0F6020200BF82
:1026B0005318B0EE413A043993ED001A0B1DA2EE07
:1026C000031AF5D19FED2C2A32EE412A46E0B5EEF1
:1026D000400AF1EE10FA02DA9FED280ABCE7FC206E
:1026E00040B2704746F6B4229FED253A2021C0F64D
:1026F000020200BF5318043993ED002A0B1DA1EE0E
:10270000032AB0EE423AF5D1B1EE421AB5EE400AD4
:10271000F1EE10FA22FE010A9FED1B1A30EE010ABB
:102720009AE710EE101A40F6DB72C4F2490262F327
:102730001E0100EE101A8FE746F6B4229FED103A04
:102740002021C0F6020200BF5318043993ED002A7D
:102750000B1DA1EE032AB0EE423AF5D1B1EE421ABA
:10276000B5EE400AF1EE10FA22FE010A9FED051ABD
:1027700030EE010A70E700BFDB0FC93FDB0FC9BFB6
:10278000A59204BDDB0F49C0DB0F494000000000EB
:10279000B5EE001A9FED1E2AA0EE021A9FED1E2A2A
:1027A000BDEEC10AB5EE401AF1EE10FA10EE100AB5
:1027B000B8BF013800EE100AB8EEC00A31EE400A88
:1027C0009FED141A20EE010ABCEEC01A30EE022A68
:1027D00011EE100A410A46F6DC2118BF002000FE67
:1027E000020AC0F6020101EE100A01EB800090ED32
:1027F000012AB8EE411A30EE410AB7EE001A31EE66
:10280000401A20EE020A90ED002AA1EE020A70475B
:1028100083F9223E00000044000000C400000000D4
:10282000B0F800C0438803FB0CF3B3B1D2F804C086
:1028300040684968021F0439ACF1040092ED010AB6
:1028400091ED011A00F1040C30EE010A043204315A
:10285000013B80ED010A6046F0D100207047000086
:1028600001804280436070472DE9F04F93B00288A9
:102870000190B0F80290109207914868129012B33C
:1028800010996FF003008D00002600EB810A4FF0D5
:102890007E5B2C46129F04E004364446B542074650
:1028A00011D026B138463146DDF778FF3744384637
:1028B000B245A4F1040840F804BBEDD04146DDF771
:1028C0006DFF3819E8E7B9F1000F00F06E8101984B
:1028D00004214FEA8908B7EE000AD0F804C009F1D4
:1028E000010006901098454204200B9001EB8900EE
:1028F0000390ACF1040012990CEB890A0439099198
:1029000000EB89010A9100210E910C900024CDE981
:102910001190CDE9045C1DE01198129901381190D5
:102920000398DDF820A0014412910C9982440431EF
:102930000C910E990F9C04310E910D9949450A99FD
:1029400001440B98DDE9045C0A9100F104000B904E
:1029500000F01E810698621C10990D9260438A4215
:102960000CEB800090ED001A16D25146234620460B
:1029700091ED002AB0EEC14AB0EEC23A0133EA1836
:102980004144B4EE443AF1EE10FAC8BF184632FEA4
:10299000011A0132ECD100E02046B5EE401A0021C8
:1029A000021BF1EE10FA08BF0121B2FA82F25209BD
:1029B00051EA020E22D1A1450CD90C9908FB001155
:1029C000DDE9113252F8047F51F8046F013B1660C3
:1029D0000F60F7D10799498881B100FB01F20E9889
:1029E000099B00FB013003EB820300BF50F8042F6A
:1029F00053F8047F013907601A60F7D1B5EE401A29
:102A0000F1EE10FA00F0C28080EE011ACDF808E075
:102A1000A9EB040EBEF1010F0CDBDDE9111200BFC2
:102A200092ED012A101D21EE022A013982ED012AC0
:102A30000246F5D107984F46CDF820A0B0F802B075
:102A4000BBF1000F0ED00E99099801FB0B025946FD
:102A500092ED012A101D21EE022A013982ED012A90
:102A60000246F5D1002C0CEB840343D00E98099E4E
:102A7000A1464FEA8B0400FB0B604FF0000CDDF821
:102A800030A00F9006E000BF0CF1010CC244CC4511
:102A900026442FD00CFB07F0BEF1010F03EB8000A2
:102AA00090ED001AB1EE412A0FDB11995546129AAA
:102AB00092ED013A95ED014AA2EE034A281D043237
:102AC000013985ED014A0546F2D1BBF1000FDBD09B
:102AD000594635460F9A00BF92ED013A95ED014AED
:102AE000A2EE034A281D0432013985ED014A05464C
:102AF000F2D1C9E710980D998142B9460F91BFF400
:102B00000BAF0E9809994FEA8B0A0A9A00FB0B1C2F
:102B10000B980F9D00FB0B1407E000BF01351098C8
:102B20008542424454443FF4F7AE05FB09F0BEF140
:102B3000010F03EB800090ED001AB1EE412A10DB8B
:102B4000119F1146129800BF90ED013A91ED014A94
:102B5000A2EE034A0E1D0430013F81ED014A3146C9
:102B6000F2D1BBF1000FD9D05F462146604600BFCD
:102B700090ED013A91ED014AA2EE034A0E1D043098
:102B8000013F81ED014A3146F2D1C7E7FB2027E042
:102B9000B5EE401A0020F1EE10FA08BF01200299AC
:102BA000084001284FF000001AD1109809FB00F1ED
:102BB000002081B1019A5368002200BF93ED000A02
:102BC000B5EE400AF1EE10FA06D10132043391421B
:102BD000F4D10A4600E000228A4208BF6FF00400E8
:102BE00040B213B0BDE8F08F2DE9F04F81B04688B8
:102BF000B1F802904368B0F800A0D2F804E04FEAC0
:102C00008608A3F1040C4FEA89054FF0000B9FEDF5
:102C1000180A4F68009704E0BAF1010ACB44C44493
:102C200021D00EEB8B020098494607E0131D0139B5
:102C300082ED001A00F104001A46EDD0B0EE401A01
:102C4000002EF3D0B0EE401A07466446334600BF6C
:102C500094ED012A97ED003AA2EE031A0434013BE9
:102C60002F44F5D1E2E7002001B0BDE8F08F00BFAE
:102C70000000000000000000B0F800C0438803FB23
:102C80000CF3B3B1D2F804C040684968021F04399C
:102C9000ACF1040092ED010A91ED011A00F1040C6F
:102CA00030EE410A04320431013B80ED010A6046F6
:102CB000F0D100207047000070B50688D0F804C03D
:102CC000B0F802E04C68B30004E000BF013E04F13C
:102CD000040410D0BEF1000FF8D0ACF1040021467E
:102CE000724600BF50F8045F013A0D601944F9D1F3
:102CF00000F1040CEAE7002070BD000000000000B5
:102D00009FED1E1A20EE010A9FED1E2ABDEEC01A8D
:102D1000B5EE400AF1EE10FA11EE100AB8BF013814
:102D200001EE100AB8EEC11A30EE410A9FED141AF6
:102D300020EE010ABCEEC01A30EE022A11EE100A93
:102D4000410A46F6DC2118BF002000FE020AC0F648
:102D5000020101EE100A01EB800090ED012AB8EEAD
:102D6000411A30EE410AB7EE001A31EE401A20EE59
:102D7000020A90ED002AA1EE020A704783F9223E72
:102D800000000044000000C480B588B000208DF829
:102D90001E008DF81D00DEF77BF980200490DEF721
:102DA00037FB55200590DEF733FB0598DEF730FB47
:102DB0008DF81E00DEF760F996200690DEF7A8F980
:102DC000DEF766F90498DEF723FB0598DEF720FBB3
:102DD0000598DEF71DFB8DF81E00DEF74DF906980D
:102DE000DEF796F9DEF754F97E20B621DEF728FBF0
:102DF000DEF742F95020DEF777F9DEF749F904985B
:102E0000DEF706FB0598DEF703FB0598DEF700FB0F
:102E10008DF81E00DEF730F90698DEF779F9DEF757
:102E200037F90498DEF7F4FA0598DEF7F1FA059819
:102E3000DEF7EEFA8DF81E00DEF71EF90698DEF7D3
:102E400067F99DF81E001E2804D0FFE7FF208DF8CB
:102E50001F005CE000208DF81D00FFE79DF81D00BD
:102E6000052850DCFFE7DEF713F99DF81D0000EBA5
:102E7000400240F2A440C2F2004003908118805CFE
:102E80004978DEF7DDFADEF7F7F896200290DEF7F4
:102E90003FF9DEF7FDF803989DF81D1001EB4101A5
:102EA000405C40F08000DEF7B3FA55200190DEF779
:102EB000AFFA0198DEF7ACFA8DF81E00DEF7DCF809
:102EC0000298DEF725F903999DF81E009DF81D2054
:102ED00002EB42021144497888420DD0FFE79DF889
:102EE0001D0000EB400140F2A440C2F20040084443
:102EF00080788DF81F000AE0FFE79DF81D00013083
:102F00008DF81D00AAE700208DF81F00FFE79DF84F
:102F10001F0008B080BD000080B586B00020029080
:102F20008DF816008DF81500DEF7CEF802980DF139
:102F300015010391DEF758FADEF7BAF896200490EF
:102F4000DEF7E6F8DEF7C0F802980399DEF74CFAF0
:102F5000DEF7AEF80498DEF7DBF8DEF7B5F81420FC
:102F6000B621DEF76DFADEF7A3F85020DEF7BCF8E5
:102F7000DEF7AAF802980399DEF736FADEF798F83A
:102F80000498DEF7C5F8DEF79FF802980399DEF79C
:102F90002BFADEF78DF80498DEF7BAF89DF81500E5
:102FA0000F2804D0FFE7FF208DF8170053E0002022
:102FB0008DF81600FFE79DF81600052847DCFFE7AF
:102FC000DEF782F89DF8160000EB400240F2500058
:102FD000C2F2000001908118805C4978DEF730FA77
:102FE000DEF766F896200090DEF792F8DEF76CF8D0
:102FF00001989DF8161001EB4101405C0DF115019F
:10300000DEF7F2F9DEF754F80098DEF781F801995F
:103010009DF815009DF8162002EB420211444978F4
:1030200088420DD0FFE79DF8160000EB400140F20A
:103030005000C2F20000084480788DF817000AE0C2
:10304000FFE79DF8160001308DF81600B3E7002069
:103050008DF81700FFE79DF8170006B080BD00004F
:1030600080B58CB00B900B986946E4F741F8059851
:1030700038B1FFE70B980168886920F0010088618A
:10308000FFE70CB080BD000080B586B00590ADF8BC
:103090001210ADF81020BDF81200BDF81010084451
:1030A000ADF80600FF208DF808008DF809008DF8B6
:1030B0000A008DF80B008DF80C008DF80D008DF8CE
:1030C0000E00FB208DF80F000598BDF9061002AA2E
:1030D000F8F77AFB06B080BD80B586B00590ADF8F4
:1030E0001210ADF81020BDF81200BDF81010084401
:1030F000ADF80600FF208DF808008DF809008DF866
:103100000A008DF80B008DF80C008DF80D008DF87D
:103110000E00FD208DF80F000598BDF9061002AADB
:10312000F8F752FB06B080BD80B584B003900291E1
:103130000298007800F00F00039948600298007828
:103140000009039988600298B0F8010040BA039919
:10315000C8600299C8780979000140EA1110039902
:10316000086102980179407901F00F0140EA0120DD
:10317000039948610398C0689FED1B0ADFED1B0AA5
:10318000102100F001FF039880ED080A0398006900
:10319000BBEE0E0AF3EE0E0A0C21019100F0F4FED4
:1031A0000199039880ED090A03984069BAEE040A70
:1031B000F2EE040A00F0E8FE039880ED0A0A029895
:1031C000807900EE100AB8EE400A039880ED0D0AEF
:1031D0000298C07900EE100AB8EE400A039880ED1C
:1031E0000E0A04B080BD00BFDB0F49C0DB0F4940B1
:1031F00080B586B00590ADF81210ADF81020BDF87E
:103200001200BDF810100844ADF80600FF208DF83C
:1032100008008DF809008DF80A008DF80B008DF874
:103220000C008DF80D008DF80E00FC208DF80F00BD
:103230000598BDF9061002AAF8F7C6FA06B080BDD7
:1032400086B08DED050ACDED040A8DED031A0290CE
:103250009DED030A9DED041A30EE410A8DED010A41
:10326000049800909DED050A9DED001A30EE410A8C
:10327000029901208840013801EE100AB8EEC11A07
:1032800020EE010A9DED011A80EE010ABDEEC00A92
:1032900010EE100A06B0704781B0EFF30580009081
:1032A0000098002818BF012001B0704700000000FE
:1032B00080B582B08DED010A4FF07E5000909DEDFB
:1032C000010A02F01DFBB0EE401A9DED000A80EEEF
:1032D000010A8DED000A9DED000A02B080BD0000DC
:1032E00080B582B000200190EEF7FAFEE5F7F8F91C
:1032F000F1F722FAEFF74CFAEEF71EFFEFF7BCFA00
:10330000EFF742FBEEF790FFEEF7CEFFEFF70CF88A
:10331000EFF7F6FBEFF73CFCEFF7E6FAEFF7A4FB6D
:103320004FF4F070DFF7B4FBDEF7EEF9F0F7F0FDE5
:10333000DEF7DEF8DDF72CFCDFF7DAFCDDF718FC52
:10334000EFF72EF800F0B8F8FFE7FEE70000000006
:1033500082B0ADF8060000200090BDF90600842878
:1033600007D0FFE7BDF9060000990844033000903C
:10337000FFE7009802B0704780B58EB00D90ADF8B1
:1033800032108DED0B0ACDED0A0A8DED091ACDED47
:10339000081A8DED072ABDF83200ADF808009DED42
:1033A0000B0ADFED360A9FED361A1020FFF748FFB3
:1033B000ADF812009DED0A0AFBEE0E0AB3EE0E1AEE
:1033C0000C200190FFF73CFF01460198ADF810106A
:1033D0009DED090ADFED2B0ACDED000A9FED2A1ABB
:1033E000FFF72EFFDDED000A01460198ADF80E1043
:1033F0009DED080AB1EE041AFFF722FF014601987D
:10340000ADF80C109DED070AFAEE040AB2EE041AAC
:10341000FFF716FFADF80A009DF813008DF81400B1
:103420009DF812008DF81500BDF8100000098DF808
:103430001600BDF810109DF80F0040EA01108DF83D
:1034400017009DF80E008DF81800BDF80C0000095B
:103450008DF81900BDF80C109DF80B0040EA011022
:103460008DF81A009DF80A008DF81B000D98BDF923
:10347000081005AAF8F7A8F90EB080BDDB0F49C007
:10348000DB0F4940000000000000FA43000000008C
:1034900080B584B0039003980290029818B1FFE7BA
:1034A0000298019002E001200190FFE7019800F0EE
:1034B000A3FF002004B080BD80B501F0C5F8002056
:1034C00080BD000000000000B0B590B00E900D91DE
:1034D0000E98406938B3FFE70E98806918B3FFE78C
:1034E0000E980168089141680B91016909910D9945
:1034F0000A91B0F90800FFF72BFF0899099A0A9B77
:1035000084460B98DDF838E0DEF81440DEF81850F9
:10351000EE46CEF80850CEF80440CEF800C001F0D8
:103520000FFB0C9020E00E98016804914168079110
:10353000018A05910D990691B0F90800FFF708FF7F
:103540000499059A069B84460798EE460CACCEF883
:103550000440CEF800C001F0A3FA012803D0FFE731
:1035600000200F9003E0FFE70C980F90FFE70F9803
:1035700010B0B0BD0000000080B582B00190FFF730
:103580008BFE98B1FFE7019801F09EFD01280CD158
:10359000FFE74EF60451CEF200014FF08050086074
:1035A000BFF34F8FBFF36F8FFFE703E0019800F089
:1035B000E7FFFFE7002002B080BD00000000000030
:1035C00080B582B00190019801F0A6F8002002B009
:1035D00080BD00000000000080B584B0039002911F
:1035E00040F2B070C2F200000068009045F6BC40A6
:1035F000C2F201400068043000F01AFD88B9FFE70C
:1036000045F6BC40C2F201400068C16A012000FAE0
:1036100001F240F2CC61C2F20001086890430860F8
:1036200000E0FFE70398013080B9FFE7029868B136
:10363000FFE745F6BC40C2F201400068011D40F2C0
:103640009C70C2F2000000F087FD3DE000980399F5
:1036500008440190019845F6BC41C2F20141096855
:1036600048600198009988420ED2FFE740F28850E6
:10367000C2F20000006845F6BC41C2F2014109688F
:10368000043100F031FD1EE045F6C040C2F20140B9
:10369000006845F6BC41C2F201410968043100F0FE
:1036A00023FD019840F28471C2F20001096888424A
:1036B00007D2FFE7019840F28471C2F2000108606E
:1036C00000E0FFE7FFE7FFE704B080BD0000000077
:1036D00080B582B0019000F06BFD4EF6F841C2F269
:1036E000024108680130086045F6BC40C2F2014062
:1036F000006898B9FFE7019845F6BC41C2F2014164
:1037000008604EF6F840C2F202400068012803D17A
:10371000FFE700F0CDF900E0FFE71CE040F2907019
:10372000C2F200000068A0B9FFE745F6BC40C2F253
:1037300001400068C06A0199C96A884207D8FFE75A
:10374000019845F6BC41C2F20141086000E0FFE784
:1037500000E0FFE7FFE74EF60051C2F202410868C1
:10376000013008600198C16A012000FA01F240F2BC
:10377000CC61C2F200010868104308600199C86A70
:1037800000EB800240F28C50C2F2000000EB82009D
:10379000043100F0E1FC00F037FD40F29070C2F21D
:1037A00000000068C8B1FFE745F6BC40C2F2014026
:1037B0000068C06A0199C96A88420CD2FFE74EF6D8
:1037C0000451CEF200014FF080500860BFF34F8FDC
:1037D000BFF36F8F00E0FFE700E0FFE702B080BDBE
:1037E00080B582B0FFE740F2C860C2F20000006816
:1037F00008B3FFE700F0DCFC4EF6A870C2F202400E
:10380000C068C06801900198043000F011FC4EF6C9
:10381000F841C2F2024108680138086040F2C8610C
:10382000C2F2000108680138086000F0EDFC019860
:1038300000F006F8D7E702B080BD000000000000ED
:1038400080B582B00090009890F8510040B9FFE731
:103850000098006B00F000FD009800F0FDFC1CE0FB
:10386000009890F85100012804D1FFE7009800F07B
:10387000F3FC11E0009890F8510002280BD0FFE70C
:103880004FF0500080F31188BFF36F8FBFF34F8F5D
:103890000190FFE7FEE7FFE7FFE702B080BD000011
:1038A00084B048F2A060C0F20100009045F6567066
:1038B000C2F2014001909DF80400400788B1FFE783
:1038C000019807300190019820F007000190019ABB
:1038D00045F65671C2F201410098891A08440090D9
:1038E000FFE701980290029940F29470C2F2000042
:1038F0000160002141600298009A104401900198F3
:1039000008380190019820F007000190019A40F2D8
:103910008450C2F2000002600268516002681160C7
:10392000029903910199039A891A516000680399D9
:103930000860039840684EF68871C2F20241086040
:103940000398406840F28071C2F2000108604EF6B0
:103950001851C2F202414FF00040086004B07047B5
:1039600080B582B00190FFE7FFF73AFF40F28C503C
:10397000C2F20000006802280CD3FFE74EF60451A3
:10398000CEF200014FF080500860BFF34F8FBFF3BD
:103990006F8F00E0FFE7E7E780B588B0DDF834C05F
:1039A000DDF830C0DDF82CC0DDF828C006900591A8
:1039B000049203930C98006B049900EB8100043887
:1039C0000290029820F0070002909DF8080040073E
:1039D00058B1FFE74FF0500080F31188BFF36F8FAD
:1039E000BFF34F8F0790FFE7FEE70598F8B1FFE7B9
:1039F00000200190FFE701980F2813D8FFE70598F2
:103A0000019A805C0C99114481F834000598019961
:103A1000405C08B9FFE705E0FFE7FFE701980130E8
:103A20000190E8E70C99002081F8430004E00C992C
:103A3000002081F83400FFE70A98072803D3FFE746
:103A400006200A9000E0FFE70A980C99C8620A98DD
:103A50000C9948640C990020009088640C980430FC
:103A600000F03AFB0C98183000F036FB00980C99E7
:103A700009610A99C1F107010C9A91610C99496297
:103A80000C99C8640C9981F8500002980699039A21
:103A900000F04AFA0C9908600B9820B1FFE70C98E7
:103AA0000B99086000E0FFE708B080BD000000004F
:103AB00080B584B000200390FFE70398062810D853
:103AC000FFE7039800EB800140F28C50C2F2000047
:103AD00000EB810000F0E8FAFFE703980130039063
:103AE000EBE740F26C70C2F20000019000F0DCFAEB
:103AF0004EF61C50C2F20240029000F0D5FA4EF68B
:103B00009470C2F2024000F0CFFA4EF6A870C2F2F2
:103B1000024000F0C9FA40F29C70C2F2000000F0CE
:103B2000C3FA0199029845F6C042C2F201421160FF
:103B300040F28851C2F20001086004B080BD00006C
:103B400083B0029040F29470C2F200000190FFE74F
:103B5000019800680299884205D2FFE7FFE70198C3
:103B600000680190F4E70198009000980199496875
:103B700008440299884209D1FFE7029842680199F6
:103B80004868104448600198029000E0FFE70298FE
:103B90000090009802994968084401990968884290
:103BA00020D1FFE70198006840F28451C2F2000181
:103BB000096888420DD0FFE70198006842680299C1
:103BC00048681044486001980068006802990860DD
:103BD00007E040F28450C2F20000006802990860D9
:103BE000FFE704E00198006802990860FFE7019888
:103BF0000299884204D0FFE702980199086000E02A
:103C0000FFE703B07047000008480068006880F3D1
:103C100008884FF0000080F3148862B661B6BFF3E5
:103C20004F8FBFF36F8F00DF00BF000008ED00E093
:103C300081B045F6C040C2F201400068006840B95A
:103C4000FFE740F28471C2F200014FF0FF300860DC
:103C50000FE045F6C040C2F201400068C068C0688D
:103C600000900098406840F28471C2F20001086040
:103C7000FFE701B07047000083B00020009040F2E1
:103C8000A040C2F200400068013058B1FFE74FF099
:103C9000500080F31188BFF36F8FBFF34F8F0290F6
:103CA000FFE7FEE74FF0500080F31188BFF36F8FFE
:103CB000BFF34F8F0190FFE7009808B9FFE7FBE7DC
:103CC00003B070470000000084B002900020019013
:103CD00002980090029858B9FFE74FF0500080F327
:103CE0001188BFF36F8FBFF34F8F0390FFE7FEE79D
:103CF0000098406940F29C71C2F20001884214D1E0
:103D0000FFE70098806A4EF69471C2F20241884241
:103D100009D0FFE70098806A18B9FFE701200190F9
:103D200000E0FFE700E0FFE700E0FFE7019804B0F4
:103D3000704700000000000080B58AB006900020A7
:103D4000029000F099FD40F28450C2F20000006839
:103D500018B9FFE7FFF7A4FD00E0FFE706984EF66D
:103D60001851C2F202410968084240F0C580FFE7DD
:103D7000069800B3FFE70698083006909DF81800F3
:103D80004007B0B1FFE7069820F007000830069022
:103D90009DF81800400758B1FFE74FF0500080F33E
:103DA0001188BFF36F8FBFF34F8F0990FFE7FEE7D6
:103DB00000E0FFE700E0FFE70698002800F09A80A7
:103DC000FFE7069840F28071C2F20001096888425C
:103DD00000F29080FFE740F29470C2F2000004907D
:103DE00000680590FFE705984168069A0020914217
:103DF000019007D2FFE705980068002818BF01204E
:103E00000190FFE70198C00730B1FFE705980490E3
:103E1000059800680590E6E7059840F28451C2F2E3
:103E200000010968884263D0FFE704980068083001
:103E30000290059800680499086005984068069902
:103E4000401A112821D3FFE70598069908440390EA
:103E50009DF80C00400758B1FFE74FF0500080F389
:103E60001188BFF36F8FBFF34F8F0890FFE7FEE716
:103E7000059840680699401A039948600698059984
:103E800048600398FFF75CFE00E0FFE70598426892
:103E900040F28070C2F200000168891A0160006877
:103EA0004EF68871C2F20241096888420BD2FFE7E0
:103EB00040F28070C2F2000000684EF68871C2F2D3
:103EC0000241086000E0FFE74EF61850C2F20240DF
:103ED0000268059948681043486005990020086009
:103EE00040F28871C2F2000108680130086000E009
:103EF000FFE700E0FFE700E0FFE701F029F89DF8A9
:103F00000800400758B1FFE74FF0500080F31188D8
:103F1000BFF36F8FBFF34F8F0790FFE7FEE7029865
:103F20000AB080BD0000000083B0029001910092B1
:103F300002980438029002994FF08070086002984D
:103F400004380290019820F001000299086002985C
:103F500004380290029943F67940C0F602000860E6
:103F60000298143802900098029908600298043868
:103F7000029002996FF002000860029820380290C7
:103F8000029803B07047000086B005908DED040ADA
:103F9000CDED030A02919DED030A9DED041A30EE6A
:103FA000410A8DED010A049800909DED050AB8EED6
:103FB000C00A9DED011A20EE010A029901208840F5
:103FC000013801EE100AB8EEC11A80EE010A9DED2B
:103FD000001A30EE010A06B07047017809B10020DE
:103FE00070474178012903D08A0705D40222427024
:103FF000481E18BF0120704780B547F2CC30C0F68C
:10400000020000F004F80121017041707047DCF7F4
:10401000ADFC00000000000080B582B001900020DF
:1040200000900198FFF788FE0090009802B080BDD4
:1040300082B0019001980069009001984168806801
:1040400088600199486889684860009840680199CB
:10405000884205D1FFE7019880680099486000E038
:10406000FFE701990020086100990868013808609D
:104070000098006802B0704783B0029001910092EE
:1040800002994EF63470C2F20240086001994EF671
:104090003050C2F20240086000998020086003B0EE
:1040A000704700000000000081B00090009901F10D
:1040B0000800486000994FF0FF308860009901F1D6
:1040C0000800C860009901F108000861009900200B
:1040D000086001B07047000081B000900099002096
:1040E000086101B07047000084B00390029102980B
:1040F000006800900098013020B9FFE7039800693C
:10410000019010E0039808300190FFE701984068A3
:1041100000680099884205D8FFE7FFE701984068EA
:104120000190F3E7FFE70198406802994860029820
:1041300041688860019802998860029801994860F6
:10414000039802990861039908680130086004B077
:10415000704700000000000083B0029001910298B7
:104160004068009000980199486000988068019923
:104170008860019800998968486001980099886072
:10418000029801990861029908680130086003B03B
:104190007047000000000000DFF80C00016841F4E7
:1041A000700101607047000088ED00E00000000031
:1041B00082B04FF0500080F31188BFF36F8FBFF3D0
:1041C0004F8F019040F2A040C2F2004001680131DF
:1041D00001600068012814D1FFE74EF60450CEF2CA
:1041E00000000068000658B1FFE74FF0500080F370
:1041F0001188BFF36F8FBFF34F8F0090FFE7FEE78B
:10420000FFE702B07047000082B040F2A040C2F267
:104210000040006858B9FFE74FF0500080F3118864
:10422000BFF36F8FBFF34F8F0090FFE7FEE740F2C1
:10423000A040C2F20040016801390160006830B955
:10424000FFE700200190019880F31188FFE702B09A
:10425000704700000000000080B586B0039003980E
:104260000290039800285CD0FFE70298083802907B
:1042700002980190019840684EF61851C2F202412E
:10428000096808420BD1FFE74FF0500080F3118816
:10429000BFF36F8FBFF34F8F0590FFE7FEE70198E5
:1042A000006858B1FFE74FF0500080F31188BFF36A
:1042B0006F8FBFF34F8F0490FFE7FEE701984068D0
:1042C0004EF61851C2F202410968084227D0FFE7B2
:1042D0000198006808BBFFE74EF61850C2F2024092
:1042E0000268019948689043486000F0C5FA019857
:1042F000426840F28071C2F2000108681044086010
:104300000198FFF71DFC4EF69071C2F20241086859
:104310000130086000F01CFE00E0FFE700E0FFE76E
:10432000FFE706B080BD00004EF21001CEF20001A2
:10433000002008604EF21802CEF20002106040F237
:104340005C10C2F20040006844F6D352C1F262022F
:10435000A0FB02024FF0FF3000EB92104EF214026D
:10436000CEF20002106007200860704700000000D5
:1043700084B0EFF305800190019810281ED3FFE769
:1043800001984EF2F031CEF20001405C8DF803004E
:104390009DF803004EF2F651C2F2024109788842BC
:1043A0000BDAFFE74FF0500080F31188BFF36F8FF7
:1043B000BFF34F8F0390FFE7FEE7FFE74EF60C5089
:1043C000CEF20000006800F4E06040F26461C2F2E6
:1043D0000001096888420BD9FFE74FF0500080F3D5
:1043E0001188BFF36F8FBFF34F8F0290FFE7FEE797
:1043F00004B070470000000080B584B00290002037
:1044000001900298E0B1FFE74EF6FC40C2F2024094
:10441000006858B1FFE74FF0500080F31188BFF3F8
:104420006F8FBFF34F8F0390FFE7FEE700F024FA92
:1044300002980021FFF7D0F800F08AFD019000E01B
:10444000FFE7019860B9FFE74EF60451CEF2000194
:104450004FF080500860BFF34F8FBFF36F8F00E0C5
:10446000FFE704B080BD000080B58AB006900591DA
:1044700000200290069858B9FFE74FF0500080F3F3
:104480001188BFF36F8FBFF34F8F0990FFE7FEE7EF
:10449000059858B9FFE74FF0500080F31188BFF33B
:1044A0006F8FBFF34F8F0890FFE7FEE74EF6FC409B
:1044B000C2F20240006858B1FFE74FF0500080F3AD
:1044C0001188BFF36F8FBFF34F8F0790FFE7FEE7B1
:1044D00000F0D2F940F2B070C2F200000068019022
:1044E000069800680599084404900198069909689F
:1044F000884210D2FFE7049806990968884208D2DA
:10450000FFE704980199884203D9FFE70120029050
:1045100000E0FFE70FE0049806990968884205D398
:10452000FFE704980199884203D9FFE70120029030
:1045300000E0FFE7FFE7049806990860029838B1A9
:10454000FFE704980199401A0021FFF745F800E0C1
:10455000FFE700F0FDFC0390039860B9FFE74EF61B
:104560000451CEF200014FF080500860BFF34F8F2E
:10457000BFF36F8F00E0FFE70AB080BD00000000CE
:1045800080B584B0029002980190029858B9FFE774
:104590004FF0500080F31188BFF36F8FBFF34F8F40
:1045A0000390FFE7FEE7019845F6BC41C2F20141E6
:1045B0000968884245D0FFE70198002841D0FFE70D
:1045C000FFF7F6FD0198FFF77FFBB0B3FFE7019817
:1045D0000430FFF72DFD0198C16A012000FA01F2B5
:1045E00040F2CC61C2F200010868104308600199F2
:1045F000C86A00EB800240F28C50C2F2000000EB6F
:1046000082000431FFF7A8FD0198C06A45F6BC415D
:10461000C2F201410968C96A88420CD3FFE74EF62D
:104620000451CEF200014FF080500860BFF34F8F6D
:10463000BFF36F8F00E0FFE700E0FFE7FFF7E4FD67
:1046400000E0FFE704B080BD80B58AB00020039091
:104650000690059006A805A904AAFFF70DFD039B87
:10466000049A0599DDF818C06846C0F808C0416092
:10467000036043F66110C0F6020047F2C731C0F68E
:10468000020100F05DFA01464EF63070C2F20240BF
:104690000160006818B1FFE70120079002E00020E8
:1046A0000790FFE70798012823D1FFE74FF050005C
:1046B00080F31188BFF36F8FBFF34F8F099040F2E3
:1046C0008471C2F200014FF0FF30086040F2907137
:1046D000C2F200010120086040F2B071C2F2000194
:1046E0000020086000F030F908B1FFE700E0FFE7C4
:1046F0000FE00798013058B9FFE74FF0500080F302
:104700001188BFF36F8FBFF34F8F0890FFE7FEE76D
:10471000FFE70AB080BD000080B584B00290FFF7CB
:1047200047FD029838B9FFE745F6BC40C2F20140A8
:104730000068009002E002980090FFE70098019066
:1047400001980430FFF774FCD0B9FFE70198C06A04
:1047500000EB800140F28C50C2F2000050F82100C2
:1047600068B9FFE70198C16A012000FA01F240F23E
:10477000CC61C2F20001086890430860FFE700E0E6
:10478000FFE70198806A28B1FFE701981830FFF72A
:104790004FFC00E0FFE70198011D40F29C70C2F25F
:1047A0000000FFF7D9FC019890F85000012805D1CE
:1047B000FFE70199002081F85000FFE7FFF724FD93
:1047C00040F29070C2F20000006838B1FFE7FFF7D6
:1047D000EFFCFFF72DFAFFF717FD00E0FFE7019868
:1047E00045F6BC41C2F20141096888423ED1FFE76B
:1047F00040F29070C2F200000068F0B1FFE74EF6A0
:10480000FC40C2F20240006858B1FFE74FF0500090
:1048100080F31188BFF36F8FBFF34F8F0390FFE7D3
:10482000FEE74EF60451CEF200014FF080500860D2
:10483000BFF34F8FBFF36F8F17E040F29C70C2F24F
:10484000000000684EF6F841C2F202410968884251
:1048500007D1FFE745F6BC41C2F2014100200860E4
:1048600002E000F011F8FFE7FFE700E0FFE704B027
:1048700080BD0000000000004EF6FC41C2F2024183
:10488000086801300860704785B04EF6FC40C2F2FF
:104890000240006838B1FFE74EF6BC71C2F2024137
:1048A000012008604DE04EF6BC71C2F202410020CA
:1048B000086040F2CC60C2F20000006804900498E6
:1048C000B0FA80F08DF80F009DF80F00C0F11F00C6
:1048D0000190019800EB800140F28C50C2F2000080
:1048E00050F8210058B9FFE74FF0500080F31188CD
:1048F000BFF36F8FBFF34F8F0290FFE7FEE7019882
:1049000000EB800140F28C50C2F2000000EB81000D
:1049100000900099486840684860009948680831EC
:10492000884205D1FFE70099486840684860FFE782
:1049300000984068C06845F6BC41C2F20141086079
:10494000FFE705B07047000080B588B04EF6005014
:10495000CEF2000000684CF27121C4F20F118842BF
:104960000BD1FFE74FF0500080F31188BFF36F8F3A
:10497000BFF34F8F0790FFE7FEE74EF60050CEF2F1
:10498000000000684CF27021C4F20F1188420BD174
:10499000FFE74FF0500080F31188BFF36F8FBFF334
:1049A0004F8F0690FFE7FEE74EF20040CEF2000088
:1049B000039001780491FF21017000788DF80B00BD
:1049C0009DF80B0000F050004EF2F651C2F2024189
:1049D000087040F26461C2F2000107200860FFE73E
:1049E0009DF80B00000600280DD5FFE740F264613A
:1049F000C2F200010868013808609DF80B00400011
:104A00008DF80B00ECE740F26460C2F20000006831
:104A100003280BD0FFE74FF0500080F31188BFF35D
:104A20006F8FBFF34F8F0590FFE7FEE740F26461A1
:104A3000C2F20001086800020860086800F4E06043
:104A4000086004984EF20041CEF2000108704EF664
:104A50002051CEF20001086840F470000860086838
:104A600040F070400860FFF75FFC40F2A041C2F2E6
:104A70000041002001900860FFF78EFB4EF6347174
:104A8000CEF20001086840F040400860FFF7BCF833
:104A9000FFF7FAFEFFF7F0F8019808B080BD0000BC
:104AA00070B58CB0DDF844C0DDF840C00B900A91C1
:104AB000ADF826200893BDF826008000FFF73CF9EA
:104AC0000590059880B1FFE75420FFF735F907906E
:104AD000079820B1FFE705980799086303E0059858
:104AE000FFF7BAFBFFE702E000200790FFE7079817
:104AF000F0B1FFE70798002680F851600B980A99FB
:104B0000BDF82620089BDDF840C0119C079DEE46AD
:104B1000CEF80C60CEF80850CEF80440CEF800C0B5
:104B2000FEF73AFF0798FEF7D3FD0120069003E059
:104B30004FF0FF300690FFE706980CB070BD000004
:104B4000B0B58EB0DDF850C0DDF84CC0DDF848C01F
:104B50000A90099108920793139858B9FFE74FF00C
:104B6000500080F31188BFF36F8FBFF34F8F0D900C
:104B7000FFE7FEE7149858B9FFE74FF0500080F3C5
:104B80001188BFF36F8FBFF34F8F0C90FFE7FEE7E5
:104B900054200490049854280BD0FFE74FF05000A5
:104BA00080F31188BFF36F8FBFF34F8F0B90FFE738
:104BB000FEE70498149820B3FFE7139808B3FFE7C3
:104BC000149806901398069908630699022081F8B4
:104BD00051000A980999089A079BDDF848C0069C7D
:104BE000EE460025CEF80C50CEF8084005ACCEF8C5
:104BF0000440CEF800C0FEF7CFFE0698FEF768FD31
:104C000002E000200590FFE705980EB0B0BD00005F
:104C100080B58CB0089007918DF81B20059301207A
:104C20000390089858B9FFE74FF0500080F31188BF
:104C3000BFF36F8FBFF34F8F0B90FFE7FEE708982E
:104C40000490FFF7B5FA059828B1FFE70498C06C07
:104C500005990860FFE7049890F850008DF80B0064
:104C60000499022081F850009DF81B000146019133
:104C7000042822D80199DFE801F01F03090E120071
:104C8000079A0499C86C1043C86427E00499C86C5B
:104C90000130C86422E007980499C8641EE09DF8BA
:104CA0000B00022804D0FFE707980499C86402E0CB
:104CB00000200390FFE711E010E00498C06C013081
:104CC00058B1FFE74FF0500080F31188BFF36F8FAA
:104CD000BFF34F8F0A90FFE7FEE7FFE79DF80B0059
:104CE000012845D1FFE704980430FFF7A1F90498A3
:104CF000C16A012000FA01F240F2CC61C2F2000167
:104D00000868104308600499C86A00EB800240F20A
:104D10008C50C2F2000000EB82000431FFF71CFA55
:104D20000498806A58B1FFE74FF0500080F3118873
:104D3000BFF36F8FBFF34F8F0990FFE7FEE7049833
:104D4000C06A45F6BC41C2F201410968C96A88429D
:104D50000CD9FFE74EF60451CEF200014FF080501F
:104D60000860BFF34F8FBFF36F8F00E0FFE700E0F5
:104D7000FFE7FFF749FA03980CB080BD0000000080
:104D800081B040F2B070C2F200000068009000985C
:104D900001B070470000000080B586B0002002908E
:104DA0004EF6FC40C2F202400068002840F0C58088
:104DB000FFE740F2B071C2F20001086801300190D3
:104DC00001980860019858BBFFE745F6C040C2F261
:104DD00001400068006858B1FFE74FF0500080F3D1
:104DE0001188BFF36F8FBFF34F8F0590FFE7FEE78A
:104DF00045F6C042C2F201421068009040F288516C
:104E0000C2F2000108681060009808604EF68C71CC
:104E1000C2F20241086801300860FEF709FF00E0B5
:104E2000FFE7019840F28471C2F2000109688842EC
:104E300062D3FFE7FFE745F6C040C2F201400068D9
:104E4000006840B9FFE740F28471C2F200014FF000
:104E5000FF3008604FE045F6C040C2F201400068F4
:104E6000C068C06804900498406803900198039952
:104E7000884207D2FFE7039840F28471C2F2000132
:104E8000086038E0FFE704980430FFF7D1F8049891
:104E9000806A28B1FFE704981830FFF7C9F800E0EE
:104EA000FFE70498C16A012000FA01F240F2CC61E8
:104EB000C2F200010868104308600499C86A00EB58
:104EC000800240F28C50C2F2000000EB82000431FC
:104ED000FFF742F90498C06A45F6BC41C2F20141AD
:104EE0000968C96A884203D3FFE70120029000E005
:104EF000FFE7FFE79FE7FFE745F6BC40C2F201404E
:104F00000068C06A00EB800140F28C50C2F20000E1
:104F100050F82100022803D3FFE70120029000E0AF
:104F2000FFE74EF6BC70C2F20240006818B1FFE71E
:104F30000120029000E0FFE707E040F28C71C2F22E
:104F40000001086801300860FFE7029806B080BDE4
:104F500080B584B00020029001904EF6FC40C2F271
:104F60000240006858B9FFE74FF0500080F3118805
:104F7000BFF36F8FBFF34F8F0390FFE7FEE7FFF79D
:104F800017F94EF6FC40C2F2024001680139016097
:104F90000068002840F09280FFE74EF6F840C2F229
:104FA00002400068002800F08880FFE7FFE74EF627
:104FB0009470C2F202400068E0B3FFE74EF69470CE
:104FC000C2F20240C068C068029002981830FFF731
:104FD0002FF802980430FFF72BF80298C16A0120DD
:104FE00000FA01F240F2CC61C2F2000108681043FD
:104FF00008600299C86A00EB800240F28C50C2F24D
:10500000000000EB82000431FFF7A6F80298C06AA6
:1050100045F6BC41C2F201410968C96A884207D31A
:10502000FFE74EF6BC71C2F202410120086000E0C9
:10503000FFE7BCE7029818B1FFE7FEF7F9FDFFE7CD
:1050400040F28C70C2F20000006800900098E0B15D
:10505000FFE7FFE7FFF7A0FE38B1FFE74EF6BC71B0
:10506000C2F202410120086000E0FFE70098013829
:105070000090FFE700980028ECD1FFE740F28C7128
:10508000C2F200010020086000E0FFE74EF6BC70AD
:10509000C2F20240006870B1FFE7012001904EF6B5
:1050A0000451CEF200014FF080500860BFF34F8FE3
:1050B000BFF36F8F00E0FFE7FFE700E0FFE7FFF7D8
:1050C000A3F8019804B080BD80B588B0039000209B
:1050D000029003980190039858B9FFE74FF05000F1
:1050E00080F31188BFF36F8FBFF34F8F0490FFE7FA
:1050F000FEE7FFF73DF9EFF311814FF0500080F329
:105100001188BFF36F8FBFF34F8F069105900698FC
:1051100000900198FEF7D8FD00283FD0FFE74EF63B
:10512000FC40C2F20240006868BBFFE70198C06A19
:1051300045F6BC41C2F201410968C96A884203D3FD
:10514000FFE70120029000E0FFE701980430FEF73E
:105150006FFF0198C16A012000FA01F240F2CC61B0
:10516000C2F200010868104308600199C86A00EBA8
:10517000800240F28C50C2F2000000EB8200043149
:10518000FEF7EAFF09E0019800F118014EF694706D
:10519000C2F20240FEF7E0FFFFE700E0FFE7009801
:1051A0000790079880F31188029808B080BD03B477
:1051B00001984100009850EAC12018BF04204A0D10
:1051C00018BF40F0010040F2FF72B2EB515F08BF20
:1051D00040F00200012808BF052002B070474100DE
:1051E000080218BF04200A0E18BF40F001004FF05B
:1051F0007F4232EA010108BF40F00200012808BFE7
:105200000520704710B54FF00E402DED028BB0EE2B
:10521000408A18EE104A00EB4400B0F1506F4AD8B3
:105220004FF0FC40B0EB440F22D2B0EEC80AF7EECC
:10523000000A30EEC00AF6EE000A60EE208A18EE90
:10524000900A00F063FF01EE100A14F0004F1DBF3A
:10525000DFED2D0A9FED2D0AB1EE411ADFED2C0A8C
:1052600008BF9FED2C0AF8EE001A21EE218A05E016
:10527000DFED290A68EE088AB0EE600A9FED271A72
:10528000DFED271A30EE080A48EE811A9FED251A45
:1052900008EEA11ADFED241A48EE811A9FED231AB9
:1052A00008EEA11A68EE281ABDEC028B01EE810A05
:1052B00030EE200A10BD4FF0E440B0EB440F0CD9A3
:1052C00018EE100AFFF78BFF042808BF00F00AFF52
:1052D000B0EE480ABDEC028B10BD4FF07F40B0EB42
:1052E000440F07D2B0EE480ABDEC028BBDE8104077
:1052F00000F0E2BE0120DBF7E9FABDEC028BBDE86D
:10530000104000F0DFBE00000000C9BF22AAFDB9B6
:105310000000C93F22AAFD390000000024FE1C3D08
:10532000C78AD83C1E67383D1B93993DAFAA2A3ED9
:1053300070B54FF068422DED048BF0EE408A18EE08
:10534000900AB0EE608A18EE101A02EB4003B3F137
:10535000654F3CBF02EB4102B2F1654F7DD200BF09
:10536000C0F3C753C1F3C7529A1A1B2A09DD10F0C4
:10537000004F14BF9FED830A9FED830ABDEC048BA1
:1053800070BD12F11A0F36DA11F0004F09D010F08B
:10539000004F0CBF9FED7D0A9FED7D0ABDEC048B95
:1053A00070BD88EE889A19EE100AFFF718FF0428DE
:1053B00008BF00F097FE18EE900AFFF710FF0546B1
:1053C00018EE100AFFF70BFF044619EE100AFFF75C
:1053D00006FF042D18BF052D08D1042C18BF052C7D
:1053E00004D1002804BF0220DBF770FAB0EE490AAE
:1053F000BDEC048B70BD4200B2EB410F3AD910F006
:10540000004F19BFDFED630A9FED630ADFED630A0A
:105410009FED630AB0EE481A0A46B1EE688A80F042
:105420000041F0EE418A10460A1A5200B2F1807F24
:1054300034D2484010F0004FDFED5A1A9FED5A2A3F
:105440001DBFBEEE001A70EEE10A30EE420AB6EE63
:10545000001A08BF70EEA10A00E040E008BF30EE7D
:10546000020AB0EE682A01EE482A08EE818AC2EEEE
:10547000081A15E011F0004F04BF9FED4C0AF0EE42
:10548000400AD1D010F0004F19BFDFED490A9FED5F
:10549000490ADFED490A9FED490AC5E7C8EE881AB7
:1054A00021EEA11A9FED462ADFED462A41EE022A9F
:1054B0009FED452A01EE222ADFED442A41EE022A21
:1054C0009FED432ABDEC048B01EE222A21EE811AC6
:1054D00001EE020A30EE210A30EE200A70BD4FF0D4
:1054E0007F42B2EB400F28BFB2EB410F09D2F0EE82
:1054F000480AB0EE680ABDEC048BBDE8704000F0CD
:10550000DEBD40EA01035B0008BF41F0FF410BD064
:10551000B2EB400F08BFB2EB410F08D120F0804042
:1055200008EE900A21F0804108EE101A18E7B2EB5D
:10553000400F12BF5FEA410340F0FF4001F000411D
:105540003FF40EAFB2EB410F12BF5FEA400200F032
:10555000004041F0FF413FF403AF4A0092EA4003AC
:105560003FF5FEAE002AACBF9FED1A0A9FED1A0A66
:1055700068EE808A28EE008A18EE900A18EE101A5B
:10558000EEE60000DB0FC9BFDB0FC93FDB0F494070
:10559000DB0F49C00000C9BF22AAFDB90000C93F06
:1055A00022AAFD390060ED3EC30ACE37000000009C
:1055B000000049C022AA7DBA0000494022AA7D3AD3
:1055C0002DAD65BD8FB8D53D0FB511BE61C84C3E40
:1055D000A8AAAABE0000804F0000802F0000000093
:1055E00010B529499FED261B2DED020B84B00598BF
:1055F00020F000408842D8BF9DED040B2DDD2349EB
:10560000884209D1049840B94FF00100DBF75EF9F8
:1056100000F03AFD06B010BD05DB9DED040B30EE49
:10562000000B06B010BD68469DED040B00F0C8F9F4
:1056300010F0030004BF9DED021B9DED000B0CD08C
:1056400001280ED09DED021B9DED000B022810D00D
:10565000012000F0D5FB06B010BD00F035FB06B010
:1056600010BD9DED021B9DED000B012000F0C8FB5D
:1056700001E000F029FBB1EE400B06B010BD0000C8
:105680000000000000000000FB21E93F0000F07F67
:1056900070B510EE100A2DED028B20F0004510EED3
:1056A000900A20F00044AC4202DD2846254604461C
:1056B00008EE105A08EE904A281BB0F1686FC2BF7E
:1056C00038EE280ABDEC028B70BD0026B5F1BC4F48
:1056D00029DDB5F1FF4F1DDBF0EE680AB0EE480A98
:1056E00030EE200A6FF0FF4057492A188A4227BF40
:1056F00020448842BDEC028B70BD6802400A08BF9E
:10570000B0EE480AB4F1FF4F08BFB0EE680ABDEC36
:10571000028B70BDA5F12055A4F1205408EE105A5B
:1057200008EE904A5026B4F1185F15DAB4F5000F70
:1057300009DA002C7ED09FED450A783E68EE808A1B
:1057400028EE008A08E005F1205104F1205008EE0F
:10575000101A08EE900A503E38EE681AF4EEC18A2C
:10576000F1EE10FA18D218EE100A68EEE80A00F509
:1057700000606FF30B0000EE100A38EE401A78EE6E
:10578000001A41EE610A50EE000A10EE900A00F095
:10579000BDFC00EE100A29E018EE900A38EE080A67
:1057A000F0EE002A00F500606FF30B0000EE900AA7
:1057B00010EE100A38EEE02A00F500606FF30B00DF
:1057C00001EE900A61EEA21A30EE610A21EE822A01
:1057D00000EE282A21EE410A30EE420A11EEA00A1C
:1057E00010EE100A00F092FC00EE100A002E04BF2A
:1057F000BDEC028B70BDF7EE000A10EE100A06EB4E
:10580000D050FF2808DB0220DBF760F8BDEC028BEC
:10581000BDE8704000F05EBC10EE900A00EBC65090
:1058200000EE900A20EE808A18EE100AFFF7D7FCEF
:10583000042800E002E008BF00F054FCB0EE480A83
:10584000BDEC028B70BD0000FFFF3F000000807BBD
:1058500010B529499FED261B2DED020B84B005984C
:1058600020F000408842DCBF00209DED040B2EDDBF
:105870002249884209D1049840B94FF00100DBF772
:1058800025F800F001FC06B010BD05DB9DED040B12
:1058900030EE000B06B010BD68469DED040B00F025
:1058A0008FF810F003000DD0012814D09DED021BDD
:1058B0009DED000B022816D000F006FAB1EE400B69
:1058C00006B010BD9DED021B9DED000B012000F008
:1058D00097FA06B010BD9DED021B9DED000B00F088
:1058E000F3F906B010BD012000F08AFAE6E70000E7
:1058F0000000000000000000FB21E93F0000F07FF5
:1059000010B52DED028BB1EEC08A18EE100A20F012
:105910000040C0F1FF40C00F0AD010EE100A20F086
:105920000040C0F1FF40C00F04BF0120DAF7CEFFF6
:10593000B0EE480ABDEC028B10BD00000000000074
:1059400010B51D499FED1A1B2DED020B84B0059873
:1059500020F000408842DCBF01209DED040B21DDDA
:105960001649884209D1049840B94FF00100DAF78E
:10597000ADFF00F089FB06B010BD05DB9DED040B0B
:1059800030EE000B06B010BD68469DED040B00F034
:1059900017F800F001000121A1EB40009DED021B72
:1059A0009DED000B00F07CFA06B010BD0000000079
:1059B0000000000000000000FB21E93F0000F07F34
:1059C0002DE9F14F04462DED020B2DED048B94B023
:1059D0009FED9D0B80ED020B199E9D4826F0004522
:1059E00085420ADC9DED180B002084ED000B14B0FD
:1059F000BDEC048B03B0BDE8F08F96489FED969BFD
:105A00009FED978BA84225DD97489FED991B9FED51
:105A10009A2B9DED180B002E0DDD30EE490B8542C3
:105A200012BF30EE480B30EE410B30EE420B84EDEE
:105A3000000B0120DBE730EE090B854212BF30EE90
:105A4000080B30EE010B30EE020B84ED000B4FF033
:105A5000FF30CCE78A48A84253DB9DED180B51EC90
:105A6000100B00F047FB41EC100BB0EE401B9FED1C
:105A7000862BB6EE000B01EE020BFDEEC00B10EE16
:105A8000903A00EE903AB8EEE02BB0EE410B02EE09
:105A9000490B22EE081BDFF8F8C1290D0120FC4458
:105AA00030EE411B84ED001B03281DD011EE902A1F
:105AB00000EB4015113DC2F30A528A1A954213DADF
:105AC000B0EE403B0CEB001292ED000B20EE021BFF
:105AD00033EE410B33EE403B33EE411B92ED023B84
:105AE00012EE031B401CDBE7002EA8BF1846BFF6D2
:105AF0007EAF94ED000BB1EE400B84ED000B5842ED
:105B000075E7C6F3130040F4801EC6F30A50A0F2F6
:105B1000F530471100F01F05C5F12000DDF860B039
:105B2000139000200890099005200DF1080C5949A8
:105B3000002D07EB0002794408BF51F8221009D06C
:105B400051F8223001EB8201AB404A68139922FAE6
:105B500001F11943A1FB0E26A1FB0B131A449A4233
:105B600034BF0123002303EB06080CEB8003D3E9C9
:105B700001A60E448E4234BF0121002192448A4482
:105B800011B1924502D903E0924501D2012100E012
:105B90000021C3E901A641444CF82010011EA0F1E8
:105BA0000100C4DC04989DED050A00F10050810F4E
:105BB0000498DDED060A80009DED072A01EE100A2B
:105BC000B8EEC13BB8EE401B9FED334B21EE041BFA
:105BD000B8EE600B9FED324B20EE040BB8EE422B7B
:105BE0009FED314B22EE042B30EE024B34EE014B95
:105BF00034EE034B8DED004B002000909DED004BEB
:105C000034EE433B33EE411B31EE400B32EE401B92
:105C10009DED000B9FED262B20EE020B9FED262B1A
:105C200001EE020B9DED001B9FED252B01EE020BFB
:105C3000199810F0004F1CBF4942B1EE400B84EDA3
:105C4000000B0846D3E60000000000000000000042
:105C5000FB21E93F7CD9024000004054FB21F93F81
:105C60003163621A61B4D03DFB21F93F00000000AE
:105C70000000601A61B4D03D7370032E8A19A33BF3
:105C8000FB2139410000000083C8C96D305FE43F4B
:105C9000EE06000086060000000000000000103E36
:105CA000000000000000103C000000000000103A5E
:105CB0003326A611460B113C182D4454FB21F93D07
:105CC00000000054FB21F93D10B52DED040B2DED26
:105CD000048B82B0B0EE419B079820F00044B4F1F1
:105CE000795F0FDA9DED060BBDEEC00B10EE100ACA
:105CF000002801BFB7EE000B02B0BDEC048B04B06E
:105D000008BF10BD9DED060B20EE008BB0EE480BDA
:105D10001B480621784400F039F820EE080B28EEE5
:105D2000000B9DED061B01EE490BB6EE001B28EEA5
:105D3000011B1448B7EE002B8442BCBF31EE400B70
:105D400032EE400B16DB1048A042BCBFB5EE023B62
:105D50008DED003B06DBA4F50010019000200090C3
:105D60009DED003B31EE431B32EE432B31EE400BF9
:105D700032EE400B02B0BDEC048B04B010BD00004D
:105D8000480400003333D33F0000E93FB0EE401B2E
:105D9000491E00EBC10292ED000B31F006020DD05E
:105DA000491E00EBC10292ED002BB0EE403BB0EE7D
:105DB000420B03EE010B31F00602F1D1022914D09F
:105DC00004290AD0062918BF704790ED0A2B00EE6F
:105DD000012B90ED080B02EE010B90ED062B00EE6F
:105DE000012B90ED040B02EE010B90ED022B00EE67
:105DF000012B90ED000B02EE010B7047000000003C
:105E000031B504462DED040B2DED068BB0EE419B14
:105E100007989DED060B20F00040B0F1795F0DDA98
:105E200051EC100BFFF7C3F9042808BF00F038F954
:105E30009DED060BBDEC068B05B030BD20EE008B52
:105E400028EE00ABB0EE480B114805217844FFF76F
:105E50009DFF9FED111B8CB1B6EE002B29EE022B9E
:105E60000AEE402B18EE029B0AEE419B9DED060BBD
:105E700030EE490BBDEC068B05B030BD08EE001BC3
:105E80009DED060B0AEE010BBDEC068B05B030BD97
:105E90001004000000000000495555555555C5BF78
:105EA000F1B505462DED040B2DED0A8B84B0B0EE57
:105EB000418B0F9E684826F00044B7EE009BBFEE72
:105EC00000AB844207DA9DED0E0BBDEEC00B10EE69
:105ED000100A00287BD0614FA7421DDC002E07DA94
:105EE0009DED0E0BB1EE400B8DED0E0BB1EE488B20
:105EF0009DED0E0B9FED5A1B31EE400B8DED000B0F
:105F00009FED590B30EE480B9DED001B31EE000B61
:105F10008DED0E0B9FED568B9DED0E0B20EE000BC5
:105F20008DED000B20EE00CBB0EE4C0B524806215D
:105F30007844FFF72BFFB0EE40BBB0EE4C0B4F4860
:105F400006217844FFF722FF9DED001B20EE012B78
:105F50009DED000B9DED0E1B20EE011B3BEE022B79
:105F6000B0EE480B01EE020B9DED002B02EE008B14
:105F70009FED430B01EE008B9DED0E0B30EE080BF9
:105F8000A74248DC01EE105AB8EEC11B20EE002BF0
:105F900030EE013B82EE030B30EE480B9DED0E2BF5
:105FA00032EE400BB0EE002B00EE421B022000EA66
:105FB000A670C0F1010000EE100AB8EEC00B21EE91
:105FC000000B04B0BDEC0A8B05B0F0BDFFE7691C07
:105FD0000E982143084306D0012D0FD09DED0E1BD6
:105FE0008AEE010BEDE79DED0E0B51EC100B00F06E
:105FF00081F841EC110B89EE010BE2E79DED0E0BF0
:1060000051EC100BFFF7D3F8042808BF00F048F854
:106010009DED0E0BD5E7012DD3D08DED000B0020AB
:1060200000909DED001B9DED0E2B31EE421B38EED6
:10603000411B8AEE002B8DED022B02909DED020B91
:106040009DED003B00EE039B00EE019B02EE090B71
:10605000B7E70000000000000000303E2894E53F54
:10606000182D4454FB21E93F075C143326A6813CDC
:106070000000000000000000540300007203000054
:10608000635555555555D53F9FED031B81EE010BCB
:106090007047000000000000000000000000000049
:1060A0009FED030B20EE000B704700000000000086
:1060B000000000000000001030EE000A704730EED3
:1060C000200A7047DFED020A80EEA00A7047000048
:1060D000000000009FED020A20EE000A7047000059
:1060E000000000709FED020A20EE000A70470000D9
:1060F0000000001082B0CDE9000121F000400190C5
:106100009DED000B02B051EC100B704710B500EE86
:10611000100A2DED028BB1EEC08A18EE100A20F0A5
:106120000040C0F1FF40C00F0AD010EE100A20F06E
:106130000040C0F1FF40C00F04BF0120DAF7C6FBEA
:1061400018EE100ABDEC028B10BDF1EE100A4FF6EE
:10615000FF71C0F2C03120EA0100E1EE100A704781
:106160004C5555555555A53F7751C1166CC156BF75
:106170009015CB19A001FA3EAD529C804F7E92BE85
:10618000C4B1B4BD9EEE213ED43888BEE9FAA8BDA4
:1061900000004054FB21F93F3163621A61B4D03DE5
:1061A0000000601A61B4D03D7370032E8A19A33BBE
:1061B0000000002E8A19A33BC14920259A837B3910
:1061C00000000000000000006E83F9A22915444E73
:1061D000D15727FCC0DD34F5999562DB4190433CF3
:1061E000AB6351FE61C5BBDE3A6E24B7E0D24D42CF
:1061F000EA2E49061C92D1091CEB1DFE3EA729B1CF
:10620000F53582E88444BB2E26709CE9417E5FB45C
:1062100039D69139F43953838B5F849C3B28F9BD7F
:10622000FF97F81F0F9805DE8B112FEF1F6D0A5A8D
:10623000CF7E366DB709CB27663F464F2DEA5F9E6E
:10624000C7BA27757BF1E5EBF739073DEA92528A29
:10625000B15FFB6B085D8D1F4630035600000000E8
:10626000A6F810111111813FD561C119A0012ABFF3
:106270007DFEB157E31DC73EEB9C2B8AE6E55ABE77
:106280007CD5CF5A3AD9E53D7AFE10111111C13FA4
:1062900037D60684F464963F280356C9226D6D3FB5
:1062A0000165F2F2D844433FA69237A0887E143F9E
:1062B000735360DBCB75F3BEFE41B31BBAA1AB3F9A
:1062C00093846EE9E326823F1583E0FEC8DB573FE7
:1062D00068108D1AF726303FE9A7F0320FB8123F49
:1062E000D47ABF74702AFB3E00000000000000005A
:1062F000000000000000000000000000010000009D
:106300000200000003000000040000000000000084
:106310000500000000000000000000000000000078
:106320000600000000000000000000000000000067
:106330000700000023730208212E0108000000005E
:10634000000000000001000000000000000000004C
:106350007D730208492E01080000000000000000C3
:106360000001000000000000000000005F73020850
:10637000692E01080000000000000000000100007C
:10638000000000000000000038730208892E010898
:10639000030000000000000080000000000000007A
:1063A0000000000076730208D12F010800000000F1
:1063B00000000000000100000000000000000000DC
:1063C000F2720208F12F0108000000000000000036
:1063D0000008000000000000000000000173020837
:1063E000093001080000000000000000000100006A
:1063F0000000000000000000EA72020819300108E5
:10640000FFFF00000000000080000000000000000E
:106410000000000042730208513001080000000033
:10642000000000000002000000000000000000006A
:106430004C730208510B000801000000000000002E
:10644000000300000000000000000000E0720208ED
:10645000312E0108020000000000000000020000D0
:106460000000000000000000FA72020881300108FC
:10647000010000000000000000010000000000001A
:10648000000000002C7302086932010800000000BF
:1064900000000000000100000000000000000000FB
:1064A00016730208A9320108000000000000000075
:1064B0008000000000000000000000000B730208D4
:1064C000B9320108000000000000000000020000D6
:1064D00000000000000000006A730208E1460108A5
:1064E00000000000000000000002000000000000AA
:1064F0000000000000000000010203040102030488
:10650000060708090001020304050607080C101419
:106510001820304000061016000610160000803FBC
:10652000000000000000000000000000000000006B
:1065300000000000000000000000803F000000009C
:10654000000000000000000000000000000000004B
:10655000000000000000803F00000000000000007C
:10656000000000000000000000000000000000002B
:106570000000803F0000000000000000000000005C
:106580000000000000000000000000000000803F4C
:1065900000000000000000000000000000000000FB
:1065A00000000000000000000000803F00000743E2
:1065B0000000344200003442000007430804020493
:1065C00008010101010101030701000001000200AF
:1065D0000400060008000A000C0010002000400023
:1065E00080000001000000000000000011C601084A
:1065F000F1C5010891F40108C1F4010869F401082A
:10660000A1F4010881F40108F9F30108B9C50108F2
:10661000D9F4010859F4010800000000000000004E
:1066200099CF010879CF010891F40108C1F401085C
:1066300069F4010839CE010821CE0108F9F30108F7
:1066400051CE0108D9CE010859F40108000000001C
:1066500000000000E9D00108C9D00108D1CF01082D
:10666000C1F4010869F40108A1F4010881F40108EA
:10667000F9F3010851D00108D9F4010859F40108CF
:10668000000000000000000069D1010849D10108A4
:1066900091F40108C1F4010869F40108A1F40108AA
:1066A00081F40108F9F3010811D10108D9F40108B6
:1066B00059F40108000000000000000081D4010826
:1066C00061D40108B1D10108C1F4010869F40108DD
:1066D000A1F4010881F40108F9F30108C1D301080C
:1066E000D9F4010859F4010800000000000000007E
:1066F00089D5010869D5010891F40108C1F40108A0
:1067000069F40108A1F4010881F40108F9F3010812
:10671000C1D40108F1D4010859F4010800000000B7
:1067200000000000F9D60108D9D60108D1D501082A
:10673000C1F4010869F40108A1F4010881F4010819
:10674000F9F3010841D60108D9F4010859F4010808
:106750000000000000000000B9DA010899DA010821
:10676000A9D80108C1F4010869F40108A1F40108DD
:1067700081F40108F9F3010819DA0108D9F40108D4
:1067800059F401080000000000000000D9DB0108F6
:10679000B9DB010891F40108C1F4010869F40108AA
:1067A000A1F4010881F40108F9F3010801DB0108F3
:1067B00051DB010859F4010800000000000000004E
:1067C00019E20108F9E1010891F4010801DF01086B
:1067D00069F40108A1F4010881F40108F9F3010842
:1067E00019DC010841DF010859F40108000000002C
:1067F0000000000039E3010819E3010891F40108E1
:10680000C1F4010869F40108A1F4010881F4010848
:10681000F9F3010831E20108D9F4010859F401083B
:10682000000000000000000059E4010839E40108FC
:1068300091F40108C1F4010869F40108A1F4010808
:1068400081F40108F9F3010871E30108D9F40108A2
:1068500059F40108000000000000000079E501087B
:1068600059E5010871E40108C1F4010869F401085F
:10687000A1F4010881F40108F9F3010809E5010810
:10688000D9F4010859F401080000000000000000DC
:10689000A9E8010889E8010891F40108B1E70108B5
:1068A00069F40108A1F4010881F40108F9F3010871
:1068B000F1E60108E1E7010859F4010800000000D1
:1068C00000000000D9E90108B9E9010891F40108C4
:1068D000C1F4010869F40108A1F4010881F4010878
:1068E000F9F30108C1E80108D9F4010859F40108D5
:1068F000000000000000000051EC010831EC01082C
:1069000091F40108C1F4010869F40108A1F4010837
:1069100081F40108F9F3010849EA0108D9F40108F2
:1069200059F40108000000000000000021ED0108FA
:1069300001ED010891F40108C1F4010869F40108AE
:10694000A1F4010881F40108F9F3010869EC0108D8
:10695000D9F4010859F4010800000000000000000B
:10696000F1EE0108D1EE010891F40108C1F401082B
:1069700069F40108A1F4010881F40108F9F30108A0
:1069800049ED0108D9F4010859F40108000000009C
:106990000000000029EF010821EF0108212502086D
:1069A000000000000000000079EF010859EF010825
:1069B00019180208000000000000000009F1010899
:1069C000E9F0010891EF010889F00108B9EF010829
:1069D00039F001080000000000000000A1F10108EA
:1069E00081F1010821F1010841F1010800000000D6
:1069F00000000000F9F10108D9F101082918020886
:106A0000000000000000000031F2010829F2010836
:106A100021250208000000000000000041F50108E7
:106A200039F5010891F40108C1F4010869F401087D
:106A3000A1F4010881F40108F9F3010821250208F5
:106A4000D9F4010859F4010800000000000000001A
:106A5000610C0208590C02082125020821250208B0
:106A600000000000000000003112020811120208AC
:106A700091F40108E110020869F40108A1F4010889
:106A800081F40108F9F301080110020861110208FC
:106A900059F401080000000000000000E914020899
:106AA000E1140208212502082125020821250208F7
:106AB00021250208000000000100803FC90CC0B77A
:106AC000E565AABE435690BB3C695D3EEBFCA9BCA4
:106AD00008B732BEE745093EA59204BD000000009C
:106AE000920E493CB10AC93C2BC3163D2EFB483DD2
:106AF000752B7B3D04A9963D80B6AF3D36BDC83DA4
:106B00002FBCE13D73B2FA3D87CF093E8340163E6C
:106B1000B5AB223EA2102F3ECF6E3B3EC2C5473ED4
:106B20000115543E135C603E7F9A6C3ECCCF783E9C
:106B3000C07D823E938E883E229A8E3E32A0943E45
:106B400086A09A3EE59AA03E128FA63ED47CAC3E2B
:106B5000EF63B23E2A44B83E491DBE3E15EFC33E28
:106B600053B9C93ECA7BCF3E4136D53E80E8DA3EB6
:106B70004F92E03E7533E63EBBCBEB3EEA5AF13E28
:106B8000CBE0F63E275DFC3EE4E7003F3D9C033F43
:106B9000824B063F9BF5083F6B9A0B3FDA390E3F5D
:106BA000CDD3103F2A68133FD9F6153FC07F183F59
:106BB000C6021B3FD17F1D3FCBF61F3F9967223F87
:106BC00025D2243F5636273F1594293F4AEB2B3FC9
:106BD000DE3B2E3FBB85303FC9C8323FF304353F13
:106BE000233A373F4268393F3B8F3B3FF9AE3D3F49
:106BF00067C73F3F70D8413F01E2433F03E4453F51
:106C000065DE473F12D1493FF8BB4B3F029F4D3FE6
:106C1000207A4F3F3D4D513F4918533F31DB543FA0
:106C2000E595563F5348583F6AF2593F1A945B3FE7
:106C3000532D5D3F05BE5E3F2146603F97C5613FD6
:106C40005A3C633F59AA643F880F663FD86B673F41
:106C50003CBF683FA7096A3F0C4B6B3F5E836C3FAC
:106C600093B26D3F9ED86E3F73F56F3F0809713F39
:106C70005213723F4714733FDD0B743F0BFA743F9E
:106C8000C6DE753F07BA763FC58B773FF853783F2E
:106C90009812793F9DC7793F02737A3FBE147B3FBC
:106CA000CDAC7B3F283B7C3FC9BF7C3FAC3A7D3FAE
:106CB000CCAB7D3F23137E3FB0707E3F6DC47E3FE3
:106CC000580E7F3F6D4E7F3FAB847F3F0FB17F3FBC
:106CD00097D37F3F43EC7F3F11FB7F3F0000803F16
:106CE00011FB7F3F43EC7F3F97D37F3F0FB17F3F47
:106CF000AB847F3F6D4E7F3F580E7F3F6DC47E3F1C
:106D0000B0707E3F23137E3FCCAB7D3FAC3A7D3FDE
:106D1000C9BF7C3F283B7C3FCDAC7B3FBE147B3F53
:106D200002737A3F9DC7793F9812793FF853783FB5
:106D3000C58B773F07BA763FC6DE753F0BFA743FC7
:106D4000DD0B743F4714733F5213723F0809713FC4
:106D500073F56F3F9ED86E3F93B26D3F5E836C3F7D
:106D60000C4B6B3FA7096A3F3CBF683FD86B673F3E
:106D7000880F663F59AA643F5A3C633F97C5613FFD
:106D80002146603F05BE5E3F532D5D3F1A945B3F39
:106D90006AF2593F5348583FE595563F31DB543F1F
:106DA0004918533F3D4D513F207A4F3F029F4D3F81
:106DB000F8BB4B3F12D1493F65DE473F03E4453FF7
:106DC00001E2433F70D8413F67C73F3FF9AE3D3FC7
:106DD0003B8F3B3F4268393F233A373FF304353F0F
:106DE000C9C8323FBB85303FDE3B2E3F4AEB2B3FCD
:106DF0001594293F5636273F25D2243F9967223FD5
:106E0000CBF61F3FD17F1D3FC6021B3FC07F183FFF
:106E1000D9F6153F2A68133FCDD3103FDA390E3F1C
:106E20006B9A0B3F9BF5083F824B063F3D9C033F0F
:106E3000E4E7003F275DFC3ECBE0F63EEA5AF13E38
:106E4000BBCBEB3E7533E63E4F92E03E80E8DA3E48
:106E50004136D53ECA7BCF3E53B9C93E15EFC33E3E
:106E6000491DBE3E2A44B83EEF63B23ED47CAC3EE0
:106E7000128FA63EE59AA03E86A09A3E32A0943E8E
:106E8000229A8E3E938E883EC07D823ECCCF783E45
:106E90007F9A6C3E135C603E0115543EC2C5473E6E
:106EA000CF6E3B3EA2102F3EB5AB223E8340163E36
:106EB00087CF093E73B2FA3D2FBCE13D36BDC83DD8
:106EC00080B6AF3D04A9963D752B7B3D2EFB483D1A
:106ED0002BC3163DB10AC93C920E493C000000008C
:106EE000920E49BCB10AC9BC2BC316BD2EFB48BDCE
:106EF000752B7BBD04A996BD80B6AFBD36BDC8BDA0
:106F00002FBCE1BD73B2FABD87CF09BE834016BE68
:106F1000B5AB22BEA2102FBECF6E3BBEC2C547BED0
:106F2000011554BE135C60BE7F9A6CBECCCF78BE98
:106F3000C07D82BE938E88BE229A8EBE32A094BE41
:106F400086A09ABEE59AA0BE128FA6BED47CACBE27
:106F5000EF63B2BE2A44B8BE491DBEBE15EFC3BE24
:106F600053B9C9BECA7BCFBE4136D5BE80E8DABEB2
:106F70004F92E0BE7533E6BEBBCBEBBEEA5AF1BE24
:106F8000CBE0F6BE275DFCBEE4E700BF3D9C03BF3F
:106F9000824B06BF9BF508BF6B9A0BBFDA390EBF59
:106FA000CDD310BF2A6813BFD9F615BFC07F18BF55
:106FB000C6021BBFD17F1DBFCBF61FBF996722BF83
:106FC00025D224BF563627BF159429BF4AEB2BBFC5
:106FD000DE3B2EBFBB8530BFC9C832BFF30435BF0F
:106FE000233A37BF426839BF3B8F3BBFF9AE3DBF45
:106FF00067C73FBF70D841BF01E243BF03E445BF4D
:1070000065DE47BF12D149BFF8BB4BBF029F4DBFE2
:10701000207A4FBF3D4D51BF491853BF31DB54BF9C
:10702000E59556BF534858BF6AF259BF1A945BBFE3
:10703000532D5DBF05BE5EBF214660BF97C561BFD2
:107040005A3C63BF59AA64BF880F66BFD86B67BF3D
:107050003CBF68BFA7096ABF0C4B6BBF5E836CBFA8
:1070600093B26DBF9ED86EBF73F56FBF080971BF35
:10707000521372BF471473BFDD0B74BF0BFA74BF9A
:10708000C6DE75BF07BA76BFC58B77BFF85378BF2A
:10709000981279BF9DC779BF02737ABFBE147BBFB8
:1070A000CDAC7BBF283B7CBFC9BF7CBFAC3A7DBFAA
:1070B000CCAB7DBF23137EBFB0707EBF6DC47EBFDF
:1070C000580E7FBF6D4E7FBFAB847FBF0FB17FBFB8
:1070D00097D37FBF43EC7FBF11FB7FBF000080BF12
:1070E00011FB7FBF43EC7FBF97D37FBF0FB17FBF43
:1070F000AB847FBF6D4E7FBF580E7FBF6DC47EBF18
:10710000B0707EBF23137EBFCCAB7DBFAC3A7DBFDA
:10711000C9BF7CBF283B7CBFCDAC7BBFBE147BBF4F
:1071200002737ABF9DC779BF981279BFF85378BFB1
:10713000C58B77BF07BA76BFC6DE75BF0BFA74BFC3
:10714000DD0B74BF471473BF521372BF080971BFC0
:1071500073F56FBF9ED86EBF93B26DBF5E836CBF79
:107160000C4B6BBFA7096ABF3CBF68BFD86B67BF3A
:10717000880F66BF59AA64BF5A3C63BF97C561BFF9
:10718000214660BF05BE5EBF532D5DBF1A945BBF35
:107190006AF259BF534858BFE59556BF31DB54BF1B
:1071A000491853BF3D4D51BF207A4FBF029F4DBF7D
:1071B000F8BB4BBF12D149BF65DE47BF03E445BFF3
:1071C00001E243BF70D841BF67C73FBFF9AE3DBFC3
:1071D0003B8F3BBF426839BF233A37BFF30435BF0B
:1071E000C9C832BFBB8530BFDE3B2EBF4AEB2BBFC9
:1071F000159429BF563627BF25D224BF996722BFD1
:10720000CBF61FBFD17F1DBFC6021BBFC07F18BFFB
:10721000D9F615BF2A6813BFCDD310BFDA390EBF18
:107220006B9A0BBF9BF508BF824B06BF3D9C03BF0B
:10723000E4E700BF275DFCBECBE0F6BEEA5AF1BE34
:10724000BBCBEBBE7533E6BE4F92E0BE80E8DABE44
:107250004136D5BECA7BCFBE53B9C9BE15EFC3BE3A
:10726000491DBEBE2A44B8BEEF63B2BED47CACBEDC
:10727000128FA6BEE59AA0BE86A09ABE32A094BE8A
:10728000229A8EBE938E88BEC07D82BECCCF78BE41
:107290007F9A6CBE135C60BE011554BEC2C547BE6A
:1072A000CF6E3BBEA2102FBEB5AB22BE834016BE32
:1072B00087CF09BE73B2FABD2FBCE1BD36BDC8BDD4
:1072C00080B6AFBD04A996BD752B7BBD2EFB48BD16
:1072D0002BC316BDB10AC9BC920E49BC0000008088
:1072E00052533438355461736B004C4544546173C8
:1072F0006B00494D555461736B0052635461736B5D
:10730000004A756467655461736B00566973696FF1
:107310006E5461736B005375706572436170546194
:10732000736B00426565705461736B0053686F6FD7
:107330007465725461736B004572726F725461733D
:107340006B004D6F746F725461736B00506C756796
:10735000696E4578656375746F725461736B004430
:1073600065746563745461736B0064656661756C04
:10737000745461736B0047696D62616C00436861AE
:10738000737369730043444320496E746572666188
:1073900063650043444320436F6E6669670053543E
:1073A0004D6963726F656C656374726F6E69637348
:1073B0000053544D3332205669727475616C20430A
:1073C0006F6D506F72740049444C45005F5F637885
:1073D000615F67756172645F616371756972652071
:1073E000646574656374656420726563757273693E
:1073F000766520696E697469616C697A6174696F18
:107400006E3A20646F20796F75206861766520611F
:107410002066756E6374696F6E2D6C6F63616C208E
:10742000737461746963207661726961626C65204E
:1074300077686F736520696E697469616C697A61D8
:1074400074696F6E20646570656E6473206F6E2062
:10745000746861742066756E6374696F6E3F0000B6
:10746000A874020800000020680000008C030008D7
:107470002075020800000024C0040000300300084A
:1074800010750208680000204C070000AC030008DB
:1074900018760208C004002400030300AC030008AF
:1074A000614DFFFF000000000000000058A08B3A73
:1074B000010100000090D0030A0600020000004015
:1074C0000100000069180008611800080118000890
:1074D000A1180008E11800081A03000000000000CD
:1074E000000000000000000000000000000000009C
:1074F00000000000000020410F0008108209110068
:107500000A15800B16000C18010D00000000000089
:10751000000000000000000000000000000000006B
:1075200001A427E7416B3A82811E318F0108A10433
:107530001AC1041AE904180A39900108E18E0108F9
:10754000510C5108081250C347CDCCCC3D0409530F
:107550001C110B1AC8421C111E90D0039181B04E11
:107560007E0108F184A41FB17F0108597DB419146C
:10757000C11EB180010841041A21301A29081409DA
:10758000024313020125C03209041B01020B13053B
:107590002416100105240110090104240202052407
:1075A0000617010705820308151009040133020AB2
:1075B0002E0705010240072A8107111A121713022C
:1075C000021E40830440574D240203011E04030998
:1075D00004FF010186091E88095E200958500A230C
:1075E000012E0949C0297131021307091214019AA9
:1075F00023803F2BA0C0CF32101AAA01157D0401B1
:107600007C160240AB03413F055308065804D143A2
:087610007042000000000000C0
:04000005080002CD20
:00000001FF
